<?xml version="1.0" encoding="UTF-8"?>
<document id="DDI-DrugBank.d299">
    <sentence id="DDI-DrugBank.d299.s0" text="Ergot-Containing Drugs: These drugs have been reported to cause prolonged vasospastic reactions.">
        <entity id="DDI-DrugBank.d299.s0.e0" charOffset="0-21"
            type="group" text="Ergot-Containing Drugs"/>
    </sentence>
    <sentence id="DDI-DrugBank.d299.s1" text="Because there is a theoretical basis that these effects may be additive, use of ergotamine-containing or ergot-type medications (like dihydroergotamine or methysergide) and AXERT within 24 hours of each other should be avoided.">
        <entity id="DDI-DrugBank.d299.s1.e0" charOffset="80-89"
            type="drug" text="ergotamine"/>
        <entity id="DDI-DrugBank.d299.s1.e1" charOffset="105-126"
            type="group" text="ergot-type medications"/>
        <entity id="DDI-DrugBank.d299.s1.e2" charOffset="134-150"
            type="drug" text="dihydroergotamine"/>
        <entity id="DDI-DrugBank.d299.s1.e3" charOffset="155-166"
            type="drug" text="methysergide"/>
        <entity id="DDI-DrugBank.d299.s1.e4" charOffset="173-177"
            type="brand" text="AXERT"/>
        <ddi id="DDI-DrugBank.d299.s1.d0" e1="DDI-DrugBank.d299.s1.e0"
            e2="DDI-DrugBank.d299.s1.e4" type="advise"/>
        <ddi id="DDI-DrugBank.d299.s1.d1" e1="DDI-DrugBank.d299.s1.e1"
            e2="DDI-DrugBank.d299.s1.e4" type="advise"/>
        <ddi id="DDI-DrugBank.d299.s1.d2" e1="DDI-DrugBank.d299.s1.e2"
            e2="DDI-DrugBank.d299.s1.e4" type="advise"/>
        <ddi id="DDI-DrugBank.d299.s1.d3" e1="DDI-DrugBank.d299.s1.e3"
            e2="DDI-DrugBank.d299.s1.e4" type="advise"/>
    </sentence>
    <sentence id="DDI-DrugBank.d299.s2" text="Monoamine Oxidase Inhibitors: Coadministration of moclobemide resulted in a 27% decrease in almotriptan clearance and an increase in Cmax of approximately 6%.">
        <entity id="DDI-DrugBank.d299.s2.e0" charOffset="0-27"
            type="group" text="Monoamine Oxidase Inhibitors"/>
        <entity id="DDI-DrugBank.d299.s2.e1" charOffset="50-60"
            type="drug" text="moclobemide"/>
        <entity id="DDI-DrugBank.d299.s2.e2" charOffset="92-102"
            type="drug" text="almotriptan"/>
        <ddi id="DDI-DrugBank.d299.s2.d0" e1="DDI-DrugBank.d299.s2.e1"
            e2="DDI-DrugBank.d299.s2.e2" type="mechanism"/>
    </sentence>
    <sentence id="DDI-DrugBank.d299.s3" text="No dose adjustment is necessary."/>
    <sentence id="DDI-DrugBank.d299.s4" text="Other 5-HT1B/1D Agonists Concomitant use of other 5-HT1B/1D agonists within 24 hours of treatment with AXERT is contraindicated.">
        <entity id="DDI-DrugBank.d299.s4.e0" charOffset="6-23"
            type="group" text="5-HT1B/1D Agonists"/>
        <entity id="DDI-DrugBank.d299.s4.e1" charOffset="50-67"
            type="group" text="5-HT1B/1D agonists"/>
        <entity id="DDI-DrugBank.d299.s4.e2" charOffset="103-107"
            type="brand" text="AXERT"/>
        <ddi id="DDI-DrugBank.d299.s4.d0" e1="DDI-DrugBank.d299.s4.e1"
            e2="DDI-DrugBank.d299.s4.e2" type="advise"/>
    </sentence>
    <sentence id="DDI-DrugBank.d299.s5" text="Propanolol: The pharmacokinetics of almotriptan were not affected by coadministration of propranolol.">
        <entity id="DDI-DrugBank.d299.s5.e0" charOffset="0-9"
            type="drug" text="Propanolol"/>
        <entity id="DDI-DrugBank.d299.s5.e1" charOffset="36-46"
            type="drug" text="almotriptan"/>
        <entity id="DDI-DrugBank.d299.s5.e2" charOffset="89-99"
            type="drug" text="propranolol"/>
    </sentence>
    <sentence id="DDI-DrugBank.d299.s6" text="Selective Serotonin Reuptake Inhibitors (SSRIs): SSRIs (e.g., fluoxetine, fluvoxamine, paroxetine, sertraline) have been rarely reported to cause weakness, hyperreflexia, and incoordination when coadministered with 5-HT1 agonists.">
        <entity id="DDI-DrugBank.d299.s6.e0" charOffset="0-38"
            type="group" text="Selective Serotonin Reuptake Inhibitors"/>
        <entity id="DDI-DrugBank.d299.s6.e1" charOffset="41-45"
            type="group" text="SSRIs"/>
        <entity id="DDI-DrugBank.d299.s6.e2" charOffset="49-53"
            type="group" text="SSRIs"/>
        <entity id="DDI-DrugBank.d299.s6.e3" charOffset="62-71"
            type="drug" text="fluoxetine"/>
        <entity id="DDI-DrugBank.d299.s6.e4" charOffset="74-84"
            type="drug" text="fluvoxamine"/>
        <entity id="DDI-DrugBank.d299.s6.e5" charOffset="87-96"
            type="drug" text="paroxetine"/>
        <entity id="DDI-DrugBank.d299.s6.e6" charOffset="99-108"
            type="drug" text="sertraline"/>
        <entity id="DDI-DrugBank.d299.s6.e7" charOffset="215-228"
            type="group" text="5-HT1 agonists"/>
        <ddi id="DDI-DrugBank.d299.s6.d0" e1="DDI-DrugBank.d299.s6.e2"
            e2="DDI-DrugBank.d299.s6.e7" type="effect"/>
        <ddi id="DDI-DrugBank.d299.s6.d1" e1="DDI-DrugBank.d299.s6.e3"
            e2="DDI-DrugBank.d299.s6.e7" type="effect"/>
        <ddi id="DDI-DrugBank.d299.s6.d2" e1="DDI-DrugBank.d299.s6.e4"
            e2="DDI-DrugBank.d299.s6.e7" type="effect"/>
        <ddi id="DDI-DrugBank.d299.s6.d3" e1="DDI-DrugBank.d299.s6.e5"
            e2="DDI-DrugBank.d299.s6.e7" type="effect"/>
        <ddi id="DDI-DrugBank.d299.s6.d4" e1="DDI-DrugBank.d299.s6.e6"
            e2="DDI-DrugBank.d299.s6.e7" type="effect"/>
    </sentence>
    <sentence id="DDI-DrugBank.d299.s7" text="If concomitant treatment with AXERT and an SSRI is clinically warranted, appropriate observation of the patient is advised.">
        <entity id="DDI-DrugBank.d299.s7.e0" charOffset="30-34"
            type="brand" text="AXERT"/>
        <entity id="DDI-DrugBank.d299.s7.e1" charOffset="43-46"
            type="group" text="SSRI"/>
        <ddi id="DDI-DrugBank.d299.s7.d0" e1="DDI-DrugBank.d299.s7.e0"
            e2="DDI-DrugBank.d299.s7.e1" type="advise"/>
    </sentence>
    <sentence id="DDI-DrugBank.d299.s8" text="Verapamil: Coadministration of almotriptan and verapamil resulted in a 24% increase in plasma concentrations of almotriptan.">
        <entity id="DDI-DrugBank.d299.s8.e0" charOffset="0-8"
            type="drug" text="Verapamil"/>
        <entity id="DDI-DrugBank.d299.s8.e1" charOffset="31-41"
            type="drug" text="almotriptan"/>
        <entity id="DDI-DrugBank.d299.s8.e2" charOffset="47-55"
            type="drug" text="verapamil"/>
        <entity id="DDI-DrugBank.d299.s8.e3" charOffset="112-122"
            type="drug" text="almotriptan"/>
        <ddi id="DDI-DrugBank.d299.s8.d0" e1="DDI-DrugBank.d299.s8.e1"
            e2="DDI-DrugBank.d299.s8.e2" type="mechanism"/>
    </sentence>
    <sentence id="DDI-DrugBank.d299.s9" text="No dose adjustment is necessary."/>
    <sentence id="DDI-DrugBank.d299.s10" text="Coadministration of almotriptan and the potent CYP3A4 inhibitor ketoconazole (400 mg q.d. for 3 days) resulted in an approximately 60% increase in the area under the plasma concentration-time curve and maximal plasma concentrations of almotriptan.">
        <entity id="DDI-DrugBank.d299.s10.e0" charOffset="20-30"
            type="drug" text="almotriptan"/>
        <entity id="DDI-DrugBank.d299.s10.e1" charOffset="64-75"
            type="drug" text="ketoconazole"/>
        <entity id="DDI-DrugBank.d299.s10.e2" charOffset="235-245"
            type="drug" text="almotriptan"/>
        <ddi id="DDI-DrugBank.d299.s10.d0" e1="DDI-DrugBank.d299.s10.e0"
            e2="DDI-DrugBank.d299.s10.e1" type="mechanism"/>
    </sentence>
    <sentence id="DDI-DrugBank.d299.s11" text="Although the interaction between almotriptan and other potent CYP3A4 inhibitors (e.g., itraconazole, ritonavir, and erythromycin) has not been studied, increased exposures to almotriptan may be expected when almotriptan is used concomitantly with these medications.">
        <entity id="DDI-DrugBank.d299.s11.e0" charOffset="33-43"
            type="drug" text="almotriptan"/>
        <entity id="DDI-DrugBank.d299.s11.e1" charOffset="87-98"
            type="drug" text="itraconazole"/>
        <entity id="DDI-DrugBank.d299.s11.e2" charOffset="101-109"
            type="drug" text="ritonavir"/>
        <entity id="DDI-DrugBank.d299.s11.e3" charOffset="116-127"
            type="drug" text="erythromycin"/>
        <entity id="DDI-DrugBank.d299.s11.e4" charOffset="175-185"
            type="drug" text="almotriptan"/>
        <entity id="DDI-DrugBank.d299.s11.e5" charOffset="208-218"
            type="drug" text="almotriptan"/>
        <ddi id="DDI-DrugBank.d299.s11.d0" e1="DDI-DrugBank.d299.s11.e1"
            e2="DDI-DrugBank.d299.s11.e5" type="advise"/>
        <ddi id="DDI-DrugBank.d299.s11.d1" e1="DDI-DrugBank.d299.s11.e2"
            e2="DDI-DrugBank.d299.s11.e5" type="advise"/>
        <ddi id="DDI-DrugBank.d299.s11.d2" e1="DDI-DrugBank.d299.s11.e3"
            e2="DDI-DrugBank.d299.s11.e5" type="advise"/>
    </sentence>
    <sentence id="DDI-DrugBank.d299.s12" text="AXERT is not known to interfere with commonly employed clinical laboratory tests.">
        <entity id="DDI-DrugBank.d299.s12.e0" charOffset="0-4"
            type="brand" text="AXERT"/>
    </sentence>
</document>
