<?xml version="1.0" encoding="UTF-8"?>
<document id="DDI-DrugBank.d290">
    <sentence id="DDI-DrugBank.d290.s0" text="No drug interactions have been reported between Prostin VR Pediatric and the therapy standard in neonates with restricted pulmonary or systemic blood flow.">
        <entity id="DDI-DrugBank.d290.s0.e0" charOffset="48-67"
            type="brand" text="Prostin VR Pediatric"/>
    </sentence>
    <sentence id="DDI-DrugBank.d290.s1" text="Standard therapy includes antibiotics, such as penicillin and gentamicin;">
        <entity id="DDI-DrugBank.d290.s1.e0" charOffset="26-36"
            type="group" text="antibiotics"/>
        <entity id="DDI-DrugBank.d290.s1.e1" charOffset="47-56"
            type="drug" text="penicillin"/>
        <entity id="DDI-DrugBank.d290.s1.e2" charOffset="62-71"
            type="drug" text="gentamicin"/>
    </sentence>
    <sentence id="DDI-DrugBank.d290.s2" text="vasopressors, such as dopamine and isoproterenol;">
        <entity id="DDI-DrugBank.d290.s2.e0" charOffset="0-11"
            type="group" text="vasopressors"/>
        <entity id="DDI-DrugBank.d290.s2.e1" charOffset="22-29"
            type="drug" text="dopamine"/>
        <entity id="DDI-DrugBank.d290.s2.e2" charOffset="35-47"
            type="drug" text="isoproterenol"/>
    </sentence>
    <sentence id="DDI-DrugBank.d290.s3" text="cardiac glycosides;">
        <entity id="DDI-DrugBank.d290.s3.e0" charOffset="0-17"
            type="group" text="cardiac glycosides"/>
    </sentence>
    <sentence id="DDI-DrugBank.d290.s4" text="and diuretics, such as furosemide.">
        <entity id="DDI-DrugBank.d290.s4.e0" charOffset="4-12"
            type="group" text="diuretics"/>
        <entity id="DDI-DrugBank.d290.s4.e1" charOffset="23-32"
            type="drug" text="furosemide"/>
    </sentence>
    <sentence id="DDI-DrugBank.d290.s5" text="Caverject: The potential for pharmacokinetic drug-drug interactions between alprostadil and other agents has not been formally studied.">
        <entity id="DDI-DrugBank.d290.s5.e0" charOffset="0-8"
            type="brand" text="Caverject"/>
        <entity id="DDI-DrugBank.d290.s5.e1" charOffset="76-86"
            type="drug" text="alprostadil"/>
    </sentence>
</document>
