<?xml version="1.0" encoding="UTF-8"?>
<document id="DDI-DrugBank.d470">
    <sentence id="DDI-DrugBank.d470.s0" text="No formal assessments of pharmacokinetic drug-drug interactions between TRISENOX and other agents have been conducted.">
        <entity id="DDI-DrugBank.d470.s0.e0" charOffset="72-79"
            type="brand" text="TRISENOX"/>
    </sentence>
    <sentence id="DDI-DrugBank.d470.s1" text="Caution is advised when TRISENOX is coadministered with other medications that can prolong the QT interval (e.g. certain antiarrhythmics or thioridazine) or lead to electrolyte abnormalities (such as diuretics or amphotericin B).">
        <entity id="DDI-DrugBank.d470.s1.e0" charOffset="24-31"
            type="brand" text="TRISENOX"/>
        <entity id="DDI-DrugBank.d470.s1.e1" charOffset="121-135"
            type="group" text="antiarrhythmics"/>
        <entity id="DDI-DrugBank.d470.s1.e2" charOffset="140-151"
            type="drug" text="thioridazine"/>
        <entity id="DDI-DrugBank.d470.s1.e3" charOffset="200-208"
            type="group" text="diuretics"/>
        <entity id="DDI-DrugBank.d470.s1.e4" charOffset="213-226"
            type="drug" text="amphotericin B"/>
        <ddi id="DDI-DrugBank.d470.s1.d0" e1="DDI-DrugBank.d470.s1.e0"
            e2="DDI-DrugBank.d470.s1.e1" type="advise"/>
        <ddi id="DDI-DrugBank.d470.s1.d1" e1="DDI-DrugBank.d470.s1.e0"
            e2="DDI-DrugBank.d470.s1.e2" type="advise"/>
        <ddi id="DDI-DrugBank.d470.s1.d2" e1="DDI-DrugBank.d470.s1.e0"
            e2="DDI-DrugBank.d470.s1.e3" type="advise"/>
        <ddi id="DDI-DrugBank.d470.s1.d3" e1="DDI-DrugBank.d470.s1.e0"
            e2="DDI-DrugBank.d470.s1.e4" type="advise"/>
    </sentence>
</document>
