<?xml version="1.0" encoding="UTF-8"?>
<document id="DDI-DrugBank.d137">
    <sentence id="DDI-DrugBank.d137.s0" text="Nitrates: The concomitant use of Bepridil with long- and short-acting nitrates has been safely tolerated in patients with stable angina pectoris.">
        <entity id="DDI-DrugBank.d137.s0.e0" charOffset="0-7"
            type="group" text="Nitrates"/>
        <entity id="DDI-DrugBank.d137.s0.e1" charOffset="33-40"
            type="drug" text="Bepridil"/>
        <entity id="DDI-DrugBank.d137.s0.e2" charOffset="70-77"
            type="group" text="nitrates"/>
    </sentence>
    <sentence id="DDI-DrugBank.d137.s1" text="Sublingual nitroglycerin may be taken if necessary for the control of acute angina attacks during Bepridil therapy.">
        <entity id="DDI-DrugBank.d137.s1.e0" charOffset="11-23"
            type="drug" text="nitroglycerin"/>
        <entity id="DDI-DrugBank.d137.s1.e1" charOffset="98-105"
            type="drug" text="Bepridil"/>
    </sentence>
    <sentence id="DDI-DrugBank.d137.s2" text="Beta-blocking Agents: The concomitant use of Bepridil and beta-blocking agents has been well tolerated in patients with stable angina.">
        <entity id="DDI-DrugBank.d137.s2.e0" charOffset="0-19"
            type="group" text="Beta-blocking Agents"/>
        <entity id="DDI-DrugBank.d137.s2.e1" charOffset="45-52"
            type="drug" text="Bepridil"/>
        <entity id="DDI-DrugBank.d137.s2.e2" charOffset="58-77"
            type="group" text="beta-blocking agents"/>
    </sentence>
    <sentence id="DDI-DrugBank.d137.s3" text="Available data are not sufficient, however, to predict the effects of concomitant medication on patients with impaired ventricular function or cardiac conduction abnormalities."/>
    <sentence id="DDI-DrugBank.d137.s4" text="Digoxin: In controlled studies in healthy volunteers, bepridil hydrochloride either had no effect (one study) or was associated with modest increases, about 30% (two studies) in steady-state serum digoxin concentrations.">
        <entity id="DDI-DrugBank.d137.s4.e0" charOffset="0-6"
            type="drug" text="Digoxin"/>
        <entity id="DDI-DrugBank.d137.s4.e1" charOffset="54-75"
            type="drug" text="bepridil hydrochloride"/>
        <entity id="DDI-DrugBank.d137.s4.e2" charOffset="197-203"
            type="drug" text="digoxin"/>
        <ddi id="DDI-DrugBank.d137.s4.d0" e1="DDI-DrugBank.d137.s4.e1"
            e2="DDI-DrugBank.d137.s4.e2" type="mechanism"/>
    </sentence>
    <sentence id="DDI-DrugBank.d137.s5" text="Limited clinical data in angina patients receiving concomitant bepridil hydrochloride and digoxin therapy indicate no discernible changes in serum digoxin levels.">
        <entity id="DDI-DrugBank.d137.s5.e0" charOffset="63-84"
            type="drug" text="bepridil hydrochloride"/>
        <entity id="DDI-DrugBank.d137.s5.e1" charOffset="90-96"
            type="drug" text="digoxin"/>
    </sentence>
    <sentence id="DDI-DrugBank.d137.s6" text="Available data are neither sufficient to rule out possible increases in serum digoxin with concomitant treatment in some patients, nor other possible interactions, particularly in patients with cardiac conduction abnormalities (Also see WARNINGS Congestive Heart Failure).">
        <entity id="DDI-DrugBank.d137.s6.e0" charOffset="78-84"
            type="drug" text="digoxin"/>
    </sentence>
    <sentence id="DDI-DrugBank.d137.s7" text="Oral Hypoglycemics: Bepridil has been safely used in diabetic patients without significantly lowering their blood glucose levels or altering their need for insulin or oral hypoglycemic agents.">
        <entity id="DDI-DrugBank.d137.s7.e0" charOffset="5-17"
            type="group" text="Hypoglycemics"/>
        <entity id="DDI-DrugBank.d137.s7.e1" charOffset="20-27"
            type="drug" text="Bepridil"/>
        <entity id="DDI-DrugBank.d137.s7.e2" charOffset="156-162"
            type="drug" text="insulin"/>
        <entity id="DDI-DrugBank.d137.s7.e3" charOffset="172-190"
            type="group" text="hypoglycemic agents"/>
    </sentence>
    <sentence id="DDI-DrugBank.d137.s8" text="General Interactions: Certain drugs could increase the likelihood of potentially serious adverse effects with bepridil hydrochloride.">
        <entity id="DDI-DrugBank.d137.s8.e0" charOffset="110-131"
            type="drug" text="bepridil hydrochloride"/>
    </sentence>
    <sentence id="DDI-DrugBank.d137.s9" text="In general, these are drugs that have one or more pharmacologic activities similar to bepridil hydrochloride, including anti-arrhythmic agents such as quinidine and procainamide, cardiac glycosides and tricyclic anti-depressants.">
        <entity id="DDI-DrugBank.d137.s9.e0" charOffset="86-107"
            type="drug" text="bepridil hydrochloride"/>
        <entity id="DDI-DrugBank.d137.s9.e1" charOffset="120-141"
            type="group" text="anti-arrhythmic agents"/>
        <entity id="DDI-DrugBank.d137.s9.e2" charOffset="151-159"
            type="drug" text="quinidine"/>
        <entity id="DDI-DrugBank.d137.s9.e3" charOffset="165-176"
            type="drug" text="procainamide"/>
        <entity id="DDI-DrugBank.d137.s9.e4" charOffset="179-196"
            type="group" text="cardiac glycosides"/>
        <entity id="DDI-DrugBank.d137.s9.e5" charOffset="202-227"
            type="group" text="tricyclic anti-depressants"/>
    </sentence>
    <sentence id="DDI-DrugBank.d137.s10" text="Anti-arrhythmics and tricyclic anti-depressants could exaggerate the prolongation of the QT interval observed with bepridil hydrochloride.">
        <entity id="DDI-DrugBank.d137.s10.e0" charOffset="0-15"
            type="group" text="Anti-arrhythmics"/>
        <entity id="DDI-DrugBank.d137.s10.e1" charOffset="21-46"
            type="group" text="tricyclic anti-depressants"/>
        <entity id="DDI-DrugBank.d137.s10.e2" charOffset="115-136"
            type="drug" text="bepridil hydrochloride"/>
        <ddi id="DDI-DrugBank.d137.s10.d0" e1="DDI-DrugBank.d137.s10.e0"
            e2="DDI-DrugBank.d137.s10.e2" type="effect"/>
        <ddi id="DDI-DrugBank.d137.s10.d1" e1="DDI-DrugBank.d137.s10.e1"
            e2="DDI-DrugBank.d137.s10.e2" type="effect"/>
    </sentence>
    <sentence id="DDI-DrugBank.d137.s11" text="Cardiac glycosides could exaggerate the depression of AV nodal conduction observed with bepridil hydrochloride.">
        <entity id="DDI-DrugBank.d137.s11.e0" charOffset="0-17"
            type="group" text="Cardiac glycosides"/>
        <entity id="DDI-DrugBank.d137.s11.e1" charOffset="88-109"
            type="drug" text="bepridil hydrochloride"/>
        <ddi id="DDI-DrugBank.d137.s11.d0" e1="DDI-DrugBank.d137.s11.e0"
            e2="DDI-DrugBank.d137.s11.e1" type="effect"/>
    </sentence>
</document>
