<?xml version="1.0" encoding="UTF-8"?>
<document id="DDI-DrugBank.d554">
    <sentence id="DDI-DrugBank.d554.s0" text="Certain antibiotic, cisplatin, cyclosporine, diuretic, foscarnet, and vaccines.">
        <entity id="DDI-DrugBank.d554.s0.e0" charOffset="8-17"
            type="group" text="antibiotic"/>
        <entity id="DDI-DrugBank.d554.s0.e1" charOffset="20-28"
            type="drug" text="cisplatin"/>
        <entity id="DDI-DrugBank.d554.s0.e2" charOffset="31-42"
            type="drug" text="cyclosporine"/>
        <entity id="DDI-DrugBank.d554.s0.e3" charOffset="45-52"
            type="group" text="diuretic"/>
        <entity id="DDI-DrugBank.d554.s0.e4" charOffset="55-63"
            type="drug" text="foscarnet"/>
        <entity id="DDI-DrugBank.d554.s0.e5" charOffset="70-77"
            type="group" text="vaccines"/>
    </sentence>
</document>
