<?xml version="1.0" encoding="UTF-8"?>
<document id="DDI-DrugBank.d331">
    <sentence id="DDI-DrugBank.d331.s0" text="- Drugs with ototoxic potential: Especially in the presence of impaired renal function, the use of parenterally administered bumetanide in patients to whom aminoglycoside antibiotics are also being given should be avoided, except in life-threatening conditions.">
        <entity id="DDI-DrugBank.d331.s0.e0" charOffset="125-134"
            type="drug" text="bumetanide"/>
        <entity id="DDI-DrugBank.d331.s0.e1" charOffset="156-181"
            type="group" text="aminoglycoside antibiotics"/>
        <ddi id="DDI-DrugBank.d331.s0.d0" e1="DDI-DrugBank.d331.s0.e0"
            e2="DDI-DrugBank.d331.s0.e1" type="advise"/>
    </sentence>
    <sentence id="DDI-DrugBank.d331.s1" text="- Drugs with nephrotoxic potential: There has been no experience on the concurrent use of bumetanide with drugs known to have a nephrotoxic potential.">
        <entity id="DDI-DrugBank.d331.s1.e0" charOffset="90-99"
            type="drug" text="bumetanide"/>
    </sentence>
    <sentence id="DDI-DrugBank.d331.s2" text="Therefore, the simultaneous administration of these drugs should be avoided."/>
    <sentence id="DDI-DrugBank.d331.s3" text="- Lithium: Lithium should generally not be given with diuretics (such as bumetanide) because they reduce its renal clearance and add a high risk of lithium toxicity.">
        <entity id="DDI-DrugBank.d331.s3.e0" charOffset="2-8"
            type="drug" text="Lithium"/>
        <entity id="DDI-DrugBank.d331.s3.e1" charOffset="11-17"
            type="drug" text="Lithium"/>
        <entity id="DDI-DrugBank.d331.s3.e2" charOffset="54-62"
            type="group" text="diuretics"/>
        <entity id="DDI-DrugBank.d331.s3.e3" charOffset="73-82"
            type="drug" text="bumetanide"/>
        <entity id="DDI-DrugBank.d331.s3.e4" charOffset="148-154"
            type="drug" text="lithium"/>
        <ddi id="DDI-DrugBank.d331.s3.d0" e1="DDI-DrugBank.d331.s3.e1"
            e2="DDI-DrugBank.d331.s3.e2" type="advise"/>
        <ddi id="DDI-DrugBank.d331.s3.d1" e1="DDI-DrugBank.d331.s3.e1"
            e2="DDI-DrugBank.d331.s3.e3" type="advise"/>
    </sentence>
    <sentence id="DDI-DrugBank.d331.s4" text="- Probenecid: Pretreatment with probenecid reduces both the natriuresis and hyperreninemia produced by bumetanide.">
        <entity id="DDI-DrugBank.d331.s4.e0" charOffset="2-11"
            type="drug" text="Probenecid"/>
        <entity id="DDI-DrugBank.d331.s4.e1" charOffset="32-41"
            type="drug" text="probenecid"/>
        <entity id="DDI-DrugBank.d331.s4.e2" charOffset="103-112"
            type="drug" text="bumetanide"/>
        <ddi id="DDI-DrugBank.d331.s4.d0" e1="DDI-DrugBank.d331.s4.e1"
            e2="DDI-DrugBank.d331.s4.e2" type="effect"/>
    </sentence>
    <sentence id="DDI-DrugBank.d331.s5" text="This antagonistic effect of probenecid on bumetanide natriuresis is not due to a direct action on sodium excretion but is probably secondary to its inhibitory effect on renal tubular secretion of bumetanide.">
        <entity id="DDI-DrugBank.d331.s5.e0" charOffset="28-37"
            type="drug" text="probenecid"/>
        <entity id="DDI-DrugBank.d331.s5.e1" charOffset="42-51"
            type="drug" text="bumetanide"/>
        <entity id="DDI-DrugBank.d331.s5.e2" charOffset="196-205"
            type="drug" text="bumetanide"/>
        <ddi id="DDI-DrugBank.d331.s5.d0" e1="DDI-DrugBank.d331.s5.e0"
            e2="DDI-DrugBank.d331.s5.e1" type="mechanism"/>
    </sentence>
    <sentence id="DDI-DrugBank.d331.s6" text="Thus, probenecid should not be administered concurrently with bumetanide.">
        <entity id="DDI-DrugBank.d331.s6.e0" charOffset="6-15"
            type="drug" text="probenecid"/>
        <entity id="DDI-DrugBank.d331.s6.e1" charOffset="62-71"
            type="drug" text="bumetanide"/>
        <ddi id="DDI-DrugBank.d331.s6.d0" e1="DDI-DrugBank.d331.s6.e0"
            e2="DDI-DrugBank.d331.s6.e1" type="advise"/>
    </sentence>
    <sentence id="DDI-DrugBank.d331.s7" text="- Indomethacin: Indomethacin blunts the increases in urine volume and sodium excretion seen during bumetanide treatment and inhibits the bumetanide-induced increase in plasma renin activity.">
        <entity id="DDI-DrugBank.d331.s7.e0" charOffset="2-13"
            type="drug" text="Indomethacin"/>
        <entity id="DDI-DrugBank.d331.s7.e1" charOffset="16-27"
            type="drug" text="Indomethacin"/>
        <entity id="DDI-DrugBank.d331.s7.e2" charOffset="99-108"
            type="drug" text="bumetanide"/>
        <entity id="DDI-DrugBank.d331.s7.e3" charOffset="137-146"
            type="drug" text="bumetanide"/>
        <ddi id="DDI-DrugBank.d331.s7.d0" e1="DDI-DrugBank.d331.s7.e1"
            e2="DDI-DrugBank.d331.s7.e2" type="mechanism"/>
        <ddi id="DDI-DrugBank.d331.s7.d1" e1="DDI-DrugBank.d331.s7.e1"
            e2="DDI-DrugBank.d331.s7.e3" type="effect"/>
    </sentence>
    <sentence id="DDI-DrugBank.d331.s8" text="Concurrent therapy with bumetanide is thus not recommended.">
        <entity id="DDI-DrugBank.d331.s8.e0" charOffset="24-33"
            type="drug" text="bumetanide"/>
    </sentence>
    <sentence id="DDI-DrugBank.d331.s9" text="- Antihypertensives: Bumetanide may potentiate the effect of various antihypertensive drugs, necessitating a reduction in the dosage of these drugs.">
        <entity id="DDI-DrugBank.d331.s9.e0" charOffset="2-18"
            type="group" text="Antihypertensives"/>
        <entity id="DDI-DrugBank.d331.s9.e1" charOffset="21-30"
            type="drug" text="Bumetanide"/>
        <entity id="DDI-DrugBank.d331.s9.e2" charOffset="69-90"
            type="group" text="antihypertensive drugs"/>
        <ddi id="DDI-DrugBank.d331.s9.d0" e1="DDI-DrugBank.d331.s9.e1"
            e2="DDI-DrugBank.d331.s9.e2" type="effect"/>
    </sentence>
    <sentence id="DDI-DrugBank.d331.s10" text="- Digoxin: Interaction studies in humans have shown no effect on digoxin blood levels.">
        <entity id="DDI-DrugBank.d331.s10.e0" charOffset="2-8"
            type="drug" text="Digoxin"/>
        <entity id="DDI-DrugBank.d331.s10.e1" charOffset="65-71"
            type="drug" text="digoxin"/>
    </sentence>
    <sentence id="DDI-DrugBank.d331.s11" text="- Anticoagulants: Interaction studies in humans have shown bumetanide to have no effect on warfarin metabolism or on plasma prothrombin activity.">
        <entity id="DDI-DrugBank.d331.s11.e0" charOffset="2-15"
            type="group" text="Anticoagulants"/>
        <entity id="DDI-DrugBank.d331.s11.e1" charOffset="59-68"
            type="drug" text="bumetanide"/>
        <entity id="DDI-DrugBank.d331.s11.e2" charOffset="91-98"
            type="drug" text="warfarin"/>
    </sentence>
</document>
