<?xml version="1.0" encoding="UTF-8"?>
<document id="DDI-DrugBank.d559">
    <sentence id="DDI-DrugBank.d559.s0" text="The CNS effects of butalbital may be enhanced by monoamine oxidase (MAO) inhibitors.">
        <entity id="DDI-DrugBank.d559.s0.e0" charOffset="19-28"
            type="drug" text="butalbital"/>
        <entity id="DDI-DrugBank.d559.s0.e1" charOffset="49-82"
            type="group" text="monoamine oxidase (MAO) inhibitors"/>
        <ddi id="DDI-DrugBank.d559.s0.d0" e1="DDI-DrugBank.d559.s0.e0"
            e2="DDI-DrugBank.d559.s0.e1" type="effect"/>
    </sentence>
    <sentence id="DDI-DrugBank.d559.s1" text="Butalbital, acetaminophen and caffeine may enhance the effects of: other narcotic analgesics, alcohol, general anesthetics, tranquilizers such as chlordiazepoxide, sedative-hypnotics, or other CNS depressants, causing increased CNS depression.">
        <entity id="DDI-DrugBank.d559.s1.e0" charOffset="0-9"
            type="drug" text="Butalbital"/>
        <entity id="DDI-DrugBank.d559.s1.e1" charOffset="12-24"
            type="drug" text="acetaminophen"/>
        <entity id="DDI-DrugBank.d559.s1.e2" charOffset="30-37"
            type="drug" text="caffeine"/>
        <entity id="DDI-DrugBank.d559.s1.e3" charOffset="73-90"
            type="group" text="narcotic analgesic"/>
        <entity id="DDI-DrugBank.d559.s1.e4" charOffset="94-100"
            type="drug" text="alcohol"/>
        <entity id="DDI-DrugBank.d559.s1.e5" charOffset="111-121"
            type="group" text="anesthetics"/>
        <entity id="DDI-DrugBank.d559.s1.e6" charOffset="124-136"
            type="group" text="tranquilizers"/>
        <entity id="DDI-DrugBank.d559.s1.e7" charOffset="146-161"
            type="drug" text="chlordiazepoxide"/>
        <entity id="DDI-DrugBank.d559.s1.e8" charOffset="164-181"
            type="group" text="sedative-hypnotics"/>
        <entity id="DDI-DrugBank.d559.s1.e9" charOffset="193-207"
            type="group" text="CNS depressants"/>
        <ddi id="DDI-DrugBank.d559.s1.d0" e1="DDI-DrugBank.d559.s1.e0"
            e2="DDI-DrugBank.d559.s1.e3" type="effect"/>
        <ddi id="DDI-DrugBank.d559.s1.d1" e1="DDI-DrugBank.d559.s1.e0"
            e2="DDI-DrugBank.d559.s1.e4" type="effect"/>
        <ddi id="DDI-DrugBank.d559.s1.d2" e1="DDI-DrugBank.d559.s1.e0"
            e2="DDI-DrugBank.d559.s1.e5" type="effect"/>
        <ddi id="DDI-DrugBank.d559.s1.d3" e1="DDI-DrugBank.d559.s1.e0"
            e2="DDI-DrugBank.d559.s1.e6" type="effect"/>
        <ddi id="DDI-DrugBank.d559.s1.d4" e1="DDI-DrugBank.d559.s1.e0"
            e2="DDI-DrugBank.d559.s1.e7" type="effect"/>
        <ddi id="DDI-DrugBank.d559.s1.d5" e1="DDI-DrugBank.d559.s1.e0"
            e2="DDI-DrugBank.d559.s1.e8" type="effect"/>
        <ddi id="DDI-DrugBank.d559.s1.d6" e1="DDI-DrugBank.d559.s1.e0"
            e2="DDI-DrugBank.d559.s1.e9" type="effect"/>
        <ddi id="DDI-DrugBank.d559.s1.d7" e1="DDI-DrugBank.d559.s1.e1"
            e2="DDI-DrugBank.d559.s1.e3" type="effect"/>
        <ddi id="DDI-DrugBank.d559.s1.d8" e1="DDI-DrugBank.d559.s1.e1"
            e2="DDI-DrugBank.d559.s1.e4" type="effect"/>
        <ddi id="DDI-DrugBank.d559.s1.d9" e1="DDI-DrugBank.d559.s1.e1"
            e2="DDI-DrugBank.d559.s1.e5" type="effect"/>
        <ddi id="DDI-DrugBank.d559.s1.d10" e1="DDI-DrugBank.d559.s1.e1"
            e2="DDI-DrugBank.d559.s1.e6" type="effect"/>
        <ddi id="DDI-DrugBank.d559.s1.d11" e1="DDI-DrugBank.d559.s1.e1"
            e2="DDI-DrugBank.d559.s1.e7" type="effect"/>
        <ddi id="DDI-DrugBank.d559.s1.d12" e1="DDI-DrugBank.d559.s1.e1"
            e2="DDI-DrugBank.d559.s1.e8" type="effect"/>
        <ddi id="DDI-DrugBank.d559.s1.d13" e1="DDI-DrugBank.d559.s1.e1"
            e2="DDI-DrugBank.d559.s1.e9" type="effect"/>
        <ddi id="DDI-DrugBank.d559.s1.d14" e1="DDI-DrugBank.d559.s1.e2"
            e2="DDI-DrugBank.d559.s1.e3" type="effect"/>
        <ddi id="DDI-DrugBank.d559.s1.d15" e1="DDI-DrugBank.d559.s1.e2"
            e2="DDI-DrugBank.d559.s1.e4" type="effect"/>
        <ddi id="DDI-DrugBank.d559.s1.d16" e1="DDI-DrugBank.d559.s1.e2"
            e2="DDI-DrugBank.d559.s1.e5" type="effect"/>
        <ddi id="DDI-DrugBank.d559.s1.d17" e1="DDI-DrugBank.d559.s1.e2"
            e2="DDI-DrugBank.d559.s1.e6" type="effect"/>
        <ddi id="DDI-DrugBank.d559.s1.d18" e1="DDI-DrugBank.d559.s1.e2"
            e2="DDI-DrugBank.d559.s1.e7" type="effect"/>
        <ddi id="DDI-DrugBank.d559.s1.d19" e1="DDI-DrugBank.d559.s1.e2"
            e2="DDI-DrugBank.d559.s1.e8" type="effect"/>
        <ddi id="DDI-DrugBank.d559.s1.d20" e1="DDI-DrugBank.d559.s1.e2"
            e2="DDI-DrugBank.d559.s1.e9" type="effect"/>
    </sentence>
    <sentence id="DDI-DrugBank.d559.s2" text="Drug/Laboratory Test Interactions Acetaminophen may produce false-positive test results for urinary 5-hydroxyindoleacetic acid.">
        <entity id="DDI-DrugBank.d559.s2.e0" charOffset="34-46"
            type="drug" text="Acetaminophen"/>
    </sentence>
</document>
