<?xml version="1.0" encoding="UTF-8"?>
<document id="DDI-DrugBank.d420">
    <sentence id="DDI-DrugBank.d420.s0" text="Antacids (aluminum- or magnesium-containing): Concomitant administration of 300-mg cefdinir capsules with 30 mL Maalox TC suspension reduces the rate (Cmax) and extent (AUC) of absorption by approximately 40%.">
        <entity id="DDI-DrugBank.d420.s0.e0" charOffset="0-7"
            type="group" text="Antacids"/>
        <entity id="DDI-DrugBank.d420.s0.e1" charOffset="10-17"
            type="drug" text="aluminum"/>
        <entity id="DDI-DrugBank.d420.s0.e2" charOffset="23-31"
            type="drug" text="magnesium"/>
        <entity id="DDI-DrugBank.d420.s0.e3" charOffset="83-90"
            type="drug" text="cefdinir"/>
        <entity id="DDI-DrugBank.d420.s0.e4" charOffset="112-120"
            type="brand" text="Maalox TC"/>
        <ddi id="DDI-DrugBank.d420.s0.d0" e1="DDI-DrugBank.d420.s0.e3"
            e2="DDI-DrugBank.d420.s0.e4" type="mechanism"/>
    </sentence>
    <sentence id="DDI-DrugBank.d420.s1" text="Time to reach Cmax is also prolonged by 1 hour."/>
    <sentence id="DDI-DrugBank.d420.s2" text="There are no significant effects on cefdinir pharmacokinetics if the antacid is administered 2 hours before or 2 hours after cefdinir.">
        <entity id="DDI-DrugBank.d420.s2.e0" charOffset="36-43"
            type="drug" text="cefdinir"/>
        <entity id="DDI-DrugBank.d420.s2.e1" charOffset="69-75"
            type="group" text="antacid"/>
        <entity id="DDI-DrugBank.d420.s2.e2" charOffset="125-132"
            type="drug" text="cefdinir"/>
    </sentence>
    <sentence id="DDI-DrugBank.d420.s3" text="If antacids are required during OMNICEF therapy, OMNICEF should be taken at least 2 hours before or after the antacid.">
        <entity id="DDI-DrugBank.d420.s3.e0" charOffset="3-10"
            type="group" text="antacids"/>
        <entity id="DDI-DrugBank.d420.s3.e1" charOffset="32-38"
            type="brand" text="OMNICEF"/>
        <entity id="DDI-DrugBank.d420.s3.e2" charOffset="49-55"
            type="brand" text="OMNICEF"/>
        <entity id="DDI-DrugBank.d420.s3.e3" charOffset="110-116"
            type="group" text="antacid"/>
        <ddi id="DDI-DrugBank.d420.s3.d0" e1="DDI-DrugBank.d420.s3.e2"
            e2="DDI-DrugBank.d420.s3.e3" type="advise"/>
    </sentence>
    <sentence id="DDI-DrugBank.d420.s4" text="Probenecid: As with other b-lactam antibiotics, probenecid inhibits the renal excretion of cefdinir, resulting in an approximate doubling in A.C. a 54% increase in peak cefdinir plasma levels, and a 50% prolongation in the apparent elimination half-life.">
        <entity id="DDI-DrugBank.d420.s4.e0" charOffset="0-9"
            type="drug" text="Probenecid"/>
        <entity id="DDI-DrugBank.d420.s4.e1" charOffset="26-45"
            type="group" text="b-lactam antibiotics"/>
        <entity id="DDI-DrugBank.d420.s4.e2" charOffset="48-57"
            type="drug" text="probenecid"/>
        <entity id="DDI-DrugBank.d420.s4.e3" charOffset="91-98"
            type="drug" text="cefdinir"/>
        <entity id="DDI-DrugBank.d420.s4.e4" charOffset="169-176"
            type="drug" text="cefdinir"/>
        <ddi id="DDI-DrugBank.d420.s4.d0" e1="DDI-DrugBank.d420.s4.e1"
            e2="DDI-DrugBank.d420.s4.e3" type="mechanism"/>
        <ddi id="DDI-DrugBank.d420.s4.d1" e1="DDI-DrugBank.d420.s4.e2"
            e2="DDI-DrugBank.d420.s4.e3" type="mechanism"/>
    </sentence>
    <sentence id="DDI-DrugBank.d420.s5" text="Iron Supplements and Foods Fortified With Iron Concomitant administration of cefdinir with a therapeutic iron supplement containing 60 mg of elemental iron (as FeSO4) or vitamins supplemented with 10 mg of elemental iron reduced extent of absorption by 80% and 31%, respectively.">
        <entity id="DDI-DrugBank.d420.s5.e0" charOffset="0-15"
            type="group" text="Iron Supplements"/>
        <entity id="DDI-DrugBank.d420.s5.e1" charOffset="42-45"
            type="drug" text="Iron"/>
        <entity id="DDI-DrugBank.d420.s5.e2" charOffset="77-84"
            type="drug" text="cefdinir"/>
        <entity id="DDI-DrugBank.d420.s5.e3" charOffset="105-119"
            type="group" text="iron supplement"/>
        <entity id="DDI-DrugBank.d420.s5.e4" charOffset="151-154"
            type="drug" text="iron"/>
        <entity id="DDI-DrugBank.d420.s5.e5" charOffset="170-177"
            type="group" text="vitamins"/>
        <entity id="DDI-DrugBank.d420.s5.e6" charOffset="216-219"
            type="drug" text="iron"/>
        <ddi id="DDI-DrugBank.d420.s5.d0" e1="DDI-DrugBank.d420.s5.e2"
            e2="DDI-DrugBank.d420.s5.e4" type="mechanism"/>
        <ddi id="DDI-DrugBank.d420.s5.d1" e1="DDI-DrugBank.d420.s5.e2"
            e2="DDI-DrugBank.d420.s5.e6" type="mechanism"/>
    </sentence>
    <sentence id="DDI-DrugBank.d420.s6" text="If iron supplements are required during OMNICEF therapy, OMNICEF should be taken at least 2 hours before or after the supplement.">
        <entity id="DDI-DrugBank.d420.s6.e0" charOffset="3-18"
            type="group" text="iron supplements"/>
        <entity id="DDI-DrugBank.d420.s6.e1" charOffset="40-46"
            type="brand" text="OMNICEF"/>
        <entity id="DDI-DrugBank.d420.s6.e2" charOffset="57-63"
            type="brand" text="OMNICEF"/>
        <ddi id="DDI-DrugBank.d420.s6.d0" e1="DDI-DrugBank.d420.s6.e0"
            e2="DDI-DrugBank.d420.s6.e2" type="advise"/>
    </sentence>
    <sentence id="DDI-DrugBank.d420.s7" text="The effect of foods highly fortified with elemental iron (primarily iron-fortified breakfast cereals) on cefdinir absorption has not been studied.">
        <entity id="DDI-DrugBank.d420.s7.e0" charOffset="52-55"
            type="drug_n" text="iron"/>
        <entity id="DDI-DrugBank.d420.s7.e1" charOffset="68-71"
            type="drug_n" text="iron"/>
        <entity id="DDI-DrugBank.d420.s7.e2" charOffset="105-112"
            type="drug" text="cefdinir"/>
    </sentence>
    <sentence id="DDI-DrugBank.d420.s8" text="Concomitantly administered iron-fortified infant formula (2.2 mg elemental iron/6 oz) has no significant effect on cefdinir pharmacokinetics.">
        <entity id="DDI-DrugBank.d420.s8.e0" charOffset="27-30"
            type="drug_n" text="iron"/>
        <entity id="DDI-DrugBank.d420.s8.e1" charOffset="75-78"
            type="drug_n" text="iron"/>
        <entity id="DDI-DrugBank.d420.s8.e2" charOffset="115-122"
            type="drug" text="cefdinir"/>
    </sentence>
    <sentence id="DDI-DrugBank.d420.s9" text="Therefore, OMNICEF for Oral Suspension can be administered with iron-fortified infant formula.">
        <entity id="DDI-DrugBank.d420.s9.e0" charOffset="11-17"
            type="brand" text="OMNICEF"/>
        <entity id="DDI-DrugBank.d420.s9.e1" charOffset="64-67"
            type="drug_n" text="iron"/>
    </sentence>
    <sentence id="DDI-DrugBank.d420.s10" text="There have been rare reports of reddish stools in patients who have received cefdinir in Japan.">
        <entity id="DDI-DrugBank.d420.s10.e0" charOffset="77-84"
            type="drug" text="cefdinir"/>
    </sentence>
    <sentence id="DDI-DrugBank.d420.s11" text="The reddish color is due to the formation of a nonabsorbable complex between cefdinir or its breakdown products and iron in the gastrointestinal tract.">
        <entity id="DDI-DrugBank.d420.s11.e0" charOffset="77-84"
            type="drug" text="cefdinir"/>
        <entity id="DDI-DrugBank.d420.s11.e1" charOffset="116-119"
            type="drug" text="iron"/>
        <ddi id="DDI-DrugBank.d420.s11.d0" e1="DDI-DrugBank.d420.s11.e0"
            e2="DDI-DrugBank.d420.s11.e1" type="mechanism"/>
    </sentence>
    <sentence id="DDI-DrugBank.d420.s12" text="Drug/Laboratory Test Interactions A false-positive reaction for ketones in the urine may occur with tests using nitroprusside, but not with those using nitroferricyanide.">
        <entity id="DDI-DrugBank.d420.s12.e0" charOffset="112-124"
            type="drug" text="nitroprusside"/>
        <entity id="DDI-DrugBank.d420.s12.e1" charOffset="152-168"
            type="drug" text="nitroferricyanide"/>
    </sentence>
    <sentence id="DDI-DrugBank.d420.s13" text="The administration of cefdinir may result in a false-positive reaction for glucose in urine using Clinitest , Benedict s solution, or Fehlings solution.">
        <entity id="DDI-DrugBank.d420.s13.e0" charOffset="22-29"
            type="drug" text="cefdinir"/>
    </sentence>
    <sentence id="DDI-DrugBank.d420.s14" text="It is recommended that glucose tests based on enzymatic glucose oxidase reactions (such as Clinistix  or Tes-Tape ) be used."/>
    <sentence id="DDI-DrugBank.d420.s15" text="Cephalosporins are known to occasionally induce a positive direct Coombs  test.">
        <entity id="DDI-DrugBank.d420.s15.e0" charOffset="0-13"
            type="group" text="Cephalosporins"/>
    </sentence>
</document>
