<?xml version="1.0" encoding="UTF-8"?>
<document id="DDI-DrugBank.d193">
    <sentence id="DDI-DrugBank.d193.s0" text="A drug interaction study was performed in which ERBITUX was administered in combination with irinotecan.">
        <entity id="DDI-DrugBank.d193.s0.e0" charOffset="48-54"
            type="brand" text="ERBITUX"/>
        <entity id="DDI-DrugBank.d193.s0.e1" charOffset="93-102"
            type="drug" text="irinotecan"/>
    </sentence>
    <sentence id="DDI-DrugBank.d193.s1" text="There was no evidence of any pharmacokinetic interactions between ERBITUX and irinotecan.">
        <entity id="DDI-DrugBank.d193.s1.e0" charOffset="66-72"
            type="brand" text="ERBITUX"/>
        <entity id="DDI-DrugBank.d193.s1.e1" charOffset="78-87"
            type="drug" text="irinotecan"/>
    </sentence>
</document>
