<?xml version="1.0" encoding="UTF-8"?>
<document id="DDI-DrugBank.d419">
    <sentence id="DDI-DrugBank.d419.s0" text="The concurrent administration of allopurinol and ampicillin increases substantially the incidence of rashes in patients receiving both drugs as compared to patients receiving ampicillin alone.">
        <entity id="DDI-DrugBank.d419.s0.e0" charOffset="33-43"
            type="drug" text="allopurinol"/>
        <entity id="DDI-DrugBank.d419.s0.e1" charOffset="49-58"
            type="drug" text="ampicillin"/>
        <entity id="DDI-DrugBank.d419.s0.e2" charOffset="175-184"
            type="drug" text="ampicillin"/>
        <ddi id="DDI-DrugBank.d419.s0.d0" e1="DDI-DrugBank.d419.s0.e0"
            e2="DDI-DrugBank.d419.s0.e1" type="effect"/>
    </sentence>
    <sentence id="DDI-DrugBank.d419.s1" text="It is not known whether this potentiation of ampicillin rashes is due to allopurinol or the hyperuricemia present in these patients.">
        <entity id="DDI-DrugBank.d419.s1.e0" charOffset="45-54"
            type="drug" text="ampicillin"/>
        <entity id="DDI-DrugBank.d419.s1.e1" charOffset="73-83"
            type="drug" text="allopurinol"/>
        <ddi id="DDI-DrugBank.d419.s1.d0" e1="DDI-DrugBank.d419.s1.e0"
            e2="DDI-DrugBank.d419.s1.e1" type="effect"/>
    </sentence>
    <sentence id="DDI-DrugBank.d419.s2" text="In controlled clinical trials of AUGMENTIN XR, 22 patients received concomitant allopurinol and AUGMENTIN XR.">
        <entity id="DDI-DrugBank.d419.s2.e0" charOffset="33-44"
            type="brand" text="AUGMENTIN XR"/>
        <entity id="DDI-DrugBank.d419.s2.e1" charOffset="80-90"
            type="drug" text="allopurinol"/>
        <entity id="DDI-DrugBank.d419.s2.e2" charOffset="96-107"
            type="brand" text="AUGMENTIN XR"/>
    </sentence>
    <sentence id="DDI-DrugBank.d419.s3" text="No rashes were reported in these patients."/>
    <sentence id="DDI-DrugBank.d419.s4" text="However, this sample size is too small to allow for any conclusions to be drawn regarding the risk of rashes with concomitant AUGMENTIN XR and allopurinol use.">
        <entity id="DDI-DrugBank.d419.s4.e0" charOffset="126-137"
            type="brand" text="AUGMENTIN XR"/>
        <entity id="DDI-DrugBank.d419.s4.e1" charOffset="143-153"
            type="drug" text="allopurinol"/>
    </sentence>
    <sentence id="DDI-DrugBank.d419.s5" text="In common with other broad-spectrum antibiotics, AUGMENTIN XR may reduce the efficacy of oral contraceptives">
        <entity id="DDI-DrugBank.d419.s5.e0" charOffset="21-46"
            type="group" text="broad-spectrum antibiotics"/>
        <entity id="DDI-DrugBank.d419.s5.e1" charOffset="49-60"
            type="brand" text="AUGMENTIN XR"/>
        <entity id="DDI-DrugBank.d419.s5.e2" charOffset="94-107"
            type="group" text="contraceptives"/>
        <ddi id="DDI-DrugBank.d419.s5.d0" e1="DDI-DrugBank.d419.s5.e0"
            e2="DDI-DrugBank.d419.s5.e2" type="effect"/>
        <ddi id="DDI-DrugBank.d419.s5.d1" e1="DDI-DrugBank.d419.s5.e1"
            e2="DDI-DrugBank.d419.s5.e2" type="effect"/>
    </sentence>
</document>
