<?xml version="1.0" encoding="UTF-8"?>
<document id="DDI-DrugBank.d256">
    <sentence id="DDI-DrugBank.d256.s0" text="Clindamycin has been shown to have neuromuscular blocking properties that may enhance the action of other neuromuscular blocking agents.">
        <entity id="DDI-DrugBank.d256.s0.e0" charOffset="0-10"
            type="drug" text="Clindamycin"/>
        <entity id="DDI-DrugBank.d256.s0.e1" charOffset="106-134"
            type="group" text="neuromuscular blocking agents"/>
        <ddi id="DDI-DrugBank.d256.s0.d0" e1="DDI-DrugBank.d256.s0.e0"
            e2="DDI-DrugBank.d256.s0.e1" type="effect"/>
    </sentence>
    <sentence id="DDI-DrugBank.d256.s1" text="Therefore, it should be used with caution in patients receiving such agents."/>
    <sentence id="DDI-DrugBank.d256.s2" text="Antagonism has been demonstrated between clindamycin and erythromycin in vitro.">
        <entity id="DDI-DrugBank.d256.s2.e0" charOffset="41-51"
            type="drug" text="clindamycin"/>
        <entity id="DDI-DrugBank.d256.s2.e1" charOffset="57-68"
            type="drug" text="erythromycin"/>
        <ddi id="DDI-DrugBank.d256.s2.d0" e1="DDI-DrugBank.d256.s2.e0"
            e2="DDI-DrugBank.d256.s2.e1" type="effect"/>
    </sentence>
    <sentence id="DDI-DrugBank.d256.s3" text="Because of possible clinical significance, these two drugs should not be administered concurrently."/>
</document>
