<?xml version="1.0" encoding="UTF-8"?>
<document id="DDI-DrugBank.d464">
    <sentence id="DDI-DrugBank.d464.s0" text="Codeine in combination with other narcotic analgesics, general anesthetics, phenothiazines, tranquilizers, sedative-hypnotics, or other CNS depressants (including alcohol) has additive depressant effects.">
        <entity id="DDI-DrugBank.d464.s0.e0" charOffset="0-6"
            type="drug" text="Codeine"/>
        <entity id="DDI-DrugBank.d464.s0.e1" charOffset="34-52"
            type="group" text="narcotic analgesics"/>
        <entity id="DDI-DrugBank.d464.s0.e2" charOffset="63-73"
            type="group" text="anesthetics"/>
        <entity id="DDI-DrugBank.d464.s0.e3" charOffset="76-89"
            type="group" text="phenothiazines"/>
        <entity id="DDI-DrugBank.d464.s0.e4" charOffset="92-104"
            type="group" text="tranquilizers"/>
        <entity id="DDI-DrugBank.d464.s0.e5" charOffset="107-124"
            type="group" text="sedative-hypnotics"/>
        <entity id="DDI-DrugBank.d464.s0.e6" charOffset="136-150"
            type="group" text="CNS depressants"/>
        <entity id="DDI-DrugBank.d464.s0.e7" charOffset="163-169"
            type="drug" text="alcohol"/>
        <ddi id="DDI-DrugBank.d464.s0.d0" e1="DDI-DrugBank.d464.s0.e0"
            e2="DDI-DrugBank.d464.s0.e1" type="effect"/>
        <ddi id="DDI-DrugBank.d464.s0.d1" e1="DDI-DrugBank.d464.s0.e0"
            e2="DDI-DrugBank.d464.s0.e2" type="effect"/>
        <ddi id="DDI-DrugBank.d464.s0.d2" e1="DDI-DrugBank.d464.s0.e0"
            e2="DDI-DrugBank.d464.s0.e3" type="effect"/>
        <ddi id="DDI-DrugBank.d464.s0.d3" e1="DDI-DrugBank.d464.s0.e0"
            e2="DDI-DrugBank.d464.s0.e4" type="effect"/>
        <ddi id="DDI-DrugBank.d464.s0.d4" e1="DDI-DrugBank.d464.s0.e0"
            e2="DDI-DrugBank.d464.s0.e5" type="effect"/>
        <ddi id="DDI-DrugBank.d464.s0.d5" e1="DDI-DrugBank.d464.s0.e0"
            e2="DDI-DrugBank.d464.s0.e6" type="effect"/>
        <ddi id="DDI-DrugBank.d464.s0.d6" e1="DDI-DrugBank.d464.s0.e0"
            e2="DDI-DrugBank.d464.s0.e7" type="effect"/>
    </sentence>
    <sentence id="DDI-DrugBank.d464.s1" text="When s.c."/>
    <sentence id="DDI-DrugBank.d464.s2" text="combination therapy is contemplated, the dosage of one or both agents should be reduced."/>
</document>
