<?xml version="1.0" encoding="UTF-8"?>
<document id="DDI-DrugBank.d298">
    <sentence id="DDI-DrugBank.d298.s0" text="Cyclopentolate may interfere with the anti-glaucoma action of carbachol or pilocarpine;">
        <entity id="DDI-DrugBank.d298.s0.e0" charOffset="0-13"
            type="drug" text="Cyclopentolate"/>
        <entity id="DDI-DrugBank.d298.s0.e1" charOffset="62-70"
            type="drug" text="carbachol"/>
        <entity id="DDI-DrugBank.d298.s0.e2" charOffset="75-85"
            type="drug" text="pilocarpine"/>
        <ddi id="DDI-DrugBank.d298.s0.d0" e1="DDI-DrugBank.d298.s0.e0"
            e2="DDI-DrugBank.d298.s0.e1" type="effect"/>
        <ddi id="DDI-DrugBank.d298.s0.d1" e1="DDI-DrugBank.d298.s0.e0"
            e2="DDI-DrugBank.d298.s0.e2" type="effect"/>
    </sentence>
    <sentence id="DDI-DrugBank.d298.s1" text="also, concurrent use of this medication may antagonise the anti-glaucoma and miotic actions of ophthalmic cholinesterase inhibitors.">
        <entity id="DDI-DrugBank.d298.s1.e0" charOffset="106-130"
            type="group" text="cholinesterase inhibitors"/>
    </sentence>
</document>
