<?xml version="1.0" encoding="UTF-8"?>
<document id="DDI-DrugBank.d492">
    <sentence id="DDI-DrugBank.d492.s0" text="MAO inhibitors prolong and intensify the anticholinergic effects of antihistamines.">
        <entity id="DDI-DrugBank.d492.s0.e0" charOffset="0-13"
            type="group" text="MAO inhibitors"/>
        <entity id="DDI-DrugBank.d492.s0.e1" charOffset="68-81"
            type="group" text="antihistamines"/>
        <ddi id="DDI-DrugBank.d492.s0.d0" e1="DDI-DrugBank.d492.s0.e0"
            e2="DDI-DrugBank.d492.s0.e1" type="effect"/>
    </sentence>
    <sentence id="DDI-DrugBank.d492.s1" text="Antihistamines may have additive effects with alcohol and other CNS depressants, e.g., hypnotics, sedatives, tranquilizers, antianxiety agents.">
        <entity id="DDI-DrugBank.d492.s1.e0" charOffset="0-13"
            type="group" text="Antihistamines"/>
        <entity id="DDI-DrugBank.d492.s1.e1" charOffset="46-52"
            type="drug" text="alcohol"/>
        <entity id="DDI-DrugBank.d492.s1.e2" charOffset="64-78"
            type="group" text="CNS depressants"/>
        <entity id="DDI-DrugBank.d492.s1.e3" charOffset="87-95"
            type="group" text="hypnotics"/>
        <entity id="DDI-DrugBank.d492.s1.e4" charOffset="98-106"
            type="group" text="sedatives"/>
        <entity id="DDI-DrugBank.d492.s1.e5" charOffset="109-121"
            type="group" text="tranquilizers"/>
        <entity id="DDI-DrugBank.d492.s1.e6" charOffset="124-141"
            type="group" text="antianxiety agents"/>
        <ddi id="DDI-DrugBank.d492.s1.d0" e1="DDI-DrugBank.d492.s1.e0"
            e2="DDI-DrugBank.d492.s1.e1" type="effect"/>
        <ddi id="DDI-DrugBank.d492.s1.d1" e1="DDI-DrugBank.d492.s1.e0"
            e2="DDI-DrugBank.d492.s1.e2" type="effect"/>
        <ddi id="DDI-DrugBank.d492.s1.d2" e1="DDI-DrugBank.d492.s1.e0"
            e2="DDI-DrugBank.d492.s1.e3" type="effect"/>
        <ddi id="DDI-DrugBank.d492.s1.d3" e1="DDI-DrugBank.d492.s1.e0"
            e2="DDI-DrugBank.d492.s1.e4" type="effect"/>
        <ddi id="DDI-DrugBank.d492.s1.d4" e1="DDI-DrugBank.d492.s1.e0"
            e2="DDI-DrugBank.d492.s1.e5" type="effect"/>
        <ddi id="DDI-DrugBank.d492.s1.d5" e1="DDI-DrugBank.d492.s1.e0"
            e2="DDI-DrugBank.d492.s1.e6" type="effect"/>
    </sentence>
</document>
