<?xml version="1.0" encoding="UTF-8"?>
<document id="DDI-DrugBank.d185">
    <sentence id="DDI-DrugBank.d185.s0" text="A drug-drug interaction study evaluated the effect of the use of ACZONE Gel, 5%, in combination with double strength (160 mg/800 mg) trimethoprim/sulfamethoxazole (TMP/SMX).">
        <entity id="DDI-DrugBank.d185.s0.e0" charOffset="65-70"
            type="brand" text="ACZONE"/>
        <entity id="DDI-DrugBank.d185.s0.e1" charOffset="133-144"
            type="drug" text="trimethoprim"/>
        <entity id="DDI-DrugBank.d185.s0.e2" charOffset="146-161"
            type="drug" text="sulfamethoxazole"/>
        <entity id="DDI-DrugBank.d185.s0.e3" charOffset="164-166"
            type="drug" text="TMP"/>
        <entity id="DDI-DrugBank.d185.s0.e4" charOffset="168-170"
            type="drug" text="SMX"/>
    </sentence>
    <sentence id="DDI-DrugBank.d185.s1" text="During co-administration, systemic levels of TMP and SMX were essentially unchanged.">
        <entity id="DDI-DrugBank.d185.s1.e0" charOffset="45-47"
            type="drug" text="TMP"/>
        <entity id="DDI-DrugBank.d185.s1.e1" charOffset="53-55"
            type="drug" text="SMX"/>
    </sentence>
    <sentence id="DDI-DrugBank.d185.s2" text="Notably, systemic exposure (AUC0-12) of dapsone hydroxylamine (DHA) was more than doubled in the presence of TMP/SMX.">
        <entity id="DDI-DrugBank.d185.s2.e0" charOffset="40-60"
            type="drug_n" text="dapsone hydroxylamine"/>
        <entity id="DDI-DrugBank.d185.s2.e1" charOffset="63-65"
            type="drug_n" text="DHA"/>
        <entity id="DDI-DrugBank.d185.s2.e2" charOffset="109-111"
            type="drug" text="TMP"/>
        <entity id="DDI-DrugBank.d185.s2.e3" charOffset="113-115"
            type="drug" text="SMX"/>
    </sentence>
    <sentence id="DDI-DrugBank.d185.s3" text="Exposure from the proposed topical dose is about 1% of that from the 100 mg oral dose, even when co-administered with TMP/SMX.">
        <entity id="DDI-DrugBank.d185.s3.e0" charOffset="118-120"
            type="drug" text="TMP"/>
        <entity id="DDI-DrugBank.d185.s3.e1" charOffset="122-124"
            type="drug" text="SMX"/>
    </sentence>
    <sentence id="DDI-DrugBank.d185.s4" text="Certain concomitant medications (such as rifampin, anticonvulsants, St.">
        <entity id="DDI-DrugBank.d185.s4.e0" charOffset="41-48"
            type="drug" text="rifampin"/>
        <entity id="DDI-DrugBank.d185.s4.e1" charOffset="51-65"
            type="group" text="anticonvulsants"/>
    </sentence>
    <sentence id="DDI-DrugBank.d185.s5" text="John s wort) may increase the formation of dapsone hydroxylamine, a metabolite of dapsone associated with hemolysis.">
        <entity id="DDI-DrugBank.d185.s5.e0" charOffset="43-63"
            type="drug_n" text="dapsone hydroxylamine"/>
        <entity id="DDI-DrugBank.d185.s5.e1" charOffset="82-88"
            type="drug" text="dapsone"/>
    </sentence>
    <sentence id="DDI-DrugBank.d185.s6" text="With oral dapsone treatment, folic acid antagonists such as pyrimethamine have been noted to possibly increase the likelihood of hematologic reactions">
        <entity id="DDI-DrugBank.d185.s6.e0" charOffset="10-16"
            type="drug" text="dapsone"/>
        <entity id="DDI-DrugBank.d185.s6.e1" charOffset="29-50"
            type="group" text="folic acid antagonists"/>
        <entity id="DDI-DrugBank.d185.s6.e2" charOffset="60-72"
            type="drug" text="pyrimethamine"/>
        <ddi id="DDI-DrugBank.d185.s6.d0" e1="DDI-DrugBank.d185.s6.e0"
            e2="DDI-DrugBank.d185.s6.e1" type="effect"/>
        <ddi id="DDI-DrugBank.d185.s6.d1" e1="DDI-DrugBank.d185.s6.e0"
            e2="DDI-DrugBank.d185.s6.e2" type="effect"/>
    </sentence>
    <sentence id="DDI-DrugBank.d185.s7" text="."/>
    <sentence id="DDI-DrugBank.d185.s8" text=""/>
</document>
