<?xml version="1.0" encoding="UTF-8"?>
<document id="DDI-DrugBank.d461">
    <sentence id="DDI-DrugBank.d461.s0" text="Additive depressant effect when used with general anesthetics, sedatives, antianxiety drugs, hypnotics, alcohol, and other opiate analgesics.">
        <entity id="DDI-DrugBank.d461.s0.e0" charOffset="50-60"
            type="group" text="anesthetics"/>
        <entity id="DDI-DrugBank.d461.s0.e1" charOffset="63-71"
            type="group" text="sedatives"/>
        <entity id="DDI-DrugBank.d461.s0.e2" charOffset="74-90"
            type="group" text="antianxiety drugs"/>
        <entity id="DDI-DrugBank.d461.s0.e3" charOffset="93-101"
            type="group" text="hypnotics"/>
        <entity id="DDI-DrugBank.d461.s0.e4" charOffset="104-110"
            type="drug" text="alcohol"/>
        <entity id="DDI-DrugBank.d461.s0.e5" charOffset="123-139"
            type="group" text="opiate analgesics"/>
    </sentence>
</document>
