<?xml version="1.0" encoding="UTF-8"?>
<document id="DDI-DrugBank.d293">
    <sentence id="DDI-DrugBank.d293.s0" text="May interact with thyroid medication (e.g., levothyroxine), iodine-containing products, antacids, H2-antagonists (e.g., famotidine, ranitidine), and proton pump inhibitors (e.g., lansoprazole, omeprazole).">
        <entity id="DDI-DrugBank.d293.s0.e0" charOffset="44-56"
            type="drug" text="levothyroxine"/>
        <entity id="DDI-DrugBank.d293.s0.e1" charOffset="60-65"
            type="drug" text="iodine"/>
        <entity id="DDI-DrugBank.d293.s0.e2" charOffset="88-95"
            type="group" text="antacids"/>
        <entity id="DDI-DrugBank.d293.s0.e3" charOffset="98-111"
            type="group" text="H2-antagonists"/>
        <entity id="DDI-DrugBank.d293.s0.e4" charOffset="120-129"
            type="drug" text="famotidine"/>
        <entity id="DDI-DrugBank.d293.s0.e5" charOffset="132-141"
            type="drug" text="ranitidine"/>
        <entity id="DDI-DrugBank.d293.s0.e6" charOffset="149-170"
            type="group" text="proton pump inhibitors"/>
        <entity id="DDI-DrugBank.d293.s0.e7" charOffset="179-190"
            type="drug" text="lansoprazole"/>
        <entity id="DDI-DrugBank.d293.s0.e8" charOffset="193-202"
            type="drug" text="omeprazole"/>
    </sentence>
    <sentence id="DDI-DrugBank.d293.s1" text="This product can affect the results of certain lab tests."/>
</document>
