<?xml version="1.0" encoding="UTF-8"?>
<document id="DDI-DrugBank.d543">
    <sentence id="DDI-DrugBank.d543.s0" text="The following agents may increase certain actions or side effects of anticholinergic drugs. amantadine antiarrhythmic agents of class (e.g. quinidine), antihistamines antipsychotic agents (e.g. phenothiazines), benzodiazepines.">
        <entity id="DDI-DrugBank.d543.s0.e0" charOffset="69-89"
            type="group" text="anticholinergic drugs"/>
        <entity id="DDI-DrugBank.d543.s0.e1" charOffset="92-101"
            type="drug" text="amantadine"/>
        <entity id="DDI-DrugBank.d543.s0.e2" charOffset="103-123"
            type="group" text="antiarrhythmic agents"/>
        <entity id="DDI-DrugBank.d543.s0.e3" charOffset="140-148"
            type="drug" text="quinidine"/>
        <entity id="DDI-DrugBank.d543.s0.e4" charOffset="152-165"
            type="group" text="antihistamines"/>
        <entity id="DDI-DrugBank.d543.s0.e5" charOffset="167-186"
            type="group" text="antipsychotic agents"/>
        <entity id="DDI-DrugBank.d543.s0.e6" charOffset="194-207"
            type="group" text="phenothiazines"/>
        <entity id="DDI-DrugBank.d543.s0.e7" charOffset="211-225"
            type="group" text="benzodiazepines"/>
    </sentence>
    <sentence id="DDI-DrugBank.d543.s1" text="MAO inhibitors, narcotic analgesics (e.g., meperidine), nitrates and nitrites, sympathomimetic agents, tricyclic antidepressants, and other drugs having anticholinergic activity.">
        <entity id="DDI-DrugBank.d543.s1.e0" charOffset="0-13"
            type="group" text="MAO inhibitors"/>
        <entity id="DDI-DrugBank.d543.s1.e1" charOffset="16-34"
            type="group" text="narcotic analgesics"/>
        <entity id="DDI-DrugBank.d543.s1.e2" charOffset="43-52"
            type="drug" text="meperidine"/>
        <entity id="DDI-DrugBank.d543.s1.e3" charOffset="56-63"
            type="group" text="nitrates"/>
        <entity id="DDI-DrugBank.d543.s1.e4" charOffset="69-76"
            type="group" text="nitrites"/>
        <entity id="DDI-DrugBank.d543.s1.e5" charOffset="79-100"
            type="group" text="sympathomimetic agents"/>
        <entity id="DDI-DrugBank.d543.s1.e6" charOffset="103-127"
            type="group" text="tricyclic antidepressants"/>
    </sentence>
    <sentence id="DDI-DrugBank.d543.s2" text="Anticholinergics antagonize the effects of antiglaucoma agents.">
        <entity id="DDI-DrugBank.d543.s2.e0" charOffset="0-15"
            type="group" text="Anticholinergics"/>
        <entity id="DDI-DrugBank.d543.s2.e1" charOffset="43-61"
            type="group" text="antiglaucoma agents"/>
    </sentence>
    <sentence id="DDI-DrugBank.d543.s3" text="Anticholinergic drugs in the presence of increased intraocular pressure may be hazardous when taken concurrently with agents such as corti costeroids..">
        <entity id="DDI-DrugBank.d543.s3.e0" charOffset="0-20"
            type="group" text="Anticholinergic drugs"/>
    </sentence>
    <sentence id="DDI-DrugBank.d543.s4" text="Anticholinergic agents may affect gastrointestinal absorption of various drugs, such as slowly dissolving dosage forms of digoxin;">
        <entity id="DDI-DrugBank.d543.s4.e0" charOffset="0-21"
            type="group" text="Anticholinergic agents"/>
        <entity id="DDI-DrugBank.d543.s4.e1" charOffset="122-128"
            type="drug" text="digoxin"/>
        <ddi id="DDI-DrugBank.d543.s4.d0" e1="DDI-DrugBank.d543.s4.e0"
            e2="DDI-DrugBank.d543.s4.e1" type="mechanism"/>
    </sentence>
    <sentence id="DDI-DrugBank.d543.s5" text="increased serum digoxin concentrations may result.">
        <entity id="DDI-DrugBank.d543.s5.e0" charOffset="16-22"
            type="drug" text="digoxin"/>
    </sentence>
    <sentence id="DDI-DrugBank.d543.s6" text="Anticholinergic drugs may antagonize the effects of the drugs that alter gastrointestinal motility, such as metoclopramide.">
        <entity id="DDI-DrugBank.d543.s6.e0" charOffset="0-20"
            type="group" text="Anticholinergic drugs"/>
        <entity id="DDI-DrugBank.d543.s6.e1" charOffset="108-121"
            type="drug" text="metoclopramide"/>
        <ddi id="DDI-DrugBank.d543.s6.d0" e1="DDI-DrugBank.d543.s6.e0"
            e2="DDI-DrugBank.d543.s6.e1" type="mechanism"/>
    </sentence>
    <sentence id="DDI-DrugBank.d543.s7" text="Because antacids may interfere with the absorption of anticholinergic agents, simultaneous use of these drugs should be avoided.">
        <entity id="DDI-DrugBank.d543.s7.e0" charOffset="8-15"
            type="group" text="antacids"/>
        <entity id="DDI-DrugBank.d543.s7.e1" charOffset="54-75"
            type="group" text="anticholinergic agents"/>
        <ddi id="DDI-DrugBank.d543.s7.d0" e1="DDI-DrugBank.d543.s7.e0"
            e2="DDI-DrugBank.d543.s7.e1" type="mechanism"/>
    </sentence>
    <sentence id="DDI-DrugBank.d543.s8" text="The inhibiting effects of anticholinergic drugs on gastric hydrochloric acid secretion are antagonized by agents used to treat achlorhydria and those used to test gastric secretion.">
        <entity id="DDI-DrugBank.d543.s8.e0" charOffset="26-46"
            type="group" text="anticholinergic drugs"/>
    </sentence>
</document>
