<?xml version="1.0" encoding="UTF-8"?>
<document id="DDI-DrugBank.d248">
    <sentence id="DDI-DrugBank.d248.s0" text="May interact anticoagulants (altered hypo-prothrombinemic effect), barbiturates, rifampin and other inducers of hepatic microsomal enzyme oxidation system (decreased effect of diethylstilbestrol), corticosteroids (increased effect of corticosteroids).">
        <entity id="DDI-DrugBank.d248.s0.e0" charOffset="13-26"
            type="group" text="anticoagulants"/>
        <entity id="DDI-DrugBank.d248.s0.e1" charOffset="67-78"
            type="group" text="barbiturates"/>
        <entity id="DDI-DrugBank.d248.s0.e2" charOffset="81-88"
            type="drug" text="rifampin"/>
        <entity id="DDI-DrugBank.d248.s0.e3" charOffset="176-193"
            type="drug" text="diethylstilbestrol"/>
        <entity id="DDI-DrugBank.d248.s0.e4" charOffset="197-211"
            type="group" text="corticosteroids"/>
        <entity id="DDI-DrugBank.d248.s0.e5" charOffset="234-248"
            type="group" text="corticosteroids"/>
    </sentence>
</document>
