<?xml version="1.0" encoding="UTF-8"?>
<document id="DDI-DrugBank.d181">
    <sentence id="DDI-DrugBank.d181.s0" text="Oxytocin or other oxytocics (concurrent use with dinoprost may result in uterine hypertonus, possibly causing uterine rupture or cervical laceration, especially in the absence of adequate cervical dilatation;">
        <entity id="DDI-DrugBank.d181.s0.e0" charOffset="0-7"
            type="drug" text="Oxytocin"/>
        <entity id="DDI-DrugBank.d181.s0.e1" charOffset="18-26"
            type="group" text="oxytocics"/>
        <entity id="DDI-DrugBank.d181.s0.e2" charOffset="49-57"
            type="drug" text="dinoprost"/>
        <ddi id="DDI-DrugBank.d181.s0.d0" e1="DDI-DrugBank.d181.s0.e0"
            e2="DDI-DrugBank.d181.s0.e2" type="effect"/>
        <ddi id="DDI-DrugBank.d181.s0.d1" e1="DDI-DrugBank.d181.s0.e1"
            e2="DDI-DrugBank.d181.s0.e2" type="effect"/>
    </sentence>
    <sentence id="DDI-DrugBank.d181.s1" text="although combinations are sometimes used for therapeutic advantage, when used concurrently, patient should be closely monitored."/>
</document>
