<?xml version="1.0" encoding="UTF-8"?>
<document id="DDI-DrugBank.d538">
    <sentence id="DDI-DrugBank.d538.s0" text="Known drug interactions include barbiturates, tranquilizers, and alcohol.">
        <entity id="DDI-DrugBank.d538.s0.e0" charOffset="32-43"
            type="group" text="barbiturates"/>
        <entity id="DDI-DrugBank.d538.s0.e1" charOffset="46-58"
            type="group" text="tranquilizers"/>
        <entity id="DDI-DrugBank.d538.s0.e2" charOffset="65-71"
            type="drug" text="alcohol"/>
    </sentence>
    <sentence id="DDI-DrugBank.d538.s1" text="Diphenoxylate HCl and atropine sulfate may interact with MAO inhibitors In studies with male rats, diphenoxylate hydrochloride was found to inhibit the hepatic microsomal enzyme system at a dose of 2 mg/kg/day.">
        <entity id="DDI-DrugBank.d538.s1.e0" charOffset="0-16"
            type="drug" text="Diphenoxylate HCl"/>
        <entity id="DDI-DrugBank.d538.s1.e1" charOffset="22-37"
            type="drug" text="atropine sulfate"/>
        <entity id="DDI-DrugBank.d538.s1.e2" charOffset="57-70"
            type="group" text="MAO inhibitors"/>
        <entity id="DDI-DrugBank.d538.s1.e3" charOffset="99-125"
            type="drug" text="diphenoxylate hydrochloride"/>
        <ddi id="DDI-DrugBank.d538.s1.d0" e1="DDI-DrugBank.d538.s1.e0"
            e2="DDI-DrugBank.d538.s1.e2" type="int"/>
        <ddi id="DDI-DrugBank.d538.s1.d1" e1="DDI-DrugBank.d538.s1.e1"
            e2="DDI-DrugBank.d538.s1.e2" type="int"/>
    </sentence>
    <sentence id="DDI-DrugBank.d538.s2" text="Therefore, diphenoxylate has the potential to prolong the biological half-lives of drugs for which the rate of elimination is dependent on the microsomal drug metabolizing enzyme system.">
        <entity id="DDI-DrugBank.d538.s2.e0" charOffset="11-23"
            type="drug" text="diphenoxylate"/>
    </sentence>
</document>
