<?xml version="1.0" encoding="UTF-8"?>
<document id="DDI-DrugBank.d120">
    <sentence id="DDI-DrugBank.d120.s0" text="CNS depression producing medications - concurrent use may potentiate the effects of either these medications or diphenidol;">
        <entity id="DDI-DrugBank.d120.s0.e0" charOffset="112-121"
            type="drug" text="diphenidol"/>
    </sentence>
    <sentence id="DDI-DrugBank.d120.s1" text="anticholinergics or other medications with anticholinergic activity - anticholinergic effects may be potentiated when these medications are used concurrently with diphenidol;">
        <entity id="DDI-DrugBank.d120.s1.e0" charOffset="0-15"
            type="group" text="anticholinergics"/>
        <entity id="DDI-DrugBank.d120.s1.e1" charOffset="163-172"
            type="drug" text="diphenidol"/>
    </sentence>
    <sentence id="DDI-DrugBank.d120.s2" text="apomorphine - prior ingestion of diphenidol may decrease the emetic response to apomorphine in the treatment of poisoning.">
        <entity id="DDI-DrugBank.d120.s2.e0" charOffset="0-10"
            type="drug" text="apomorphine"/>
        <entity id="DDI-DrugBank.d120.s2.e1" charOffset="33-42"
            type="drug" text="diphenidol"/>
        <entity id="DDI-DrugBank.d120.s2.e2" charOffset="61-66"
            type="group" text="emetic"/>
        <entity id="DDI-DrugBank.d120.s2.e3" charOffset="80-90"
            type="drug" text="apomorphine"/>
        <ddi id="DDI-DrugBank.d120.s2.d0" e1="DDI-DrugBank.d120.s2.e1"
            e2="DDI-DrugBank.d120.s2.e3" type="effect"/>
    </sentence>
</document>
