<?xml version="1.0" encoding="UTF-8"?>
<document id="DDI-DrugBank.d296">
    <sentence id="DDI-DrugBank.d296.s0" text="Diphenhydramine hydrochloride has additive effects with alcohol and other CNS depressants (hypnotics, sedatives, tranquilizers, etc).">
        <entity id="DDI-DrugBank.d296.s0.e0" charOffset="0-28"
            type="drug" text="Diphenhydramine hydrochloride"/>
        <entity id="DDI-DrugBank.d296.s0.e1" charOffset="56-62"
            type="drug" text="alcohol"/>
        <entity id="DDI-DrugBank.d296.s0.e2" charOffset="74-88"
            type="group" text="CNS depressants"/>
        <entity id="DDI-DrugBank.d296.s0.e3" charOffset="91-99"
            type="group" text="hypnotics"/>
        <entity id="DDI-DrugBank.d296.s0.e4" charOffset="102-110"
            type="group" text="sedatives"/>
        <entity id="DDI-DrugBank.d296.s0.e5" charOffset="113-125"
            type="group" text="tranquilizers"/>
        <ddi id="DDI-DrugBank.d296.s0.d0" e1="DDI-DrugBank.d296.s0.e0"
            e2="DDI-DrugBank.d296.s0.e1" type="effect"/>
        <ddi id="DDI-DrugBank.d296.s0.d1" e1="DDI-DrugBank.d296.s0.e0"
            e2="DDI-DrugBank.d296.s0.e2" type="effect"/>
        <ddi id="DDI-DrugBank.d296.s0.d2" e1="DDI-DrugBank.d296.s0.e0"
            e2="DDI-DrugBank.d296.s0.e3" type="effect"/>
        <ddi id="DDI-DrugBank.d296.s0.d3" e1="DDI-DrugBank.d296.s0.e0"
            e2="DDI-DrugBank.d296.s0.e4" type="effect"/>
        <ddi id="DDI-DrugBank.d296.s0.d4" e1="DDI-DrugBank.d296.s0.e0"
            e2="DDI-DrugBank.d296.s0.e5" type="effect"/>
    </sentence>
    <sentence id="DDI-DrugBank.d296.s1" text="MAO inhibitors prolong and intensify the anticholinergic (drying) effects of antihistamines.">
        <entity id="DDI-DrugBank.d296.s1.e0" charOffset="0-13"
            type="group" text="MAO inhibitors"/>
        <entity id="DDI-DrugBank.d296.s1.e1" charOffset="77-90"
            type="group" text="antihistamines"/>
        <ddi id="DDI-DrugBank.d296.s1.d0" e1="DDI-DrugBank.d296.s1.e0"
            e2="DDI-DrugBank.d296.s1.e1" type="effect"/>
    </sentence>
</document>
