<?xml version="1.0" encoding="UTF-8"?>
<document id="DDI-DrugBank.d522">
    <sentence id="DDI-DrugBank.d522.s0" text="Terfenadine: In a prospective study involving six-healthy-male volunteers, dirithromycin did not affect the metabolism of terfenadine.">
        <entity id="DDI-DrugBank.d522.s0.e0" charOffset="0-10"
            type="drug" text="Terfenadine"/>
        <entity id="DDI-DrugBank.d522.s0.e1" charOffset="75-87"
            type="drug" text="dirithromycin"/>
        <entity id="DDI-DrugBank.d522.s0.e2" charOffset="122-132"
            type="drug" text="terfenadine"/>
    </sentence>
    <sentence id="DDI-DrugBank.d522.s1" text="These six volunteers received terfenadine alone (60 mg twice daily) for 8 days, followed by terfenadine in combination with dirithromycin (500 mg once daily) for 10 days.">
        <entity id="DDI-DrugBank.d522.s1.e0" charOffset="30-40"
            type="drug" text="terfenadine"/>
        <entity id="DDI-DrugBank.d522.s1.e1" charOffset="92-102"
            type="drug" text="terfenadine"/>
        <entity id="DDI-DrugBank.d522.s1.e2" charOffset="124-136"
            type="drug" text="dirithromycin"/>
    </sentence>
    <sentence id="DDI-DrugBank.d522.s2" text="(Both drugs were thus dosed to steady state.)"/>
    <sentence id="DDI-DrugBank.d522.s3" text="The pharmacokinetics of terfenadine and its acid metabolite and the electrocardiographic QT c interval were measured during both periods: with terfenadine alone, and with terfenadine plus dirithromycin.">
        <entity id="DDI-DrugBank.d522.s3.e0" charOffset="24-34"
            type="drug" text="terfenadine"/>
        <entity id="DDI-DrugBank.d522.s3.e1" charOffset="143-153"
            type="drug" text="terfenadine"/>
        <entity id="DDI-DrugBank.d522.s3.e2" charOffset="171-181"
            type="drug" text="terfenadine"/>
        <entity id="DDI-DrugBank.d522.s3.e3" charOffset="188-200"
            type="drug" text="dirithromycin"/>
    </sentence>
    <sentence id="DDI-DrugBank.d522.s4" text="In five men, terfenadine levels were undetectable ( 5 ng/mL) throughout the study;">
        <entity id="DDI-DrugBank.d522.s4.e0" charOffset="13-23"
            type="drug" text="terfenadine"/>
    </sentence>
    <sentence id="DDI-DrugBank.d522.s5" text="in one man, the C max of terfenadine was 8.1 ng/mL with terfenadine alone and 7.2 ng/mL with terfenadine plus dirithromycin.">
        <entity id="DDI-DrugBank.d522.s5.e0" charOffset="25-35"
            type="drug" text="terfenadine"/>
        <entity id="DDI-DrugBank.d522.s5.e1" charOffset="56-66"
            type="drug" text="terfenadine"/>
        <entity id="DDI-DrugBank.d522.s5.e2" charOffset="93-103"
            type="drug" text="terfenadine"/>
        <entity id="DDI-DrugBank.d522.s5.e3" charOffset="110-122"
            type="drug" text="dirithromycin"/>
        <ddi id="DDI-DrugBank.d522.s5.d0" e1="DDI-DrugBank.d522.s5.e2"
            e2="DDI-DrugBank.d522.s5.e3" type="mechanism"/>
    </sentence>
    <sentence id="DDI-DrugBank.d522.s6" text="The mean C max , T max , and AUC of the acid metabolite of terfenadine were not significantly changed.">
        <entity id="DDI-DrugBank.d522.s6.e0" charOffset="59-69"
            type="drug" text="terfenadine"/>
    </sentence>
    <sentence id="DDI-DrugBank.d522.s7" text="The mean QT c interval (msec) was 369 with terfenadine alone and 367 with terfenadine plus dirithromycin.">
        <entity id="DDI-DrugBank.d522.s7.e0" charOffset="43-53"
            type="drug" text="terfenadine"/>
        <entity id="DDI-DrugBank.d522.s7.e1" charOffset="74-84"
            type="drug" text="terfenadine"/>
        <entity id="DDI-DrugBank.d522.s7.e2" charOffset="91-103"
            type="drug" text="dirithromycin"/>
        <ddi id="DDI-DrugBank.d522.s7.d0" e1="DDI-DrugBank.d522.s7.e1"
            e2="DDI-DrugBank.d522.s7.e2" type="effect"/>
    </sentence>
    <sentence id="DDI-DrugBank.d522.s8" text="Also, in vitro experiments demonstrated a lack of interaction between dirithromycin and terfenadine.">
        <entity id="DDI-DrugBank.d522.s8.e0" charOffset="70-82"
            type="drug" text="dirithromycin"/>
        <entity id="DDI-DrugBank.d522.s8.e1" charOffset="88-98"
            type="drug" text="terfenadine"/>
    </sentence>
    <sentence id="DDI-DrugBank.d522.s9" text="Thus, the interaction observed between erythromycin and terfenadine is not expected for dirithromycin.">
        <entity id="DDI-DrugBank.d522.s9.e0" charOffset="39-50"
            type="drug" text="erythromycin"/>
        <entity id="DDI-DrugBank.d522.s9.e1" charOffset="56-66"
            type="drug" text="terfenadine"/>
        <entity id="DDI-DrugBank.d522.s9.e2" charOffset="88-100"
            type="drug" text="dirithromycin"/>
        <ddi id="DDI-DrugBank.d522.s9.d0" e1="DDI-DrugBank.d522.s9.e0"
            e2="DDI-DrugBank.d522.s9.e1" type="int"/>
    </sentence>
    <sentence id="DDI-DrugBank.d522.s10" text="Serious cardiac dysrhythmias, some resulting in death, have occurred in patients receiving terfenadine concomitantly with other macrolide antibiotics.">
        <entity id="DDI-DrugBank.d522.s10.e0" charOffset="91-101"
            type="drug" text="terfenadine"/>
        <entity id="DDI-DrugBank.d522.s10.e1" charOffset="128-148"
            type="group" text="macrolide antibiotics"/>
        <ddi id="DDI-DrugBank.d522.s10.d0" e1="DDI-DrugBank.d522.s10.e0"
            e2="DDI-DrugBank.d522.s10.e1" type="effect"/>
    </sentence>
    <sentence id="DDI-DrugBank.d522.s11" text="In addition, most macrolides are contraindicated in patients receiving terfenadine therapy who have pre-existing cardiac abnormalities (arrhythmia, bradycardia, QT c interval prolongation, ischemic heart disease, congestive heart failure, etc.) or electrolyte disturbances.">
        <entity id="DDI-DrugBank.d522.s11.e0" charOffset="18-27"
            type="group" text="macrolides"/>
        <entity id="DDI-DrugBank.d522.s11.e1" charOffset="71-81"
            type="drug" text="terfenadine"/>
        <ddi id="DDI-DrugBank.d522.s11.d0" e1="DDI-DrugBank.d522.s11.e0"
            e2="DDI-DrugBank.d522.s11.e1" type="advise"/>
    </sentence>
    <sentence id="DDI-DrugBank.d522.s12" text="Theophylline: Following co-administration of two 250-mg dirithromycin tablets administered once daily with 200-mg theophylline tablets administered twice daily for 10 days to 14 healthy subjects, the steady-state plasma concentration of theophylline was not significantly altered.">
        <entity id="DDI-DrugBank.d522.s12.e0" charOffset="0-11"
            type="drug" text="Theophylline"/>
        <entity id="DDI-DrugBank.d522.s12.e1" charOffset="56-68"
            type="drug" text="dirithromycin"/>
        <entity id="DDI-DrugBank.d522.s12.e2" charOffset="114-125"
            type="drug" text="theophylline"/>
        <entity id="DDI-DrugBank.d522.s12.e3" charOffset="237-248"
            type="drug" text="theophylline"/>
    </sentence>
    <sentence id="DDI-DrugBank.d522.s13" text="In general, most patients treated with dirithromycin who are receiving concomitant theophylline therapy may not require empiric adjustment of theophylline dosage or monitoring of theophylline plasma concentrations.">
        <entity id="DDI-DrugBank.d522.s13.e0" charOffset="39-51"
            type="drug" text="dirithromycin"/>
        <entity id="DDI-DrugBank.d522.s13.e1" charOffset="83-94"
            type="drug" text="theophylline"/>
        <entity id="DDI-DrugBank.d522.s13.e2" charOffset="142-153"
            type="drug" text="theophylline"/>
        <entity id="DDI-DrugBank.d522.s13.e3" charOffset="179-190"
            type="drug" text="theophylline"/>
    </sentence>
    <sentence id="DDI-DrugBank.d522.s14" text="However, theophylline plasma concentrations should be monitored, with dosage adjustment as appropriate, in patients whose pulmonary disease requires maintaining a given theophylline plasma concentration for optimal pulmonary function or in patients with theophylline concentrations at the higher end of the therapeutic range.">
        <entity id="DDI-DrugBank.d522.s14.e0" charOffset="9-20"
            type="drug" text="theophylline"/>
        <entity id="DDI-DrugBank.d522.s14.e1" charOffset="169-180"
            type="drug" text="theophylline"/>
        <entity id="DDI-DrugBank.d522.s14.e2" charOffset="254-265"
            type="drug" text="theophylline"/>
    </sentence>
    <sentence id="DDI-DrugBank.d522.s15" text="Antacids or H 2 receptor antagonists: When dirithromycin is administered immediately following antacids or H 2 -receptor antagonists, the absorption of dirithromycin is slightly enhanced.">
        <entity id="DDI-DrugBank.d522.s15.e0" charOffset="0-7"
            type="group" text="Antacids"/>
        <entity id="DDI-DrugBank.d522.s15.e1" charOffset="12-35"
            type="group" text="H 2 receptor antagonists"/>
        <entity id="DDI-DrugBank.d522.s15.e2" charOffset="43-55"
            type="drug" text="dirithromycin"/>
        <entity id="DDI-DrugBank.d522.s15.e3" charOffset="95-102"
            type="group" text="antacids"/>
        <entity id="DDI-DrugBank.d522.s15.e4" charOffset="107-131"
            type="group" text="H 2 -receptor antagonists"/>
        <entity id="DDI-DrugBank.d522.s15.e5" charOffset="152-164"
            type="drug" text="dirithromycin"/>
        <ddi id="DDI-DrugBank.d522.s15.d0" e1="DDI-DrugBank.d522.s15.e2"
            e2="DDI-DrugBank.d522.s15.e3" type="mechanism"/>
        <ddi id="DDI-DrugBank.d522.s15.d1" e1="DDI-DrugBank.d522.s15.e2"
            e2="DDI-DrugBank.d522.s15.e4" type="mechanism"/>
    </sentence>
    <sentence id="DDI-DrugBank.d522.s16" text="The following drug interactions have been reported with erythromycin products.">
        <entity id="DDI-DrugBank.d522.s16.e0" charOffset="56-67"
            type="drug" text="erythromycin"/>
    </sentence>
    <sentence id="DDI-DrugBank.d522.s17" text="It is presently not known whether these same drug interactions occur with dirithromycin.">
        <entity id="DDI-DrugBank.d522.s17.e0" charOffset="74-86"
            type="drug" text="dirithromycin"/>
    </sentence>
    <sentence id="DDI-DrugBank.d522.s18" text="Until further data are available regarding the potential interaction of dirithromycin with these compounds, caution should be used during coadministration.">
        <entity id="DDI-DrugBank.d522.s18.e0" charOffset="72-84"
            type="drug" text="dirithromycin"/>
    </sentence>
    <sentence id="DDI-DrugBank.d522.s19" text="Triazolam: Erythromycin has been reported to decrease the clearance of triazolam and, thus, may increase the pharmacologic effect of triazolam.">
        <entity id="DDI-DrugBank.d522.s19.e0" charOffset="0-8"
            type="drug" text="Triazolam"/>
        <entity id="DDI-DrugBank.d522.s19.e1" charOffset="11-22"
            type="drug" text="Erythromycin"/>
        <entity id="DDI-DrugBank.d522.s19.e2" charOffset="71-79"
            type="drug" text="triazolam"/>
        <entity id="DDI-DrugBank.d522.s19.e3" charOffset="133-141"
            type="drug" text="triazolam"/>
        <ddi id="DDI-DrugBank.d522.s19.d0" e1="DDI-DrugBank.d522.s19.e1"
            e2="DDI-DrugBank.d522.s19.e2" type="mechanism"/>
        <ddi id="DDI-DrugBank.d522.s19.d1" e1="DDI-DrugBank.d522.s19.e1"
            e2="DDI-DrugBank.d522.s19.e3" type="effect"/>
    </sentence>
    <sentence id="DDI-DrugBank.d522.s20" text="Digoxin: Concomitant administration of erythromycin and digoxin has been reported to result in elevated digoxin serum levels.">
        <entity id="DDI-DrugBank.d522.s20.e0" charOffset="0-6"
            type="drug" text="Digoxin"/>
        <entity id="DDI-DrugBank.d522.s20.e1" charOffset="39-50"
            type="drug" text="erythromycin"/>
        <entity id="DDI-DrugBank.d522.s20.e2" charOffset="56-62"
            type="drug" text="digoxin"/>
        <entity id="DDI-DrugBank.d522.s20.e3" charOffset="104-110"
            type="drug" text="digoxin"/>
        <ddi id="DDI-DrugBank.d522.s20.d0" e1="DDI-DrugBank.d522.s20.e1"
            e2="DDI-DrugBank.d522.s20.e2" type="mechanism"/>
    </sentence>
    <sentence id="DDI-DrugBank.d522.s21" text="Anticoagulants: There have been reports of increased anticoagulant effects when erythromycin and oral anticoagulants were used concomitantly.">
        <entity id="DDI-DrugBank.d522.s21.e0" charOffset="0-13"
            type="group" text="Anticoagulants"/>
        <entity id="DDI-DrugBank.d522.s21.e1" charOffset="80-91"
            type="drug" text="erythromycin"/>
        <entity id="DDI-DrugBank.d522.s21.e2" charOffset="102-115"
            type="group" text="anticoagulants"/>
        <ddi id="DDI-DrugBank.d522.s21.d0" e1="DDI-DrugBank.d522.s21.e1"
            e2="DDI-DrugBank.d522.s21.e2" type="effect"/>
    </sentence>
    <sentence id="DDI-DrugBank.d522.s22" text="Increased anticoagulation effects due to a drug interaction with erythromycin may be more pronounced in the elderly.">
        <entity id="DDI-DrugBank.d522.s22.e0" charOffset="65-76"
            type="drug" text="erythromycin"/>
    </sentence>
    <sentence id="DDI-DrugBank.d522.s23" text="Ergotamine: Concurrent use of erythromycin and ergotamine or dihydroergotamine has been associated in some patients with acute ergot toxicity characterized by severe peripheral vasospasm and dysesthesia.">
        <entity id="DDI-DrugBank.d522.s23.e0" charOffset="0-9"
            type="drug" text="Ergotamine"/>
        <entity id="DDI-DrugBank.d522.s23.e1" charOffset="30-41"
            type="drug" text="erythromycin"/>
        <entity id="DDI-DrugBank.d522.s23.e2" charOffset="47-56"
            type="drug" text="ergotamine"/>
        <entity id="DDI-DrugBank.d522.s23.e3" charOffset="61-77"
            type="drug" text="dihydroergotamine"/>
        <ddi id="DDI-DrugBank.d522.s23.d0" e1="DDI-DrugBank.d522.s23.e1"
            e2="DDI-DrugBank.d522.s23.e2" type="effect"/>
        <ddi id="DDI-DrugBank.d522.s23.d1" e1="DDI-DrugBank.d522.s23.e1"
            e2="DDI-DrugBank.d522.s23.e3" type="effect"/>
    </sentence>
    <sentence id="DDI-DrugBank.d522.s24" text="Other drugs Drug interactions have been reported with concomitant administration of erythromycin and other medications, including cyclosporine, hexobarbital, carbamazepine, alfentanil, disopyramide, phenytoin, bromocriptine, valproate, astemizole, and lovastatin.">
        <entity id="DDI-DrugBank.d522.s24.e0" charOffset="84-95"
            type="drug" text="erythromycin"/>
        <entity id="DDI-DrugBank.d522.s24.e1" charOffset="130-141"
            type="drug" text="cyclosporine"/>
        <entity id="DDI-DrugBank.d522.s24.e2" charOffset="144-155"
            type="drug" text="hexobarbital"/>
        <entity id="DDI-DrugBank.d522.s24.e3" charOffset="158-170"
            type="drug" text="carbamazepine"/>
        <entity id="DDI-DrugBank.d522.s24.e4" charOffset="173-182"
            type="drug" text="alfentanil"/>
        <entity id="DDI-DrugBank.d522.s24.e5" charOffset="185-196"
            type="drug" text="disopyramide"/>
        <entity id="DDI-DrugBank.d522.s24.e6" charOffset="199-207"
            type="drug" text="phenytoin"/>
        <entity id="DDI-DrugBank.d522.s24.e7" charOffset="210-222"
            type="drug" text="bromocriptine"/>
        <entity id="DDI-DrugBank.d522.s24.e8" charOffset="225-233"
            type="drug" text="valproate"/>
        <entity id="DDI-DrugBank.d522.s24.e9" charOffset="236-245"
            type="drug" text="astemizole"/>
        <entity id="DDI-DrugBank.d522.s24.e10" charOffset="252-261"
            type="drug" text="lovastatin"/>
        <ddi id="DDI-DrugBank.d522.s24.d0" e1="DDI-DrugBank.d522.s24.e0"
            e2="DDI-DrugBank.d522.s24.e1" type="int"/>
        <ddi id="DDI-DrugBank.d522.s24.d1" e1="DDI-DrugBank.d522.s24.e0"
            e2="DDI-DrugBank.d522.s24.e2" type="int"/>
        <ddi id="DDI-DrugBank.d522.s24.d2" e1="DDI-DrugBank.d522.s24.e0"
            e2="DDI-DrugBank.d522.s24.e3" type="int"/>
        <ddi id="DDI-DrugBank.d522.s24.d3" e1="DDI-DrugBank.d522.s24.e0"
            e2="DDI-DrugBank.d522.s24.e4" type="int"/>
        <ddi id="DDI-DrugBank.d522.s24.d4" e1="DDI-DrugBank.d522.s24.e0"
            e2="DDI-DrugBank.d522.s24.e5" type="int"/>
        <ddi id="DDI-DrugBank.d522.s24.d5" e1="DDI-DrugBank.d522.s24.e0"
            e2="DDI-DrugBank.d522.s24.e6" type="int"/>
        <ddi id="DDI-DrugBank.d522.s24.d6" e1="DDI-DrugBank.d522.s24.e0"
            e2="DDI-DrugBank.d522.s24.e7" type="int"/>
        <ddi id="DDI-DrugBank.d522.s24.d7" e1="DDI-DrugBank.d522.s24.e0"
            e2="DDI-DrugBank.d522.s24.e8" type="int"/>
        <ddi id="DDI-DrugBank.d522.s24.d8" e1="DDI-DrugBank.d522.s24.e0"
            e2="DDI-DrugBank.d522.s24.e9" type="int"/>
        <ddi id="DDI-DrugBank.d522.s24.d9" e1="DDI-DrugBank.d522.s24.e0"
            e2="DDI-DrugBank.d522.s24.e10" type="int"/>
    </sentence>
</document>
