<?xml version="1.0" encoding="UTF-8"?>
<document id="DDI-DrugBank.d274">
    <sentence id="DDI-DrugBank.d274.s0" text="Animal studies indicate that dobutamine may be ineffective if the patient has recently received a b-blocking drug.">
        <entity id="DDI-DrugBank.d274.s0.e0" charOffset="29-38"
            type="drug" text="dobutamine"/>
        <entity id="DDI-DrugBank.d274.s0.e1" charOffset="98-112"
            type="group" text="b-blocking drug"/>
        <ddi id="DDI-DrugBank.d274.s0.d0" e1="DDI-DrugBank.d274.s0.e0"
            e2="DDI-DrugBank.d274.s0.e1" type="effect"/>
    </sentence>
    <sentence id="DDI-DrugBank.d274.s1" text="In such a case, the peripheral vascular resistance may increase."/>
    <sentence id="DDI-DrugBank.d274.s2" text="Preliminary studies indicate that the concomitant use of dobutamine and nitroprusside results in a higher cardiac output and, usually, a lower pulmonary wedge pressure than when either drug is used alone.">
        <entity id="DDI-DrugBank.d274.s2.e0" charOffset="57-66"
            type="drug" text="dobutamine"/>
        <entity id="DDI-DrugBank.d274.s2.e1" charOffset="72-84"
            type="drug" text="nitroprusside"/>
        <ddi id="DDI-DrugBank.d274.s2.d0" e1="DDI-DrugBank.d274.s2.e0"
            e2="DDI-DrugBank.d274.s2.e1" type="effect"/>
    </sentence>
    <sentence id="DDI-DrugBank.d274.s3" text="There was no evidence of drug interactions in clinical studies in which dobutamine was administered concurrently with other drugs, including digitalis preparations, furosemide, spironolactone, lidocaine, glyceryl trinitrate, isosorbide dinitrate, morphine, atropine, heparin, protamine, potassium chloride, folic acid, and acetaminophen.">
        <entity id="DDI-DrugBank.d274.s3.e0" charOffset="72-81"
            type="drug" text="dobutamine"/>
        <entity id="DDI-DrugBank.d274.s3.e1" charOffset="141-162"
            type="group" text="digitalis preparations"/>
        <entity id="DDI-DrugBank.d274.s3.e2" charOffset="165-174"
            type="drug" text="furosemide"/>
        <entity id="DDI-DrugBank.d274.s3.e3" charOffset="177-190"
            type="drug" text="spironolactone"/>
        <entity id="DDI-DrugBank.d274.s3.e4" charOffset="193-201"
            type="drug" text="lidocaine"/>
        <entity id="DDI-DrugBank.d274.s3.e5" charOffset="204-222"
            type="drug" text="glyceryl trinitrate"/>
        <entity id="DDI-DrugBank.d274.s3.e6" charOffset="225-244"
            type="drug" text="isosorbide dinitrate"/>
        <entity id="DDI-DrugBank.d274.s3.e7" charOffset="247-254"
            type="drug" text="morphine"/>
        <entity id="DDI-DrugBank.d274.s3.e8" charOffset="257-264"
            type="drug" text="atropine"/>
        <entity id="DDI-DrugBank.d274.s3.e9" charOffset="267-273"
            type="drug" text="heparin"/>
        <entity id="DDI-DrugBank.d274.s3.e10" charOffset="276-284"
            type="drug" text="protamine"/>
        <entity id="DDI-DrugBank.d274.s3.e11" charOffset="287-304"
            type="drug" text="potassium chloride"/>
        <entity id="DDI-DrugBank.d274.s3.e12" charOffset="307-316"
            type="drug" text="folic acid"/>
        <entity id="DDI-DrugBank.d274.s3.e13" charOffset="323-335"
            type="drug" text="acetaminophen"/>
    </sentence>
</document>
