<?xml version="1.0" encoding="UTF-8"?>
<document id="DDI-DrugBank.d191">
    <sentence id="DDI-DrugBank.d191.s0" text="There is no known drug interference with standard clinical laboratory tests."/>
    <sentence id="DDI-DrugBank.d191.s1" text="Steroids enhance the renal toxicity of edetate calcium disodium in animals. 7 Edetate calcium disodium interferes with the action of zinc insulin preparations by chelating the zinc. 7">
        <entity id="DDI-DrugBank.d191.s1.e0" charOffset="0-7"
            type="group" text="Steroids"/>
        <entity id="DDI-DrugBank.d191.s1.e1" charOffset="39-62"
            type="drug" text="edetate calcium disodium"/>
        <entity id="DDI-DrugBank.d191.s1.e2" charOffset="78-101"
            type="drug" text="Edetate calcium disodium"/>
        <entity id="DDI-DrugBank.d191.s1.e3" charOffset="133-144"
            type="drug" text="zinc insulin"/>
        <entity id="DDI-DrugBank.d191.s1.e4" charOffset="176-179"
            type="drug" text="zinc"/>
        <ddi id="DDI-DrugBank.d191.s1.d0" e1="DDI-DrugBank.d191.s1.e0"
            e2="DDI-DrugBank.d191.s1.e1" type="effect"/>
        <ddi id="DDI-DrugBank.d191.s1.d1" e1="DDI-DrugBank.d191.s1.e2"
            e2="DDI-DrugBank.d191.s1.e3" type="mechanism"/>
    </sentence>
</document>
