<?xml version="1.0" encoding="UTF-8"?>
<document id="DDI-DrugBank.d295">
    <sentence id="DDI-DrugBank.d295.s0" text="Since entecavir is primarily eliminated by the kidneys, coadministration of BARACLUDE with drugs that reduce renal function or compete for active tubular secretion may increase serum concentrations of either entecavir or the coadministered drug.">
        <entity id="DDI-DrugBank.d295.s0.e0" charOffset="6-14"
            type="drug" text="entecavir"/>
        <entity id="DDI-DrugBank.d295.s0.e1" charOffset="76-84"
            type="brand" text="BARACLUDE"/>
        <entity id="DDI-DrugBank.d295.s0.e2" charOffset="208-216"
            type="drug" text="entecavir"/>
    </sentence>
    <sentence id="DDI-DrugBank.d295.s1" text="Coadministration of entecavir with lamivudine, adefovir dipivoxil,or tenofovir disoproxil fumarate did not result in significant drug interactions.">
        <entity id="DDI-DrugBank.d295.s1.e0" charOffset="20-28"
            type="drug" text="entecavir"/>
        <entity id="DDI-DrugBank.d295.s1.e1" charOffset="35-44"
            type="drug" text="lamivudine"/>
        <entity id="DDI-DrugBank.d295.s1.e2" charOffset="47-64"
            type="drug" text="adefovir dipivoxil"/>
        <entity id="DDI-DrugBank.d295.s1.e3" charOffset="69-97"
            type="drug" text="tenofovir disoproxil fumarate"/>
    </sentence>
    <sentence id="DDI-DrugBank.d295.s2" text="The effects of coadministration of BARACLUDE with other drugs that are renally eliminated or are known to affect renal function have not been evaluated, and patients should be monitored closely for adverse events when BARACLUDE is coadministered with such drugs.">
        <entity id="DDI-DrugBank.d295.s2.e0" charOffset="35-43"
            type="brand" text="BARACLUDE"/>
        <entity id="DDI-DrugBank.d295.s2.e1" charOffset="218-226"
            type="brand" text="BARACLUDE"/>
    </sentence>
</document>
