<?xml version="1.0" encoding="UTF-8"?>
<document id="DDI-DrugBank.d247">
    <sentence id="DDI-DrugBank.d247.s0" text="Epinephrine should be used cautiously in patients with hyperthyroidism, hypertension and cardiac arrhythmias.">
        <entity id="DDI-DrugBank.d247.s0.e0" charOffset="0-10"
            type="drug" text="Epinephrine"/>
    </sentence>
    <sentence id="DDI-DrugBank.d247.s1" text="All vasopressors should be used cautiously in patients taking monoamine oxidase (MAO) inhibitors.">
        <entity id="DDI-DrugBank.d247.s1.e0" charOffset="4-15"
            type="group" text="vasopressors"/>
        <entity id="DDI-DrugBank.d247.s1.e1" charOffset="62-95"
            type="group" text="monoamine oxidase (MAO) inhibitors"/>
        <ddi id="DDI-DrugBank.d247.s1.d0" e1="DDI-DrugBank.d247.s1.e0"
            e2="DDI-DrugBank.d247.s1.e1" type="advise"/>
    </sentence>
    <sentence id="DDI-DrugBank.d247.s2" text="Epinephrine should not be administered concomitantly with other sympathomimetic drugs (such as isoproterenol) because of possible additive effects and increased toxicity.">
        <entity id="DDI-DrugBank.d247.s2.e0" charOffset="0-10"
            type="drug" text="Epinephrine"/>
        <entity id="DDI-DrugBank.d247.s2.e1" charOffset="64-84"
            type="group" text="sympathomimetic drugs"/>
        <entity id="DDI-DrugBank.d247.s2.e2" charOffset="95-107"
            type="drug" text="isoproterenol"/>
        <ddi id="DDI-DrugBank.d247.s2.d0" e1="DDI-DrugBank.d247.s2.e0"
            e2="DDI-DrugBank.d247.s2.e1" type="advise"/>
        <ddi id="DDI-DrugBank.d247.s2.d1" e1="DDI-DrugBank.d247.s2.e0"
            e2="DDI-DrugBank.d247.s2.e2" type="advise"/>
    </sentence>
    <sentence id="DDI-DrugBank.d247.s3" text="Combined effects may induce serious cardiac arrhythmias."/>
    <sentence id="DDI-DrugBank.d247.s4" text="They may be administered alternately when the preceding effect of other such drug has subsided."/>
    <sentence id="DDI-DrugBank.d247.s5" text="Administration of epinephrine to patients receiving cyclopropane or halogenated hydrocarbon general anesthetics such as halothane which sensitize the myocardium, may induce cardiac arrhythmia..">
        <entity id="DDI-DrugBank.d247.s5.e0" charOffset="18-28"
            type="drug" text="epinephrine"/>
        <entity id="DDI-DrugBank.d247.s5.e1" charOffset="52-63"
            type="drug" text="cyclopropane"/>
        <entity id="DDI-DrugBank.d247.s5.e2" charOffset="68-110"
            type="group" text="halogenated hydrocarbon general anesthetics"/>
        <entity id="DDI-DrugBank.d247.s5.e3" charOffset="120-128"
            type="drug" text="halothane"/>
        <ddi id="DDI-DrugBank.d247.s5.d0" e1="DDI-DrugBank.d247.s5.e0"
            e2="DDI-DrugBank.d247.s5.e1" type="effect"/>
        <ddi id="DDI-DrugBank.d247.s5.d1" e1="DDI-DrugBank.d247.s5.e0"
            e2="DDI-DrugBank.d247.s5.e2" type="effect"/>
        <ddi id="DDI-DrugBank.d247.s5.d2" e1="DDI-DrugBank.d247.s5.e0"
            e2="DDI-DrugBank.d247.s5.e3" type="effect"/>
    </sentence>
    <sentence id="DDI-DrugBank.d247.s6" text="When encountered, such arrhythmias may respond to administration of a beta-adrenergic blocking drug.">
        <entity id="DDI-DrugBank.d247.s6.e0" charOffset="70-98"
            type="group" text="beta-adrenergic blocking drug"/>
    </sentence>
    <sentence id="DDI-DrugBank.d247.s7" text="Epinephrine also should be used cautiously with other drugs (e.g., digitalis, glycosides) that sensitize the myocardium to the actions of sympathomimetic drugs.">
        <entity id="DDI-DrugBank.d247.s7.e0" charOffset="0-10"
            type="drug" text="Epinephrine"/>
        <entity id="DDI-DrugBank.d247.s7.e1" charOffset="67-75"
            type="group" text="digitalis"/>
        <entity id="DDI-DrugBank.d247.s7.e2" charOffset="78-87"
            type="group" text="glycosides"/>
        <entity id="DDI-DrugBank.d247.s7.e3" charOffset="138-158"
            type="group" text="sympathomimetic drugs"/>
        <ddi id="DDI-DrugBank.d247.s7.d0" e1="DDI-DrugBank.d247.s7.e0"
            e2="DDI-DrugBank.d247.s7.e1" type="advise"/>
        <ddi id="DDI-DrugBank.d247.s7.d1" e1="DDI-DrugBank.d247.s7.e0"
            e2="DDI-DrugBank.d247.s7.e2" type="advise"/>
    </sentence>
    <sentence id="DDI-DrugBank.d247.s8" text="Diuretic agents may decrease vascular response to pressor drugs such as epinephrine.">
        <entity id="DDI-DrugBank.d247.s8.e0" charOffset="0-14"
            type="group" text="Diuretic agents"/>
        <entity id="DDI-DrugBank.d247.s8.e1" charOffset="72-82"
            type="drug" text="epinephrine"/>
        <ddi id="DDI-DrugBank.d247.s8.d0" e1="DDI-DrugBank.d247.s8.e0"
            e2="DDI-DrugBank.d247.s8.e1" type="effect"/>
    </sentence>
    <sentence id="DDI-DrugBank.d247.s9" text="Epinephrine may antagonize the neuron blockade produced by guanethidine resulting in decreased antihypertensive effect and requiring increased dosage of the latter.">
        <entity id="DDI-DrugBank.d247.s9.e0" charOffset="0-10"
            type="drug" text="Epinephrine"/>
        <entity id="DDI-DrugBank.d247.s9.e1" charOffset="59-70"
            type="drug" text="guanethidine"/>
        <ddi id="DDI-DrugBank.d247.s9.d0" e1="DDI-DrugBank.d247.s9.e0"
            e2="DDI-DrugBank.d247.s9.e1" type="effect"/>
    </sentence>
</document>
