<?xml version="1.0" encoding="UTF-8"?>
<document id="DDI-DrugBank.d414">
    <sentence id="DDI-DrugBank.d414.s0" text="Lithium generally should not be given with diuretics because they reduce its renal clearance and add a high risk of lithium toxicity.">
        <entity id="DDI-DrugBank.d414.s0.e0" charOffset="0-6"
            type="drug" text="Lithium"/>
        <entity id="DDI-DrugBank.d414.s0.e1" charOffset="43-51"
            type="group" text="diuretics"/>
        <entity id="DDI-DrugBank.d414.s0.e2" charOffset="116-122"
            type="drug" text="lithium"/>
        <ddi id="DDI-DrugBank.d414.s0.d0" e1="DDI-DrugBank.d414.s0.e0"
            e2="DDI-DrugBank.d414.s0.e1" type="mechanism"/>
    </sentence>
    <sentence id="DDI-DrugBank.d414.s1" text="Read circulars for lithium preparations before use of such concomitant therapy.">
        <entity id="DDI-DrugBank.d414.s1.e0" charOffset="19-25"
            type="drug" text="lithium"/>
    </sentence>
    <sentence id="DDI-DrugBank.d414.s2" text="EDECRIN may increase the ototoxic potential of other drugs such as aminoglycoside and some cephalosporin antibiotics.">
        <entity id="DDI-DrugBank.d414.s2.e0" charOffset="0-6"
            type="brand" text="EDECRIN"/>
        <entity id="DDI-DrugBank.d414.s2.e1" charOffset="67-80"
            type="group" text="aminoglycoside"/>
        <entity id="DDI-DrugBank.d414.s2.e2" charOffset="91-115"
            type="group" text="cephalosporin antibiotics"/>
        <ddi id="DDI-DrugBank.d414.s2.d0" e1="DDI-DrugBank.d414.s2.e0"
            e2="DDI-DrugBank.d414.s2.e1" type="effect"/>
        <ddi id="DDI-DrugBank.d414.s2.d1" e1="DDI-DrugBank.d414.s2.e0"
            e2="DDI-DrugBank.d414.s2.e2" type="effect"/>
    </sentence>
    <sentence id="DDI-DrugBank.d414.s3" text="Their concurrent use should be avoided."/>
    <sentence id="DDI-DrugBank.d414.s4" text="A number of drugs, including ethacrynic acid, have been shown to displace warfarin from plasma protein;">
        <entity id="DDI-DrugBank.d414.s4.e0" charOffset="29-43"
            type="drug" text="ethacrynic acid"/>
        <entity id="DDI-DrugBank.d414.s4.e1" charOffset="74-81"
            type="drug" text="warfarin"/>
        <ddi id="DDI-DrugBank.d414.s4.d0" e1="DDI-DrugBank.d414.s4.e0"
            e2="DDI-DrugBank.d414.s4.e1" type="mechanism"/>
    </sentence>
    <sentence id="DDI-DrugBank.d414.s5" text="a reduction in the usual anticoagulant dosage may be required in patients receiving both drugs.">
        <entity id="DDI-DrugBank.d414.s5.e0" charOffset="25-37"
            type="group" text="anticoagulant"/>
    </sentence>
    <sentence id="DDI-DrugBank.d414.s6" text="In some patients, the administration of a non- steroidal antiinflammatory agent can reduce the diuretic, natriuretic, and antihypertensive effects of loop, potassium- sparing and thiazide diuretics.">
        <entity id="DDI-DrugBank.d414.s6.e0" charOffset="42-78"
            type="group" text="non- steroidal antiinflammatory agent"/>
        <entity id="DDI-DrugBank.d414.s6.e1"
            charOffset="150-153;188-196" type="group" text="loop diuretics"/>
        <entity id="DDI-DrugBank.d414.s6.e2"
            charOffset="156-173;188-196" type="group" text="potassium- sparing diuretics"/>
        <entity id="DDI-DrugBank.d414.s6.e3" charOffset="179-196"
            type="group" text="thiazide diuretics"/>
        <ddi id="DDI-DrugBank.d414.s6.d0" e1="DDI-DrugBank.d414.s6.e0"
            e2="DDI-DrugBank.d414.s6.e1" type="effect"/>
        <ddi id="DDI-DrugBank.d414.s6.d1" e1="DDI-DrugBank.d414.s6.e0"
            e2="DDI-DrugBank.d414.s6.e2" type="effect"/>
        <ddi id="DDI-DrugBank.d414.s6.d2" e1="DDI-DrugBank.d414.s6.e0"
            e2="DDI-DrugBank.d414.s6.e3" type="effect"/>
    </sentence>
    <sentence id="DDI-DrugBank.d414.s7" text="Therefore, when EDECRIN and non- steroidal anti- inflammatory agents are used concomitantly, the patient should be observed closely to determine if the desired effect of the diuretic is obtained.">
        <entity id="DDI-DrugBank.d414.s7.e0" charOffset="16-22"
            type="brand" text="EDECRIN"/>
        <entity id="DDI-DrugBank.d414.s7.e1" charOffset="28-67"
            type="group" text="non- steroidal anti- inflammatory agents"/>
        <entity id="DDI-DrugBank.d414.s7.e2" charOffset="174-181"
            type="group" text="diuretic"/>
        <ddi id="DDI-DrugBank.d414.s7.d0" e1="DDI-DrugBank.d414.s7.e0"
            e2="DDI-DrugBank.d414.s7.e1" type="effect"/>
    </sentence>
</document>
