<?xml version="1.0" encoding="UTF-8"?>
<document id="DDI-DrugBank.d283">
    <sentence id="DDI-DrugBank.d283.s0" text="Oral Anticoagulants CAUTION SHOULD BE EXERCISED WHEN COUMARIN ANTICOAGULANTS ARE GIVEN IN CONJUNCTION WITH TRICOR.">
        <entity id="DDI-DrugBank.d283.s0.e0" charOffset="5-18"
            type="group" text="Anticoagulants"/>
        <entity id="DDI-DrugBank.d283.s0.e1" charOffset="53-75"
            type="group" text="COUMARIN ANTICOAGULANTS"/>
        <entity id="DDI-DrugBank.d283.s0.e2" charOffset="107-112"
            type="brand" text="TRICOR"/>
        <ddi id="DDI-DrugBank.d283.s0.d0" e1="DDI-DrugBank.d283.s0.e1"
            e2="DDI-DrugBank.d283.s0.e2" type="advise"/>
    </sentence>
    <sentence id="DDI-DrugBank.d283.s1" text="THE DOSAGE OF THE ANTICOAGULANTS SHOULD BE REDUCED TO MAINTAIN THE PROTHROMBIN TIME/INR AT THE DESIRED LEVEL TO PREVENT BLEEDING COMPLICATIONS.">
        <entity id="DDI-DrugBank.d283.s1.e0" charOffset="18-31"
            type="group" text="ANTICOAGULANTS"/>
    </sentence>
    <sentence id="DDI-DrugBank.d283.s2" text="FREQUENT PROTHROMBIN TIME/INR DETERMINATIONS ARE ADVISABLE UNTIL IT HAS BEEN DEFINITELY DETERMINED THAT THE PROTHROMBIN TIME/INR HAS STABILIZED."/>
    <sentence id="DDI-DrugBank.d283.s3" text="HMG-CoA reductase inhibitors: The combined use of TRICOR and HMG-CoA reductase inhibitors should be avoided unless the benefit of further alterations in lipid levels is likely to outweigh the increased risk of this drug combination.">
        <entity id="DDI-DrugBank.d283.s3.e0" charOffset="0-27"
            type="group" text="HMG-CoA reductase inhibitors"/>
        <entity id="DDI-DrugBank.d283.s3.e1" charOffset="50-55"
            type="brand" text="TRICOR"/>
        <entity id="DDI-DrugBank.d283.s3.e2" charOffset="61-88"
            type="group" text="HMG-CoA reductase inhibitors"/>
        <ddi id="DDI-DrugBank.d283.s3.d0" e1="DDI-DrugBank.d283.s3.e1"
            e2="DDI-DrugBank.d283.s3.e2" type="advise"/>
    </sentence>
    <sentence id="DDI-DrugBank.d283.s4" text="Resins: Since bile acid sequestrants may bind other drugs given concurrently, patients should take TRICOR at least 1 hour before or 4-6 hours after a bile acid binding resin to avoid impeding its absorption.">
        <entity id="DDI-DrugBank.d283.s4.e0" charOffset="0-5"
            type="group" text="Resins"/>
        <entity id="DDI-DrugBank.d283.s4.e1" charOffset="14-35"
            type="group" text="bile acid sequestrants"/>
        <entity id="DDI-DrugBank.d283.s4.e2" charOffset="99-104"
            type="brand" text="TRICOR"/>
        <entity id="DDI-DrugBank.d283.s4.e3" charOffset="150-172"
            type="group" text="bile acid binding resin"/>
        <ddi id="DDI-DrugBank.d283.s4.d0" e1="DDI-DrugBank.d283.s4.e2"
            e2="DDI-DrugBank.d283.s4.e3" type="mechanism"/>
    </sentence>
    <sentence id="DDI-DrugBank.d283.s5" text="Cyclosporine: Because cyclosporine can produce nephrotoxicity with decreases in creatinine clearance and rises in serum creatinine, and because renal excretion is the primary elimination route of fibrate drugs including TRICOR, there is a risk that an interaction will lead to deterioration.">
        <entity id="DDI-DrugBank.d283.s5.e0" charOffset="0-11"
            type="drug" text="Cyclosporine"/>
        <entity id="DDI-DrugBank.d283.s5.e1" charOffset="22-33"
            type="drug" text="cyclosporine"/>
        <entity id="DDI-DrugBank.d283.s5.e2" charOffset="196-208"
            type="group" text="fibrate drugs"/>
        <entity id="DDI-DrugBank.d283.s5.e3" charOffset="220-225"
            type="brand" text="TRICOR"/>
        <ddi id="DDI-DrugBank.d283.s5.d0" e1="DDI-DrugBank.d283.s5.e1"
            e2="DDI-DrugBank.d283.s5.e2" type="effect"/>
        <ddi id="DDI-DrugBank.d283.s5.d1" e1="DDI-DrugBank.d283.s5.e1"
            e2="DDI-DrugBank.d283.s5.e3" type="effect"/>
    </sentence>
    <sentence id="DDI-DrugBank.d283.s6" text="The benefits and risks of using TRICOR with immunosuppressants and other potentially nephrotoxic agents should be carefully considered, and the lowest effective dose employed">
        <entity id="DDI-DrugBank.d283.s6.e0" charOffset="32-37"
            type="brand" text="TRICOR"/>
        <entity id="DDI-DrugBank.d283.s6.e1" charOffset="44-61"
            type="group" text="immunosuppressants"/>
        <ddi id="DDI-DrugBank.d283.s6.d0" e1="DDI-DrugBank.d283.s6.e0"
            e2="DDI-DrugBank.d283.s6.e1" type="advise"/>
    </sentence>
    <sentence id="DDI-DrugBank.d283.s7" text="."/>
    <sentence id="DDI-DrugBank.d283.s8" text="Drug-drug interactions In vitro studies using human liver microsomes indicate that fenofibrate and fenofibric acid are not inhibitors of cytochrome (CYP) P450 isoforms CYP3A4, CYP2D6, CYP2E1, or CYP1A2.">
        <entity id="DDI-DrugBank.d283.s8.e0" charOffset="83-93"
            type="drug" text="fenofibrate"/>
        <entity id="DDI-DrugBank.d283.s8.e1" charOffset="99-113"
            type="drug_n" text="fenofibric acid"/>
    </sentence>
    <sentence id="DDI-DrugBank.d283.s9" text="They are weak inhibitors of CYP2C19 and CYP2A6, and mild-to-moderate inhibitors of CYP2C9 at therapeutic concentrations."/>
    <sentence id="DDI-DrugBank.d283.s10" text="Potentiation of coumarin-type anticoagulants has been observed with prolongation of the prothrombin time/INR.">
        <entity id="DDI-DrugBank.d283.s10.e0" charOffset="16-43"
            type="group" text="coumarin-type anticoagulants"/>
    </sentence>
    <sentence id="DDI-DrugBank.d283.s11" text="Bile acid sequestrants have been shown to bind other drugs given concurrently.">
        <entity id="DDI-DrugBank.d283.s11.e0" charOffset="0-21"
            type="group" text="Bile acid sequestrants"/>
    </sentence>
    <sentence id="DDI-DrugBank.d283.s12" text="Therefore, fenofibrate should be taken at least 1 hour before or 4-6 hours after a bile acid binding resin to avoid impeding its absorption .">
        <entity id="DDI-DrugBank.d283.s12.e0" charOffset="11-21"
            type="drug" text="fenofibrate"/>
        <entity id="DDI-DrugBank.d283.s12.e1" charOffset="83-105"
            type="group" text="bile acid binding resin"/>
        <ddi id="DDI-DrugBank.d283.s12.d0" e1="DDI-DrugBank.d283.s12.e0"
            e2="DDI-DrugBank.d283.s12.e1" type="advise"/>
    </sentence>
    <sentence id="DDI-DrugBank.d283.s13" text="Concomitant administration of fenofibrate (equivalent to 145mg TRICOR) with pravastatin (40 mg) once daily for 10 days has been shown to increase the mean Cmax and AUC values for pravastatin by 36% (range from 69% decrease to 321% increase) and 28% (range from 54% decrease to 128% increase), respectively, and for 3 -hydroxy-iso-pravastatin by 55% (range from 32% decrease to 314% increase) and 39% (range from 24% decrease to 261% increase), respectively in 23 healthy adults.">
        <entity id="DDI-DrugBank.d283.s13.e0" charOffset="30-40"
            type="drug" text="fenofibrate"/>
        <entity id="DDI-DrugBank.d283.s13.e1" charOffset="63-68"
            type="brand" text="TRICOR"/>
        <entity id="DDI-DrugBank.d283.s13.e2" charOffset="76-86"
            type="drug" text="pravastatin"/>
        <entity id="DDI-DrugBank.d283.s13.e3" charOffset="179-189"
            type="drug" text="pravastatin"/>
        <ddi id="DDI-DrugBank.d283.s13.d0" e1="DDI-DrugBank.d283.s13.e0"
            e2="DDI-DrugBank.d283.s13.e2" type="mechanism"/>
        <ddi id="DDI-DrugBank.d283.s13.d1" e1="DDI-DrugBank.d283.s13.e1"
            e2="DDI-DrugBank.d283.s13.e2" type="mechanism"/>
    </sentence>
    <sentence id="DDI-DrugBank.d283.s14" text="A single dose of pravastatin had no clinically important effect on the pharmacokinetics of fenofibric acid.">
        <entity id="DDI-DrugBank.d283.s14.e0" charOffset="17-27"
            type="drug" text="pravastatin"/>
        <entity id="DDI-DrugBank.d283.s14.e1" charOffset="91-105"
            type="drug_n" text="fenofibric acid"/>
    </sentence>
    <sentence id="DDI-DrugBank.d283.s15" text="Concomitant administration of fenofibrate (equivalent to 145 mg TRICOR) with atorvastatin (20 mg) once daily for 10 days resulted in approximately 17% decrease (range from 67% decrease to 44% increase) in atorvastatin AUC values in 22 healthy males.">
        <entity id="DDI-DrugBank.d283.s15.e0" charOffset="30-40"
            type="drug" text="fenofibrate"/>
        <entity id="DDI-DrugBank.d283.s15.e1" charOffset="64-69"
            type="brand" text="TRICOR"/>
        <entity id="DDI-DrugBank.d283.s15.e2" charOffset="77-88"
            type="drug" text="atorvastatin"/>
        <entity id="DDI-DrugBank.d283.s15.e3" charOffset="205-216"
            type="drug" text="atorvastatin"/>
        <ddi id="DDI-DrugBank.d283.s15.d0" e1="DDI-DrugBank.d283.s15.e0"
            e2="DDI-DrugBank.d283.s15.e2" type="mechanism"/>
        <ddi id="DDI-DrugBank.d283.s15.d1" e1="DDI-DrugBank.d283.s15.e1"
            e2="DDI-DrugBank.d283.s15.e2" type="mechanism"/>
    </sentence>
    <sentence id="DDI-DrugBank.d283.s16" text="The atorvastatin Cmax values were not significantly affected by fenofibrate.">
        <entity id="DDI-DrugBank.d283.s16.e0" charOffset="4-15"
            type="drug" text="atorvastatin"/>
        <entity id="DDI-DrugBank.d283.s16.e1" charOffset="64-74"
            type="drug" text="fenofibrate"/>
    </sentence>
    <sentence id="DDI-DrugBank.d283.s17" text="The pharmacokinetics of fenofibric acid were not significantly affected by atorvastatin">
        <entity id="DDI-DrugBank.d283.s17.e0" charOffset="24-38"
            type="drug_n" text="fenofibric acid"/>
        <entity id="DDI-DrugBank.d283.s17.e1" charOffset="75-86"
            type="drug" text="atorvastatin"/>
    </sentence>
    <sentence id="DDI-DrugBank.d283.s18" text="."/>
    <sentence id="DDI-DrugBank.d283.s19" text=""/>
</document>
