<?xml version="1.0" encoding="UTF-8"?>
<document id="DDI-DrugBank.d482">
    <sentence id="DDI-DrugBank.d482.s0" text="Do not take this medicine with thioridizine, or within 5 weeks of taking fluoxetine.">
        <entity id="DDI-DrugBank.d482.s0.e0" charOffset="73-82"
            type="drug" text="fluoxetine"/>
    </sentence>
    <sentence id="DDI-DrugBank.d482.s1" text="Talk to your doctor if you are taking certain antibiotics such as erythromycin, clarithromycin or azithromycin.">
        <entity id="DDI-DrugBank.d482.s1.e0" charOffset="46-56"
            type="group" text="antibiotics"/>
        <entity id="DDI-DrugBank.d482.s1.e1" charOffset="66-77"
            type="drug" text="erythromycin"/>
        <entity id="DDI-DrugBank.d482.s1.e2" charOffset="80-93"
            type="drug" text="clarithromycin"/>
        <entity id="DDI-DrugBank.d482.s1.e3" charOffset="98-109"
            type="drug" text="azithromycin"/>
    </sentence>
    <sentence id="DDI-DrugBank.d482.s2" text="This medicine should not be taken with MAO inhibitors.">
        <entity id="DDI-DrugBank.d482.s2.e0" charOffset="39-52"
            type="group" text="MAO inhibitors"/>
    </sentence>
    <sentence id="DDI-DrugBank.d482.s3" text="Caution should be exercised when taking this medicine certain antibiotics, such as erythromycin, clarithromycin, or azithromycin.">
        <entity id="DDI-DrugBank.d482.s3.e0" charOffset="62-72"
            type="group" text="antibiotics"/>
        <entity id="DDI-DrugBank.d482.s3.e1" charOffset="83-94"
            type="drug" text="erythromycin"/>
        <entity id="DDI-DrugBank.d482.s3.e2" charOffset="97-110"
            type="drug" text="clarithromycin"/>
        <entity id="DDI-DrugBank.d482.s3.e3" charOffset="116-127"
            type="drug" text="azithromycin"/>
    </sentence>
    <sentence id="DDI-DrugBank.d482.s4" text="This medicine should not be taken with MAO inhibitors.">
        <entity id="DDI-DrugBank.d482.s4.e0" charOffset="39-52"
            type="group" text="MAO inhibitors"/>
    </sentence>
    <sentence id="DDI-DrugBank.d482.s5" text="If you think you are taking an MAO inhibitor talk to your doctor or pharmacist.">
        <entity id="DDI-DrugBank.d482.s5.e0" charOffset="31-43"
            type="group" text="MAO inhibitor"/>
    </sentence>
    <sentence id="DDI-DrugBank.d482.s6" text="Do not take this medicine with St. Johns Wort because of the additive effects of sertonin."/>
    <sentence id="DDI-DrugBank.d482.s7" text="This medication should not be taken with MAO inhibitors.">
        <entity id="DDI-DrugBank.d482.s7.e0" charOffset="41-54"
            type="group" text="MAO inhibitors"/>
    </sentence>
    <sentence id="DDI-DrugBank.d482.s8" text="Your doctor or pharmacist can give you more information on MAO inhibitors.">
        <entity id="DDI-DrugBank.d482.s8.e0" charOffset="59-72"
            type="group" text="MAO inhibitors"/>
    </sentence>
    <sentence id="DDI-DrugBank.d482.s9" text="Wait 5 weeks after stopping escitalopram before starting a non-selective MAO inhibitor.">
        <entity id="DDI-DrugBank.d482.s9.e0" charOffset="28-39"
            type="drug" text="escitalopram"/>
        <entity id="DDI-DrugBank.d482.s9.e1" charOffset="59-85"
            type="group" text="non-selective MAO inhibitor"/>
        <ddi id="DDI-DrugBank.d482.s9.d0" e1="DDI-DrugBank.d482.s9.e0"
            e2="DDI-DrugBank.d482.s9.e1" type="advise"/>
    </sentence>
    <sentence id="DDI-DrugBank.d482.s10" text="Wait 2 weeks after stopping an MAO inhibitor before starting escitalopram.">
        <entity id="DDI-DrugBank.d482.s10.e0" charOffset="31-43"
            type="group" text="MAO inhibitor"/>
        <entity id="DDI-DrugBank.d482.s10.e1" charOffset="61-72"
            type="drug" text="escitalopram"/>
        <ddi id="DDI-DrugBank.d482.s10.d0" e1="DDI-DrugBank.d482.s10.e0"
            e2="DDI-DrugBank.d482.s10.e1" type="advise"/>
    </sentence>
    <sentence id="DDI-DrugBank.d482.s11" text="If you are taking medications for migraines such as Imitrex, talk to your doctor before starting this medicine.">
        <entity id="DDI-DrugBank.d482.s11.e0" charOffset="52-58"
            type="brand" text="Imitrex"/>
    </sentence>
    <sentence id="DDI-DrugBank.d482.s12" text="If you are taking a tricyclic antidepressant, talk to your doctor before taking this medicine.">
        <entity id="DDI-DrugBank.d482.s12.e0" charOffset="20-43"
            type="group" text="tricyclic antidepressant"/>
    </sentence>
    <sentence id="DDI-DrugBank.d482.s13" text="St. John  s Wort should be avoided while taking this medicine due to the additive effects of serotonin."/>
    <sentence id="DDI-DrugBank.d482.s14" text="Tell your doctor if you are taking any of the following drugs: blood thinners (Coumadin) other antidepressants metoprolol antihistamines carbamazepine (Tegretol) cimetidine (Tagamet) estrogens fluoxetine (Prozac) intraconazole (Sporanox) ketoconazole (Nizoral) levodopa lithium muscle relaxants birth control pills sleeping pills thyroid medications">
        <entity id="DDI-DrugBank.d482.s14.e0" charOffset="63-75"
            type="group" text="blood thinner"/>
        <entity id="DDI-DrugBank.d482.s14.e1" charOffset="79-86"
            type="brand" text="Coumadin"/>
        <entity id="DDI-DrugBank.d482.s14.e2" charOffset="95-109"
            type="group" text="antidepressants"/>
        <entity id="DDI-DrugBank.d482.s14.e3" charOffset="111-120"
            type="drug" text="metoprolol"/>
        <entity id="DDI-DrugBank.d482.s14.e4" charOffset="122-135"
            type="group" text="antihistamines"/>
        <entity id="DDI-DrugBank.d482.s14.e5" charOffset="137-149"
            type="drug" text="carbamazepine"/>
        <entity id="DDI-DrugBank.d482.s14.e6" charOffset="152-159"
            type="brand" text="Tegretol"/>
        <entity id="DDI-DrugBank.d482.s14.e7" charOffset="162-171"
            type="drug" text="cimetidine"/>
        <entity id="DDI-DrugBank.d482.s14.e8" charOffset="174-180"
            type="brand" text="Tagamet"/>
        <entity id="DDI-DrugBank.d482.s14.e9" charOffset="183-191"
            type="group" text="estrogens"/>
        <entity id="DDI-DrugBank.d482.s14.e10" charOffset="193-202"
            type="drug" text="fluoxetine"/>
        <entity id="DDI-DrugBank.d482.s14.e11" charOffset="205-210"
            type="brand" text="Prozac"/>
        <entity id="DDI-DrugBank.d482.s14.e12" charOffset="228-235"
            type="brand" text="Sporanox"/>
        <entity id="DDI-DrugBank.d482.s14.e13" charOffset="238-249"
            type="drug" text="ketoconazole"/>
        <entity id="DDI-DrugBank.d482.s14.e14" charOffset="252-258"
            type="brand" text="Nizoral"/>
        <entity id="DDI-DrugBank.d482.s14.e15" charOffset="261-268"
            type="drug" text="levodopa"/>
        <entity id="DDI-DrugBank.d482.s14.e16" charOffset="270-276"
            type="drug" text="lithium"/>
        <entity id="DDI-DrugBank.d482.s14.e17" charOffset="278-293"
            type="group" text="muscle relaxants"/>
    </sentence>
</document>
