<?xml version="1.0" encoding="UTF-8"?>
<document id="DDI-DrugBank.d70">
    <sentence id="DDI-DrugBank.d70.s0" text="Fulvestrant is metabolized by CYP 3A4 in vitro.">
        <entity id="DDI-DrugBank.d70.s0.e0" charOffset="0-10"
            type="drug" text="Fulvestrant"/>
    </sentence>
    <sentence id="DDI-DrugBank.d70.s1" text="Clinical studies of the effect of strong CYP 3A4 inhibitors on the pharmacokinetics of fulvestrant have not been performed.">
        <entity id="DDI-DrugBank.d70.s1.e0" charOffset="87-97"
            type="drug" text="fulvestrant"/>
    </sentence>
    <sentence id="DDI-DrugBank.d70.s2" text="Carcinogenesis, Mutagenesis and Impairment of Fertility A two-year carcinogenesis study was conducted in female and male rats, at intramuscular doses of 15 mg/kg/30 days, 10 mg/rat/30 days and 10 mg/rat/15 days."/>
    <sentence id="DDI-DrugBank.d70.s3" text="These doses correspond to approximately 1-, 3-, and 5-fold (in females) and 1.3-, 1.3-, and 1.6-fold (in males) the systemic exposure [AUC0-30 days]] achieved in women receiving the recommended dose of 250 mg/month."/>
    <sentence id="DDI-DrugBank.d70.s4" text="An increased incidence of benign ovarian granulosa cell tumors and testicular Leydig cell tumors was evident, in females dosed at 10 mg/rat/15 days and males dosed at 15 mg/rat/30 days, respectively."/>
    <sentence id="DDI-DrugBank.d70.s5" text="Induction of such tumors is consistent with the pharmacology-related endocrine feedback alterations in gonadotropin levels caused by an antiestrogen.">
        <entity id="DDI-DrugBank.d70.s5.e0" charOffset="136-147"
            type="group" text="antiestrogen"/>
    </sentence>
    <sentence id="DDI-DrugBank.d70.s6" text="Fulvestrant was not mutagenic or clastogenic in multiple in vitro tests with and without the addition of a mammalian liver metabolic activation factor (bacterial mutation assay in strains of Salmonella typhimurium and Escherichia coli, in vitro cytogenetics study in human lymphocytes, mammalian cell mutation assay in mouse lymphoma cells and in vivo micronucleus test in rat.">
        <entity id="DDI-DrugBank.d70.s6.e0" charOffset="0-10"
            type="drug" text="Fulvestrant"/>
    </sentence>
    <sentence id="DDI-DrugBank.d70.s7" text="In female rats, fulvestrant administered at doses   0.01 mg/kg/day (approximately one-hundredth of the human recommended dose based on body surface area [BSA], for 2 weeks prior to and for 1 week following mating, caused a reduction in fertility and embryonic survival.">
        <entity id="DDI-DrugBank.d70.s7.e0" charOffset="16-26"
            type="drug" text="fulvestrant"/>
    </sentence>
    <sentence id="DDI-DrugBank.d70.s8" text="No adverse effects on female fertility and embryonic survival were evident in female animals dosed at 0.001 mg/kg/day (approximately one-thousandth of the human dose based on BSA)."/>
    <sentence id="DDI-DrugBank.d70.s9" text="Restoration of female fertility to values similar to controls was evident following a 29-day withdrawal period after dosing at 2 mg/kg/day (twice the human dose based on BSA)."/>
    <sentence id="DDI-DrugBank.d70.s10" text="The effects of fulvestrant on the fertility of female rats appear to be consistent with its anti-estrogenic activity.">
        <entity id="DDI-DrugBank.d70.s10.e0" charOffset="15-25"
            type="drug" text="fulvestrant"/>
    </sentence>
    <sentence id="DDI-DrugBank.d70.s11" text="The potential effects of fulvestrant on the fertility of male animals were not studied but in a 6-month toxicology study, male rats treated with intramuscular doses of 15 mg/kg/30 days, 10 mg/rat/30 days, or 10 mg/rat/15 days fulvestrant showed a loss of spermatozoa from the seminiferous tubules, seminiferous tubular atrophy, and degenerative changes in the epididymides.">
        <entity id="DDI-DrugBank.d70.s11.e0" charOffset="25-35"
            type="drug" text="fulvestrant"/>
        <entity id="DDI-DrugBank.d70.s11.e1" charOffset="226-236"
            type="drug" text="fulvestrant"/>
    </sentence>
    <sentence id="DDI-DrugBank.d70.s12" text="Changes in the testes and epididymides had not recovered 20 weeks after cessation of dosing."/>
    <sentence id="DDI-DrugBank.d70.s13" text="These fulvestrant doses correspond to approximately 2-, 3-, and 3-fold the systemic exposure [AUC0-30 days] achieved in women.">
        <entity id="DDI-DrugBank.d70.s13.e0" charOffset="6-16"
            type="drug" text="fulvestrant"/>
    </sentence>
    <sentence id="DDI-DrugBank.d70.s14" text="Pregnancy Pregnancy Category D: ."/>
    <sentence id="DDI-DrugBank.d70.s15" text="In studies in female rats at doses   0.01 mg/kg/day (IM;"/>
    <sentence id="DDI-DrugBank.d70.s16" text="approximately one-hundredth of the human recommended dose based on body surface area [BSA]), fulvestrant caused a reversible reduction in female fertility, as well as effects on embryo/fetal development consistent with its anti-estrogenic activity.">
        <entity id="DDI-DrugBank.d70.s16.e0" charOffset="93-103"
            type="drug" text="fulvestrant"/>
    </sentence>
    <sentence id="DDI-DrugBank.d70.s17" text="Fulvestrant caused an increased incidence of fetal abnormalities in rats (tarsal flexure of the hind paw at 2 mg/kg/day IM;">
        <entity id="DDI-DrugBank.d70.s17.e0" charOffset="0-10"
            type="drug" text="Fulvestrant"/>
    </sentence>
    <sentence id="DDI-DrugBank.d70.s18" text="twice the human dose on BSA) and non-ossification of the odontoid and ventral tubercle of the first cervical vertebra at doses   0.1 mg/kg/day IM (approximately one-tenth of the human dose on BSA) when administered during the period of organogenesis."/>
    <sentence id="DDI-DrugBank.d70.s19" text="Rabbits failed to maintain pregnancy when dosed with 1 mg/kg/day fulvestrant IM (twice the human dose on BSA) during the period of organogenesis.">
        <entity id="DDI-DrugBank.d70.s19.e0" charOffset="65-75"
            type="drug" text="fulvestrant"/>
    </sentence>
    <sentence id="DDI-DrugBank.d70.s20" text="Further, in rabbits dosed at 0.25 mg/kg/day (about one-half the human dose on BSA), increases in placental weight and post-implantation loss were observed but, there were no observed effects on fetal development."/>
    <sentence id="DDI-DrugBank.d70.s21" text="Fulvestrant was associated with an increased incidence of fetal variations in rabbits (backwards displacement of the pelvic girdle, and 27 pre-sacral vertebrae at 0.25 mg/kg/day IM;">
        <entity id="DDI-DrugBank.d70.s21.e0" charOffset="0-10"
            type="drug" text="Fulvestrant"/>
    </sentence>
    <sentence id="DDI-DrugBank.d70.s22" text="one-half the human dose on BSA) when administered during the period of organogenesis."/>
    <sentence id="DDI-DrugBank.d70.s23" text="Because pregnancy could not be maintained in the rabbit following doses of fulvestrant of 1 mg/kg/day and above, this study was inadequate to fully define the possible adverse effects on fetal development at clinically relevant exposures.">
        <entity id="DDI-DrugBank.d70.s23.e0" charOffset="75-85"
            type="drug" text="fulvestrant"/>
    </sentence>
    <sentence id="DDI-DrugBank.d70.s24" text="Nursing Mothers Fulvestrant is found in rat milk at levels significantly higher (approximately 12-fold) than plasma after administration of 2 mg/kg.">
        <entity id="DDI-DrugBank.d70.s24.e0" charOffset="16-26"
            type="drug" text="Fulvestrant"/>
    </sentence>
    <sentence id="DDI-DrugBank.d70.s25" text="Drug exposure in rodent pups from fulvestrant-treated lactating dams was estimated as 10% of the administered dose.">
        <entity id="DDI-DrugBank.d70.s25.e0" charOffset="34-44"
            type="drug" text="fulvestrant"/>
    </sentence>
    <sentence id="DDI-DrugBank.d70.s26" text="It is not known if fulvestrant is excreted in human milk.">
        <entity id="DDI-DrugBank.d70.s26.e0" charOffset="19-29"
            type="drug" text="fulvestrant"/>
    </sentence>
    <sentence id="DDI-DrugBank.d70.s27" text="Because many drugs are excreted in human milk, and because of the potential for serious adverse reactions from FASLODEX in nursing infants, a decision should be made whether to discontinue nursing or to discontinue the drug taking into account the importance of the drug to the mother.">
        <entity id="DDI-DrugBank.d70.s27.e0" charOffset="111-118"
            type="brand" text="FASLODEX"/>
    </sentence>
    <sentence id="DDI-DrugBank.d70.s28" text="Pediatric Use The safety and efficacy of FASLODEX in pediatric patients have not been established.">
        <entity id="DDI-DrugBank.d70.s28.e0" charOffset="41-48"
            type="brand" text="FASLODEX"/>
    </sentence>
    <sentence id="DDI-DrugBank.d70.s29" text="Geriatric Use When tumor response was considered by age, objective responses were seen in 24% and 22% of patients under 65 years of age and in 16% and 11% of patients 65 years of age and older, who were treated with FASLODEX in the European and North American trials, respectively.">
        <entity id="DDI-DrugBank.d70.s29.e0" charOffset="216-223"
            type="brand" text="FASLODEX"/>
    </sentence>
</document>
