<?xml version="1.0" encoding="UTF-8"?>
<document id="DDI-DrugBank.d178">
    <sentence id="DDI-DrugBank.d178.s0" text="The hypoglycemic action of sulfonylureas may be potentiated by certain drugs including nonsteroidal anti-inflammatory agents and other drugs that are highly protein bound, salicylates, sulfonamides, chloramphenicol, probenecid, coumarins, monoamine oxidase inhibitors, and beta adrenergic blocking agents.">
        <entity id="DDI-DrugBank.d178.s0.e0" charOffset="27-39"
            type="group" text="sulfonylureas"/>
        <entity id="DDI-DrugBank.d178.s0.e1" charOffset="87-123"
            type="group" text="nonsteroidal anti-inflammatory agents"/>
        <entity id="DDI-DrugBank.d178.s0.e2" charOffset="172-182"
            type="group" text="salicylates"/>
        <entity id="DDI-DrugBank.d178.s0.e3" charOffset="185-196"
            type="group" text="sulfonamides"/>
        <entity id="DDI-DrugBank.d178.s0.e4" charOffset="199-213"
            type="drug" text="chloramphenicol"/>
        <entity id="DDI-DrugBank.d178.s0.e5" charOffset="216-225"
            type="drug" text="probenecid"/>
        <entity id="DDI-DrugBank.d178.s0.e6" charOffset="228-236"
            type="group" text="coumarins"/>
        <entity id="DDI-DrugBank.d178.s0.e7" charOffset="239-266"
            type="group" text="monoamine oxidase inhibitors"/>
        <entity id="DDI-DrugBank.d178.s0.e8" charOffset="273-303"
            type="group" text="beta adrenergic blocking agents"/>
        <ddi id="DDI-DrugBank.d178.s0.d0" e1="DDI-DrugBank.d178.s0.e0"
            e2="DDI-DrugBank.d178.s0.e1" type="effect"/>
        <ddi id="DDI-DrugBank.d178.s0.d1" e1="DDI-DrugBank.d178.s0.e0"
            e2="DDI-DrugBank.d178.s0.e2" type="effect"/>
        <ddi id="DDI-DrugBank.d178.s0.d2" e1="DDI-DrugBank.d178.s0.e0"
            e2="DDI-DrugBank.d178.s0.e3" type="effect"/>
        <ddi id="DDI-DrugBank.d178.s0.d3" e1="DDI-DrugBank.d178.s0.e0"
            e2="DDI-DrugBank.d178.s0.e4" type="effect"/>
        <ddi id="DDI-DrugBank.d178.s0.d4" e1="DDI-DrugBank.d178.s0.e0"
            e2="DDI-DrugBank.d178.s0.e5" type="effect"/>
        <ddi id="DDI-DrugBank.d178.s0.d5" e1="DDI-DrugBank.d178.s0.e0"
            e2="DDI-DrugBank.d178.s0.e6" type="effect"/>
        <ddi id="DDI-DrugBank.d178.s0.d6" e1="DDI-DrugBank.d178.s0.e0"
            e2="DDI-DrugBank.d178.s0.e7" type="effect"/>
        <ddi id="DDI-DrugBank.d178.s0.d7" e1="DDI-DrugBank.d178.s0.e0"
            e2="DDI-DrugBank.d178.s0.e8" type="effect"/>
    </sentence>
    <sentence id="DDI-DrugBank.d178.s1" text="When such drugs are administered to a patient receiving MICRONASE, the patient should be observed closely for hypoglycemia.">
        <entity id="DDI-DrugBank.d178.s1.e0" charOffset="56-64"
            type="brand" text="MICRONASE"/>
    </sentence>
    <sentence id="DDI-DrugBank.d178.s2" text="When such drugs are withdrawn from a patient receiving MICRONASE, the patient should be observed closely for loss of control.">
        <entity id="DDI-DrugBank.d178.s2.e0" charOffset="55-63"
            type="brand" text="MICRONASE"/>
    </sentence>
    <sentence id="DDI-DrugBank.d178.s3" text="Certain drugs tend to produce hyperglycemia and may lead to loss of control."/>
    <sentence id="DDI-DrugBank.d178.s4" text="These drugs include the thiazides and other diuretics, corticosteroids, phe-nothiazines, thyroid products, estrogens, oral contraceptives, phenytoin, nicotinic acid, sympathomimet-ics, calcium channel blocking drugs, and isoniazid.">
        <entity id="DDI-DrugBank.d178.s4.e0" charOffset="24-32"
            type="group" text="thiazides"/>
        <entity id="DDI-DrugBank.d178.s4.e1" charOffset="44-52"
            type="group" text="diuretics"/>
        <entity id="DDI-DrugBank.d178.s4.e2" charOffset="55-69"
            type="group" text="corticosteroids"/>
        <entity id="DDI-DrugBank.d178.s4.e3" charOffset="89-104"
            type="group" text="thyroid products"/>
        <entity id="DDI-DrugBank.d178.s4.e4" charOffset="107-115"
            type="group" text="estrogens"/>
        <entity id="DDI-DrugBank.d178.s4.e5" charOffset="123-136"
            type="group" text="contraceptives"/>
        <entity id="DDI-DrugBank.d178.s4.e6" charOffset="139-147"
            type="drug" text="phenytoin"/>
        <entity id="DDI-DrugBank.d178.s4.e7" charOffset="150-163"
            type="drug" text="nicotinic acid"/>
        <entity id="DDI-DrugBank.d178.s4.e8" charOffset="185-214"
            type="group" text="calcium channel blocking drugs"/>
        <entity id="DDI-DrugBank.d178.s4.e9" charOffset="221-229"
            type="drug" text="isoniazid"/>
    </sentence>
    <sentence id="DDI-DrugBank.d178.s5" text="When such drugs are administered to a patient receiving MICRONASE, the patient should be closely observed for loss of control.">
        <entity id="DDI-DrugBank.d178.s5.e0" charOffset="56-64"
            type="brand" text="MICRONASE"/>
    </sentence>
    <sentence id="DDI-DrugBank.d178.s6" text="When such drugs are withdrawn from a patient receiving MICRONASE, the patient should be observed closely for hypoglycemia.">
        <entity id="DDI-DrugBank.d178.s6.e0" charOffset="55-63"
            type="brand" text="MICRONASE"/>
    </sentence>
    <sentence id="DDI-DrugBank.d178.s7" text="A possible interaction between glyburide and ciprofloxacin, a fluoroquinolone antibiotic, has been reported, resulting in a potentiation of the hypoglycemic action of glyburide.">
        <entity id="DDI-DrugBank.d178.s7.e0" charOffset="31-39"
            type="drug" text="glyburide"/>
        <entity id="DDI-DrugBank.d178.s7.e1" charOffset="45-57"
            type="drug" text="ciprofloxacin"/>
        <entity id="DDI-DrugBank.d178.s7.e2" charOffset="62-87"
            type="group" text="fluoroquinolone antibiotic"/>
        <entity id="DDI-DrugBank.d178.s7.e3" charOffset="167-175"
            type="drug" text="glyburide"/>
        <ddi id="DDI-DrugBank.d178.s7.d0" e1="DDI-DrugBank.d178.s7.e0"
            e2="DDI-DrugBank.d178.s7.e1" type="int"/>
    </sentence>
    <sentence id="DDI-DrugBank.d178.s8" text="The mechanism for this interaction is not known."/>
    <sentence id="DDI-DrugBank.d178.s9" text="A potential interaction between oral miconazole and oral hypoglycemic agents leading to severe hypoglycemia has been reported.">
        <entity id="DDI-DrugBank.d178.s9.e0" charOffset="37-46"
            type="drug" text="miconazole"/>
        <entity id="DDI-DrugBank.d178.s9.e1" charOffset="57-75"
            type="group" text="hypoglycemic agents"/>
        <ddi id="DDI-DrugBank.d178.s9.d0" e1="DDI-DrugBank.d178.s9.e0"
            e2="DDI-DrugBank.d178.s9.e1" type="effect"/>
    </sentence>
    <sentence id="DDI-DrugBank.d178.s10" text="Whether this interaction also occurs with the intravenous, topical or vaginal preparations of miconazole is not known.">
        <entity id="DDI-DrugBank.d178.s10.e0" charOffset="94-103"
            type="drug" text="miconazole"/>
    </sentence>
    <sentence id="DDI-DrugBank.d178.s11" text="Metformin: In a single-dose interaction study in NIDDM subjects, decreases in glyburide AUC and Cmax were observed, but were highly variable.">
        <entity id="DDI-DrugBank.d178.s11.e0" charOffset="0-8"
            type="drug" text="Metformin"/>
        <entity id="DDI-DrugBank.d178.s11.e1" charOffset="78-86"
            type="drug" text="glyburide"/>
    </sentence>
    <sentence id="DDI-DrugBank.d178.s12" text="The single-dose nature of this study and the lack of correlation between glyburide blood levels and pharmaco-dynamic effects, makes the clinical significance of this interaction uncertain.">
        <entity id="DDI-DrugBank.d178.s12.e0" charOffset="73-81"
            type="drug" text="glyburide"/>
    </sentence>
    <sentence id="DDI-DrugBank.d178.s13" text="Coadministration of gly-buride and metformin did not result in any changes in either metformin pharmacokinetics or pharmaco-dynamics.">
        <entity id="DDI-DrugBank.d178.s13.e0" charOffset="35-43"
            type="drug" text="metformin"/>
        <entity id="DDI-DrugBank.d178.s13.e1" charOffset="85-93"
            type="drug" text="metformin"/>
    </sentence>
</document>
