<?xml version="1.0" encoding="UTF-8"?>
<document id="DDI-DrugBank.d510">
    <sentence id="DDI-DrugBank.d510.s0" text="The concurrent use of Robinul Injection with other anticholinergics or medications with anticholinergic activity, such as phenothiazines, antiparkinson drugs, or tricyclic antidepressants, may intensify the antimuscarinic effects and may result in an increase in anticholinergic side effects.">
        <entity id="DDI-DrugBank.d510.s0.e0" charOffset="22-28"
            type="brand" text="Robinul"/>
        <entity id="DDI-DrugBank.d510.s0.e1" charOffset="51-66"
            type="group" text="anticholinergics"/>
        <entity id="DDI-DrugBank.d510.s0.e2" charOffset="122-135"
            type="group" text="phenothiazines"/>
        <entity id="DDI-DrugBank.d510.s0.e3" charOffset="138-156"
            type="group" text="antiparkinson drugs"/>
        <entity id="DDI-DrugBank.d510.s0.e4" charOffset="162-186"
            type="group" text="tricyclic antidepressants"/>
        <ddi id="DDI-DrugBank.d510.s0.d0" e1="DDI-DrugBank.d510.s0.e0"
            e2="DDI-DrugBank.d510.s0.e1" type="effect"/>
        <ddi id="DDI-DrugBank.d510.s0.d1" e1="DDI-DrugBank.d510.s0.e0"
            e2="DDI-DrugBank.d510.s0.e2" type="effect"/>
        <ddi id="DDI-DrugBank.d510.s0.d2" e1="DDI-DrugBank.d510.s0.e0"
            e2="DDI-DrugBank.d510.s0.e3" type="effect"/>
        <ddi id="DDI-DrugBank.d510.s0.d3" e1="DDI-DrugBank.d510.s0.e0"
            e2="DDI-DrugBank.d510.s0.e4" type="effect"/>
    </sentence>
    <sentence id="DDI-DrugBank.d510.s1" text="Concomitant administration of Robinul Injection and potassium chloride in a wax matrix may increase the severity of potassium chloride-induced gastrointestinal lesions as a result of a slower gastrointestinal transit time.">
        <entity id="DDI-DrugBank.d510.s1.e0" charOffset="30-36"
            type="brand" text="Robinul"/>
        <entity id="DDI-DrugBank.d510.s1.e1" charOffset="52-69"
            type="drug" text="potassium chloride"/>
        <ddi id="DDI-DrugBank.d510.s1.d0" e1="DDI-DrugBank.d510.s1.e0"
            e2="DDI-DrugBank.d510.s1.e1" type="mechanism"/>
    </sentence>
</document>
