<?xml version="1.0" encoding="UTF-8"?>
<document id="DDI-DrugBank.d514">
    <sentence id="DDI-DrugBank.d514.s0" text="Opioids are strong central nervous system depressants, but regular users develop physiological tolerance allowing gradually increased dosages.">
        <entity id="DDI-DrugBank.d514.s0.e0" charOffset="0-6"
            type="group" text="Opioids"/>
        <entity id="DDI-DrugBank.d514.s0.e1" charOffset="19-52"
            type="group" text="central nervous system depressants"/>
    </sentence>
    <sentence id="DDI-DrugBank.d514.s1" text="In combination with other central nervous system depressants, heroin may still kill even experienced users, particularly if their tolerance to the drug has reduced or the strength of their usual dose has increased.">
        <entity id="DDI-DrugBank.d514.s1.e0" charOffset="26-59"
            type="group" text="central nervous system depressants"/>
        <entity id="DDI-DrugBank.d514.s1.e1" charOffset="62-67"
            type="drug_n" text="heroin"/>
        <ddi id="DDI-DrugBank.d514.s1.d0" e1="DDI-DrugBank.d514.s1.e0"
            e2="DDI-DrugBank.d514.s1.e1" type="effect"/>
    </sentence>
    <sentence id="DDI-DrugBank.d514.s2" text="Toxicology studies of heroin-related deaths reveal frequent involvement of other central nervous system depressants, including alcohol, benzodiazepines such as diazepam (Valium), and, to a rising degree, methadone.">
        <entity id="DDI-DrugBank.d514.s2.e0" charOffset="22-27"
            type="drug_n" text="heroin"/>
        <entity id="DDI-DrugBank.d514.s2.e1" charOffset="81-114"
            type="group" text="central nervous system depressants"/>
        <entity id="DDI-DrugBank.d514.s2.e2" charOffset="127-133"
            type="drug" text="alcohol"/>
        <entity id="DDI-DrugBank.d514.s2.e3" charOffset="136-150"
            type="group" text="benzodiazepines"/>
        <entity id="DDI-DrugBank.d514.s2.e4" charOffset="160-167"
            type="drug" text="diazepam"/>
        <entity id="DDI-DrugBank.d514.s2.e5" charOffset="170-175"
            type="brand" text="Valium"/>
        <entity id="DDI-DrugBank.d514.s2.e6" charOffset="204-212"
            type="drug" text="methadone"/>
        <ddi id="DDI-DrugBank.d514.s2.d0" e1="DDI-DrugBank.d514.s2.e0"
            e2="DDI-DrugBank.d514.s2.e1" type="effect"/>
        <ddi id="DDI-DrugBank.d514.s2.d1" e1="DDI-DrugBank.d514.s2.e0"
            e2="DDI-DrugBank.d514.s2.e2" type="effect"/>
        <ddi id="DDI-DrugBank.d514.s2.d2" e1="DDI-DrugBank.d514.s2.e0"
            e2="DDI-DrugBank.d514.s2.e3" type="effect"/>
        <ddi id="DDI-DrugBank.d514.s2.d3" e1="DDI-DrugBank.d514.s2.e0"
            e2="DDI-DrugBank.d514.s2.e4" type="effect"/>
        <ddi id="DDI-DrugBank.d514.s2.d4" e1="DDI-DrugBank.d514.s2.e0"
            e2="DDI-DrugBank.d514.s2.e5" type="effect"/>
        <ddi id="DDI-DrugBank.d514.s2.d5" e1="DDI-DrugBank.d514.s2.e0"
            e2="DDI-DrugBank.d514.s2.e6" type="effect"/>
    </sentence>
    <sentence id="DDI-DrugBank.d514.s3" text="Ironically, benzodiazepines are often used in the treatment of heroin addiction while they cause much more severe withdrawal symptoms.">
        <entity id="DDI-DrugBank.d514.s3.e0" charOffset="12-26"
            type="group" text="benzodiazepines"/>
        <entity id="DDI-DrugBank.d514.s3.e1" charOffset="63-68"
            type="drug" text="heroin"/>
    </sentence>
    <sentence id="DDI-DrugBank.d514.s4" text="Cocaine sometimes proves to be fatal when used in combination with heroin.">
        <entity id="DDI-DrugBank.d514.s4.e0" charOffset="0-6"
            type="drug" text="Cocaine"/>
        <entity id="DDI-DrugBank.d514.s4.e1" charOffset="67-72"
            type="drug_n" text="heroin"/>
        <ddi id="DDI-DrugBank.d514.s4.d0" e1="DDI-DrugBank.d514.s4.e0"
            e2="DDI-DrugBank.d514.s4.e1" type="effect"/>
    </sentence>
</document>
