<?xml version="1.0" encoding="UTF-8"?>
<document id="DDI-DrugBank.d440">
    <sentence id="DDI-DrugBank.d440.s0" text="Calcium Supplements/Antacids">
        <entity id="DDI-DrugBank.d440.s0.e0" charOffset="0-6"
            type="drug" text="Calcium"/>
        <entity id="DDI-DrugBank.d440.s0.e1" charOffset="20-27"
            type="group" text="Antacids"/>
    </sentence>
    <sentence id="DDI-DrugBank.d440.s1" text="Products containing calcium and other multivalent cations (such as aluminum, magnesium, iron) are likely to interfere with absorption of Ibandronate.">
        <entity id="DDI-DrugBank.d440.s1.e0" charOffset="20-26"
            type="drug" text="calcium"/>
        <entity id="DDI-DrugBank.d440.s1.e1" charOffset="67-74"
            type="drug" text="aluminum"/>
        <entity id="DDI-DrugBank.d440.s1.e2" charOffset="77-85"
            type="drug" text="magnesium"/>
        <entity id="DDI-DrugBank.d440.s1.e3" charOffset="88-91"
            type="drug" text="iron"/>
        <entity id="DDI-DrugBank.d440.s1.e4" charOffset="137-147"
            type="drug" text="Ibandronate"/>
        <ddi id="DDI-DrugBank.d440.s1.d0" e1="DDI-DrugBank.d440.s1.e0"
            e2="DDI-DrugBank.d440.s1.e4" type="mechanism"/>
        <ddi id="DDI-DrugBank.d440.s1.d1" e1="DDI-DrugBank.d440.s1.e1"
            e2="DDI-DrugBank.d440.s1.e4" type="mechanism"/>
        <ddi id="DDI-DrugBank.d440.s1.d2" e1="DDI-DrugBank.d440.s1.e2"
            e2="DDI-DrugBank.d440.s1.e4" type="mechanism"/>
        <ddi id="DDI-DrugBank.d440.s1.d3" e1="DDI-DrugBank.d440.s1.e3"
            e2="DDI-DrugBank.d440.s1.e4" type="mechanism"/>
    </sentence>
    <sentence id="DDI-DrugBank.d440.s2" text="Ibandronate should be taken at least 60 minutes before any oral medications containing multivalent cations (including antacids, supplements or vitamins).">
        <entity id="DDI-DrugBank.d440.s2.e0" charOffset="0-10"
            type="drug" text="Ibandronate"/>
        <entity id="DDI-DrugBank.d440.s2.e1" charOffset="118-125"
            type="group" text="antacids"/>
        <entity id="DDI-DrugBank.d440.s2.e2" charOffset="143-150"
            type="group" text="vitamins"/>
        <ddi id="DDI-DrugBank.d440.s2.d0" e1="DDI-DrugBank.d440.s2.e0"
            e2="DDI-DrugBank.d440.s2.e1" type="advise"/>
        <ddi id="DDI-DrugBank.d440.s2.d1" e1="DDI-DrugBank.d440.s2.e0"
            e2="DDI-DrugBank.d440.s2.e2" type="advise"/>
    </sentence>
    <sentence id="DDI-DrugBank.d440.s3" text="H2 Blockers and Proton Pump Inhibitors (PPIs)">
        <entity id="DDI-DrugBank.d440.s3.e0" charOffset="0-10"
            type="group" text="H2 Blockers"/>
        <entity id="DDI-DrugBank.d440.s3.e1" charOffset="16-37"
            type="group" text="Proton Pump Inhibitors"/>
        <entity id="DDI-DrugBank.d440.s3.e2" charOffset="40-43"
            type="group" text="PPIs"/>
    </sentence>
    <sentence id="DDI-DrugBank.d440.s4" text="Of over 3500 patients enrolled in the Ibandronate osteoporosis Treatment and Prevention Studies, 15% used anti-peptic agents (primarily H2 blockers and PPIs).">
        <entity id="DDI-DrugBank.d440.s4.e0" charOffset="38-48"
            type="drug" text="Ibandronate"/>
        <entity id="DDI-DrugBank.d440.s4.e1" charOffset="136-146"
            type="group" text="H2 blockers"/>
        <entity id="DDI-DrugBank.d440.s4.e2" charOffset="152-155"
            type="group" text="PPIs"/>
    </sentence>
    <sentence id="DDI-DrugBank.d440.s5" text="Among these patients, the incidence of upper gastrointestinal adverse experiences in the patients treated with Ibandronate was similar to that in placebo-treated patients.">
        <entity id="DDI-DrugBank.d440.s5.e0" charOffset="111-121"
            type="drug" text="Ibandronate"/>
    </sentence>
    <sentence id="DDI-DrugBank.d440.s6" text="Similarly, of over 1600 patients enrolled in a study comparing once-monthly with daily dosing regimens of ibandronate, 14% of patients used anti-peptic agents.">
        <entity id="DDI-DrugBank.d440.s6.e0" charOffset="106-116"
            type="drug" text="ibandronate"/>
    </sentence>
    <sentence id="DDI-DrugBank.d440.s7" text="Among these patients, the incidence of upper gastrointestinal adverse experiences in the patients treated with Ibandronate 150 mg once monthly was similar to that in patients treated with Ibandronate 2.5 mg once daily.">
        <entity id="DDI-DrugBank.d440.s7.e0" charOffset="111-121"
            type="drug" text="Ibandronate"/>
        <entity id="DDI-DrugBank.d440.s7.e1" charOffset="188-198"
            type="drug" text="Ibandronate"/>
    </sentence>
    <sentence id="DDI-DrugBank.d440.s8" text="Aspirin/Nonsteroidal Antiinflammatory Drugs (NSAIDs)">
        <entity id="DDI-DrugBank.d440.s8.e0" charOffset="0-6"
            type="brand" text="Aspirin"/>
        <entity id="DDI-DrugBank.d440.s8.e1" charOffset="8-41"
            type="group" text="Nonsteroidal Antiinflammatory Drug"/>
        <entity id="DDI-DrugBank.d440.s8.e2" charOffset="45-50"
            type="group" text="NSAIDs"/>
    </sentence>
    <sentence id="DDI-DrugBank.d440.s9" text="In the large, placebo-controlled osteoporosis Treatment Study, aspirin and nonsteroidal anti-inflammatory drugs were taken by 62% of the 2946 patients.">
        <entity id="DDI-DrugBank.d440.s9.e0" charOffset="63-69"
            type="brand" text="aspirin"/>
        <entity id="DDI-DrugBank.d440.s9.e1" charOffset="75-110"
            type="group" text="nonsteroidal anti-inflammatory drugs"/>
    </sentence>
    <sentence id="DDI-DrugBank.d440.s10" text="Among aspirin or NSAID users, the incidence of upper gastrointestinal adverse events in patients treated with ibandronate 2.5 mg daily (28.9%) was similar to that in placebo-treated patients (30.7%).">
        <entity id="DDI-DrugBank.d440.s10.e0" charOffset="6-12"
            type="brand" text="aspirin"/>
        <entity id="DDI-DrugBank.d440.s10.e1" charOffset="17-21"
            type="group" text="NSAID"/>
        <entity id="DDI-DrugBank.d440.s10.e2" charOffset="110-120"
            type="drug" text="ibandronate"/>
    </sentence>
    <sentence id="DDI-DrugBank.d440.s11" text="Similarly, in the 1-year monthly comparison study, aspirin and nonsteroidal anti-inflammatory drugs were taken by 39% of the 1602 patients.">
        <entity id="DDI-DrugBank.d440.s11.e0" charOffset="51-57"
            type="brand" text="aspirin"/>
        <entity id="DDI-DrugBank.d440.s11.e1" charOffset="63-98"
            type="group" text="nonsteroidal anti-inflammatory drugs"/>
    </sentence>
    <sentence id="DDI-DrugBank.d440.s12" text="The incidence of upper gastrointestinal events in patients concomitantly taking aspirin or NSAIDs was similar in patients taking ibandronate 2.5 mg daily (21.7%) and 150 mg once monthly (22.0%).">
        <entity id="DDI-DrugBank.d440.s12.e0" charOffset="80-86"
            type="brand" text="aspirin"/>
        <entity id="DDI-DrugBank.d440.s12.e1" charOffset="91-96"
            type="group" text="NSAIDs"/>
        <entity id="DDI-DrugBank.d440.s12.e2" charOffset="129-139"
            type="drug" text="ibandronate"/>
    </sentence>
    <sentence id="DDI-DrugBank.d440.s13" text="However, since aspirin, NSAIDs, and bisphosphonates are all associated with gastrointestinal irritation, caution should be exercised in the concomitant use of aspirin or NSAIDs with Ibandronate.">
        <entity id="DDI-DrugBank.d440.s13.e0" charOffset="15-21"
            type="brand" text="aspirin"/>
        <entity id="DDI-DrugBank.d440.s13.e1" charOffset="24-29"
            type="group" text="NSAIDs"/>
        <entity id="DDI-DrugBank.d440.s13.e2" charOffset="36-50"
            type="group" text="bisphosphonates"/>
        <entity id="DDI-DrugBank.d440.s13.e3" charOffset="159-165"
            type="brand" text="aspirin"/>
        <entity id="DDI-DrugBank.d440.s13.e4" charOffset="170-175"
            type="group" text="NSAIDs"/>
        <entity id="DDI-DrugBank.d440.s13.e5" charOffset="182-192"
            type="drug" text="Ibandronate"/>
        <ddi id="DDI-DrugBank.d440.s13.d0" e1="DDI-DrugBank.d440.s13.e3"
            e2="DDI-DrugBank.d440.s13.e5" type="advise"/>
        <ddi id="DDI-DrugBank.d440.s13.d1" e1="DDI-DrugBank.d440.s13.e4"
            e2="DDI-DrugBank.d440.s13.e5" type="advise"/>
    </sentence>
    <sentence id="DDI-DrugBank.d440.s14" text="Drug/Laboratory Test Interactions"/>
    <sentence id="DDI-DrugBank.d440.s15" text="Bisphosphonates are known to interfere with the use of bone-imaging agents.">
        <entity id="DDI-DrugBank.d440.s15.e0" charOffset="0-14"
            type="group" text="Bisphosphonates"/>
    </sentence>
    <sentence id="DDI-DrugBank.d440.s16" text="Specific studies with ibandronate have not been performed.">
        <entity id="DDI-DrugBank.d440.s16.e0" charOffset="22-32"
            type="drug" text="ibandronate"/>
    </sentence>
</document>
