<?xml version="1.0" encoding="UTF-8"?>
<document id="DDI-DrugBank.d68">
    <sentence id="DDI-DrugBank.d68.s0" text="No specific pharmacokinetic or other formal drug interaction studies were conducted."/>
    <sentence id="DDI-DrugBank.d68.s1" text="Digoxin: Supraventricular arrhythmias may mask the cardiotoxicity associated with excessive digoxin levels.">
        <entity id="DDI-DrugBank.d68.s1.e0" charOffset="0-6" type="drug" text="Digoxin"/>
        <entity id="DDI-DrugBank.d68.s1.e1" charOffset="92-98"
            type="drug" text="digoxin"/>
    </sentence>
    <sentence id="DDI-DrugBank.d68.s2" text="Therefore, it is advisable to be particularly cautious in patients whose plasma digoxin levels are above or suspected to be above the usual therapeutic range.">
        <entity id="DDI-DrugBank.d68.s2.e0" charOffset="80-86"
            type="drug" text="digoxin"/>
    </sentence>
    <sentence id="DDI-DrugBank.d68.s3" text="Coadministration of digoxin did not have effects on either the safety or efficacy of ibutilide in the clinical trials.">
        <entity id="DDI-DrugBank.d68.s3.e0" charOffset="20-26"
            type="drug" text="digoxin"/>
        <entity id="DDI-DrugBank.d68.s3.e1" charOffset="85-93"
            type="drug" text="ibutilide"/>
    </sentence>
    <sentence id="DDI-DrugBank.d68.s4" text="Calcium channel blocking agents: Coadministration of calcium channel blockers did not have any effect on either the safety or efficacy of ibutilide in the clinical trials.">
        <entity id="DDI-DrugBank.d68.s4.e0" charOffset="0-30"
            type="group" text="Calcium channel blocking agents"/>
        <entity id="DDI-DrugBank.d68.s4.e1" charOffset="53-76"
            type="group" text="calcium channel blockers"/>
        <entity id="DDI-DrugBank.d68.s4.e2" charOffset="138-146"
            type="drug" text="ibutilide"/>
    </sentence>
    <sentence id="DDI-DrugBank.d68.s5" text="Beta-adrenergic blocking agents: Coadministration of beta-adrenergic blocking agents did not have any effect on either the safety or efficacy of ibutilide in the clinical trials.">
        <entity id="DDI-DrugBank.d68.s5.e0" charOffset="0-30"
            type="group" text="Beta-adrenergic blocking agents"/>
        <entity id="DDI-DrugBank.d68.s5.e1" charOffset="53-83"
            type="group" text="beta-adrenergic blocking agents"/>
        <entity id="DDI-DrugBank.d68.s5.e2" charOffset="145-153"
            type="drug" text="ibutilide"/>
    </sentence>
</document>
