<?xml version="1.0" encoding="UTF-8"?>
<document id="DDI-DrugBank.d549">
    <sentence id="DDI-DrugBank.d549.s0" text="In studies in normal volunteers, there was no pharmacodynamic interaction between intravenous iloprost and either nifedipine, diltiazem, or captopril.">
        <entity id="DDI-DrugBank.d549.s0.e0" charOffset="94-101"
            type="drug" text="iloprost"/>
        <entity id="DDI-DrugBank.d549.s0.e1" charOffset="114-123"
            type="drug" text="nifedipine"/>
        <entity id="DDI-DrugBank.d549.s0.e2" charOffset="126-134"
            type="drug" text="diltiazem"/>
        <entity id="DDI-DrugBank.d549.s0.e3" charOffset="140-148"
            type="drug" text="captopril"/>
    </sentence>
    <sentence id="DDI-DrugBank.d549.s1" text="However, iloprost has the potential to increase the hypotensive effect of vasodilators and antihypertensive agents.">
        <entity id="DDI-DrugBank.d549.s1.e0" charOffset="9-16"
            type="drug" text="iloprost"/>
        <entity id="DDI-DrugBank.d549.s1.e1" charOffset="74-85"
            type="group" text="vasodilators"/>
        <entity id="DDI-DrugBank.d549.s1.e2" charOffset="91-113"
            type="group" text="antihypertensive agents"/>
        <ddi id="DDI-DrugBank.d549.s1.d0" e1="DDI-DrugBank.d549.s1.e0"
            e2="DDI-DrugBank.d549.s1.e1" type="effect"/>
        <ddi id="DDI-DrugBank.d549.s1.d1" e1="DDI-DrugBank.d549.s1.e0"
            e2="DDI-DrugBank.d549.s1.e2" type="effect"/>
    </sentence>
    <sentence id="DDI-DrugBank.d549.s2" text="Since iloprost inhibits platelet function, there is a potential for increased risk of bleeding, particularly in patients maintained on anticoagulants.">
        <entity id="DDI-DrugBank.d549.s2.e0" charOffset="6-13"
            type="drug" text="iloprost"/>
        <entity id="DDI-DrugBank.d549.s2.e1" charOffset="135-148"
            type="group" text="anticoagulants"/>
        <ddi id="DDI-DrugBank.d549.s2.d0" e1="DDI-DrugBank.d549.s2.e0"
            e2="DDI-DrugBank.d549.s2.e1" type="effect"/>
    </sentence>
    <sentence id="DDI-DrugBank.d549.s3" text="During clinical trials, iloprost was used concurrently with anticoagulants, diuretics, cardiac glycosides, calcium channel blockers, analgesics, antipyretics, nonsteroidal antiinflammatories, corticosteroids, and other medications.">
        <entity id="DDI-DrugBank.d549.s3.e0" charOffset="24-31"
            type="drug" text="iloprost"/>
        <entity id="DDI-DrugBank.d549.s3.e1" charOffset="60-73"
            type="group" text="anticoagulants"/>
        <entity id="DDI-DrugBank.d549.s3.e2" charOffset="76-84"
            type="group" text="diuretics"/>
        <entity id="DDI-DrugBank.d549.s3.e3" charOffset="87-104"
            type="group" text="cardiac glycosides"/>
        <entity id="DDI-DrugBank.d549.s3.e4" charOffset="107-130"
            type="group" text="calcium channel blockers"/>
        <entity id="DDI-DrugBank.d549.s3.e5" charOffset="133-142"
            type="group" text="analgesics"/>
        <entity id="DDI-DrugBank.d549.s3.e6" charOffset="145-156"
            type="group" text="antipyretics"/>
        <entity id="DDI-DrugBank.d549.s3.e7" charOffset="159-189"
            type="group" text="nonsteroidal antiinflammatories"/>
        <entity id="DDI-DrugBank.d549.s3.e8" charOffset="192-206"
            type="group" text="corticosteroids"/>
    </sentence>
    <sentence id="DDI-DrugBank.d549.s4" text="Intravenous infusion of iloprost had no effect on the pharmacokinetics of digoxin.">
        <entity id="DDI-DrugBank.d549.s4.e0" charOffset="24-31"
            type="drug" text="iloprost"/>
        <entity id="DDI-DrugBank.d549.s4.e1" charOffset="74-80"
            type="drug" text="digoxin"/>
    </sentence>
    <sentence id="DDI-DrugBank.d549.s5" text="Acetylsalicylic acid did not alter the clearance (pharmacokinetics) of iloprost.">
        <entity id="DDI-DrugBank.d549.s5.e0" charOffset="0-19"
            type="drug" text="Acetylsalicylic acid"/>
        <entity id="DDI-DrugBank.d549.s5.e1" charOffset="71-78"
            type="drug" text="iloprost"/>
    </sentence>
    <sentence id="DDI-DrugBank.d549.s6" text="Although clinical studies have not been conducted, in vitro studies of iloprost indicate that no relevant inhibition of cytochrome P450 drug metabolism would be expected.">
        <entity id="DDI-DrugBank.d549.s6.e0" charOffset="71-78"
            type="drug" text="iloprost"/>
    </sentence>
</document>
