<?xml version="1.0" encoding="UTF-8"?>
<document id="DDI-DrugBank.d527">
    <sentence id="DDI-DrugBank.d527.s0" text="A number of substances affect glucose metabolism and may require insulin dose adjustment and particularly close monitoring.">
        <entity id="DDI-DrugBank.d527.s0.e0" charOffset="65-71"
            type="drug" text="insulin"/>
    </sentence>
    <sentence id="DDI-DrugBank.d527.s1" text="The following are examples of substances that may increase the blood-glucose-lowering effect and susceptibility to hypoglycemia: oral antidiabetes products, ACE inhibitors, disopyramide, fibrates, fluoxetine, MAO inhibitors, propoxyphene, salicylates, somatostatin analog (e.g., octreotide), sulfonamide antibiotics.">
        <entity id="DDI-DrugBank.d527.s1.e0" charOffset="157-170"
            type="group" text="ACE inhibitors"/>
        <entity id="DDI-DrugBank.d527.s1.e1" charOffset="173-184"
            type="drug" text="disopyramide"/>
        <entity id="DDI-DrugBank.d527.s1.e2" charOffset="187-194"
            type="group" text="fibrates"/>
        <entity id="DDI-DrugBank.d527.s1.e3" charOffset="197-206"
            type="drug" text="fluoxetine"/>
        <entity id="DDI-DrugBank.d527.s1.e4" charOffset="209-222"
            type="group" text="MAO inhibitors"/>
        <entity id="DDI-DrugBank.d527.s1.e5" charOffset="225-236"
            type="drug" text="propoxyphene"/>
        <entity id="DDI-DrugBank.d527.s1.e6" charOffset="239-249"
            type="group" text="salicylates"/>
        <entity id="DDI-DrugBank.d527.s1.e7" charOffset="252-270"
            type="group" text="somatostatin analog"/>
        <entity id="DDI-DrugBank.d527.s1.e8" charOffset="279-288"
            type="drug" text="octreotide"/>
        <entity id="DDI-DrugBank.d527.s1.e9" charOffset="292-314"
            type="group" text="sulfonamide antibiotics"/>
    </sentence>
    <sentence id="DDI-DrugBank.d527.s2" text="The following are examples of substances that may reduce the blood-glucose-lowering effect of insulin: corticosteroids, danazol, diuretics, sympathomimetic agents (e.g., epinephrine, albuterol, terbutaline), isoniazid, phenothiazine derivatives, somatropin, thyroid hormones, estrogens, progestogens (e.g., in oral contraceptives).">
        <entity id="DDI-DrugBank.d527.s2.e0" charOffset="94-100"
            type="drug" text="insulin"/>
        <entity id="DDI-DrugBank.d527.s2.e1" charOffset="103-117"
            type="group" text="corticosteroids"/>
        <entity id="DDI-DrugBank.d527.s2.e2" charOffset="120-126"
            type="drug" text="danazol"/>
        <entity id="DDI-DrugBank.d527.s2.e3" charOffset="129-137"
            type="group" text="diuretics"/>
        <entity id="DDI-DrugBank.d527.s2.e4" charOffset="140-161"
            type="group" text="sympathomimetic agents"/>
        <entity id="DDI-DrugBank.d527.s2.e5" charOffset="170-180"
            type="drug" text="epinephrine"/>
        <entity id="DDI-DrugBank.d527.s2.e6" charOffset="183-191"
            type="drug" text="albuterol"/>
        <entity id="DDI-DrugBank.d527.s2.e7" charOffset="194-204"
            type="drug" text="terbutaline"/>
        <entity id="DDI-DrugBank.d527.s2.e8" charOffset="208-216"
            type="drug" text="isoniazid"/>
        <entity id="DDI-DrugBank.d527.s2.e9" charOffset="219-243"
            type="group" text="phenothiazine derivatives"/>
        <entity id="DDI-DrugBank.d527.s2.e10" charOffset="246-255"
            type="drug" text="somatropin"/>
        <entity id="DDI-DrugBank.d527.s2.e11" charOffset="258-273"
            type="group" text="thyroid hormones"/>
        <entity id="DDI-DrugBank.d527.s2.e12" charOffset="276-284"
            type="group" text="estrogens"/>
        <entity id="DDI-DrugBank.d527.s2.e13" charOffset="287-298"
            type="group" text="progestogens"/>
        <entity id="DDI-DrugBank.d527.s2.e14" charOffset="315-328"
            type="group" text="contraceptives"/>
    </sentence>
    <sentence id="DDI-DrugBank.d527.s3" text="Beta-blockers, clonidine, lithium salts, and alcohol may either potentiate or weaken the blood-glucose-lowering effect of insulin.">
        <entity id="DDI-DrugBank.d527.s3.e0" charOffset="0-12"
            type="group" text="Beta-blockers"/>
        <entity id="DDI-DrugBank.d527.s3.e1" charOffset="15-23"
            type="drug" text="clonidine"/>
        <entity id="DDI-DrugBank.d527.s3.e2" charOffset="26-32"
            type="drug" text="lithium"/>
        <entity id="DDI-DrugBank.d527.s3.e3" charOffset="45-51"
            type="drug" text="alcohol"/>
        <entity id="DDI-DrugBank.d527.s3.e4" charOffset="122-128"
            type="drug" text="insulin"/>
        <ddi id="DDI-DrugBank.d527.s3.d0" e1="DDI-DrugBank.d527.s3.e0"
            e2="DDI-DrugBank.d527.s3.e4" type="effect"/>
        <ddi id="DDI-DrugBank.d527.s3.d1" e1="DDI-DrugBank.d527.s3.e1"
            e2="DDI-DrugBank.d527.s3.e4" type="effect"/>
        <ddi id="DDI-DrugBank.d527.s3.d2" e1="DDI-DrugBank.d527.s3.e2"
            e2="DDI-DrugBank.d527.s3.e4" type="effect"/>
        <ddi id="DDI-DrugBank.d527.s3.d3" e1="DDI-DrugBank.d527.s3.e3"
            e2="DDI-DrugBank.d527.s3.e4" type="effect"/>
    </sentence>
    <sentence id="DDI-DrugBank.d527.s4" text="Pentamidine may cause hypoglycemia, which may sometimes be followed by hyperglycemia.">
        <entity id="DDI-DrugBank.d527.s4.e0" charOffset="0-10"
            type="drug" text="Pentamidine"/>
    </sentence>
    <sentence id="DDI-DrugBank.d527.s5" text="In addition, under the influence of sympatholytic medicinal products such as beta-blockers, clonidine, guanethidine, and reserpine, the signs of hypoglycemia may be reduced or absent.">
        <entity id="DDI-DrugBank.d527.s5.e0" charOffset="77-89"
            type="group" text="beta-blockers"/>
        <entity id="DDI-DrugBank.d527.s5.e1" charOffset="92-100"
            type="drug" text="clonidine"/>
        <entity id="DDI-DrugBank.d527.s5.e2" charOffset="103-114"
            type="drug" text="guanethidine"/>
        <entity id="DDI-DrugBank.d527.s5.e3" charOffset="121-129"
            type="drug" text="reserpine"/>
    </sentence>
</document>
