<?xml version="1.0" encoding="UTF-8"?>
<document id="DDI-DrugBank.d433">
    <sentence id="DDI-DrugBank.d433.s0" text="No formal drug interaction studies have been conducted with Rebif .">
        <entity id="DDI-DrugBank.d433.s0.e0" charOffset="60-64"
            type="brand" text="Rebif"/>
    </sentence>
    <sentence id="DDI-DrugBank.d433.s1" text="Due to its potential to cause neutropenia and lymphopenia, proper monitoring of patients is required if Rebif  is given in combination with myelosuppressive agents.">
        <entity id="DDI-DrugBank.d433.s1.e0" charOffset="104-108"
            type="brand" text="Rebif"/>
    </sentence>
    <sentence id="DDI-DrugBank.d433.s2" text="Also, the potential for hepatic injury should be considered when Rebif  is used in combination with other products associated with hepatic injury, or when new agents are added to the regimen of patients already on Rebif .">
        <entity id="DDI-DrugBank.d433.s2.e0" charOffset="65-69"
            type="brand" text="Rebif"/>
        <entity id="DDI-DrugBank.d433.s2.e1" charOffset="214-218"
            type="brand" text="Rebif"/>
    </sentence>
</document>
