<?xml version="1.0" encoding="UTF-8"?>
<document id="DDI-DrugBank.d365">
    <sentence id="DDI-DrugBank.d365.s0" text="Medroxyprogesterone Acetate - L-histidine was observed to enhance (in tissue culture) the effect of medroxyprogesterone acetate in reducing the number of human breast cancer cells that were in the S phase.">
        <entity id="DDI-DrugBank.d365.s0.e0" charOffset="0-26"
            type="drug" text="Medroxyprogesterone Acetate"/>
        <entity id="DDI-DrugBank.d365.s0.e1" charOffset="30-40"
            type="drug" text="L-histidine"/>
        <entity id="DDI-DrugBank.d365.s0.e2" charOffset="100-126"
            type="drug" text="medroxyprogesterone acetate"/>
        <ddi id="DDI-DrugBank.d365.s0.d0" e1="DDI-DrugBank.d365.s0.e1"
            e2="DDI-DrugBank.d365.s0.e2" type="effect"/>
    </sentence>
    <sentence id="DDI-DrugBank.d365.s1" text="H1 and H2 Blockers - Although not reported, L-histidine, via its metabolism to histamine, might decrease the efficacy of H1 and H2 blockers.">
        <entity id="DDI-DrugBank.d365.s1.e0" charOffset="0-1;10-17"
            type="group" text="H1 Blockers"/>
        <entity id="DDI-DrugBank.d365.s1.e1" charOffset="7-17"
            type="group" text="H2 Blockers"/>
        <entity id="DDI-DrugBank.d365.s1.e2" charOffset="44-54"
            type="drug" text="L-histidine"/>
        <entity id="DDI-DrugBank.d365.s1.e3"
            charOffset="121-122;131-138" type="group" text="H1 blockers"/>
        <entity id="DDI-DrugBank.d365.s1.e4" charOffset="128-138"
            type="group" text="H2 blockers"/>
        <ddi id="DDI-DrugBank.d365.s1.d0" e1="DDI-DrugBank.d365.s1.e2"
            e2="DDI-DrugBank.d365.s1.e3" type="effect"/>
        <ddi id="DDI-DrugBank.d365.s1.d1" e1="DDI-DrugBank.d365.s1.e2"
            e2="DDI-DrugBank.d365.s1.e4" type="effect"/>
    </sentence>
</document>
