<?xml version="1.0" encoding="UTF-8"?>
<document id="DDI-DrugBank.d412">
    <sentence id="DDI-DrugBank.d412.s0" text="In one survey, 2.3% of patients taking labetalol HCl in combination with tricyclic antidepressants experienced tremor, as compared to 0.7% reported to occur with labetalol HCl alone.">
        <entity id="DDI-DrugBank.d412.s0.e0" charOffset="39-51"
            type="drug" text="labetalol HCl"/>
        <entity id="DDI-DrugBank.d412.s0.e1" charOffset="73-97"
            type="group" text="tricyclic antidepressants"/>
        <entity id="DDI-DrugBank.d412.s0.e2" charOffset="162-174"
            type="drug" text="labetalol HCl"/>
        <ddi id="DDI-DrugBank.d412.s0.d0" e1="DDI-DrugBank.d412.s0.e0"
            e2="DDI-DrugBank.d412.s0.e1" type="effect"/>
    </sentence>
    <sentence id="DDI-DrugBank.d412.s1" text="The contribution of each of the treatments to this adverse reaction is unknown but the possibility of a drug interaction cannot be excluded."/>
    <sentence id="DDI-DrugBank.d412.s2" text="Drugs possessing beta-blocking properties can blunt the bronchodilator effect of beta-receptor agonist drugs in patients with bronchospasm;">
        <entity id="DDI-DrugBank.d412.s2.e0" charOffset="81-107"
            type="group" text="beta-receptor agonist drugs"/>
    </sentence>
    <sentence id="DDI-DrugBank.d412.s3" text="therefore, doses greater than the normal antiasthmatic dose of beta-agonist bronchodilator drugs may be required.">
        <entity id="DDI-DrugBank.d412.s3.e0" charOffset="63-95"
            type="group" text="beta-agonist bronchodilator drugs"/>
    </sentence>
    <sentence id="DDI-DrugBank.d412.s4" text="Cimetidine has been shown to increase the bioavailability of labetalol HCl.">
        <entity id="DDI-DrugBank.d412.s4.e0" charOffset="0-9"
            type="drug" text="Cimetidine"/>
        <entity id="DDI-DrugBank.d412.s4.e1" charOffset="61-73"
            type="drug" text="labetalol HCl"/>
        <ddi id="DDI-DrugBank.d412.s4.d0" e1="DDI-DrugBank.d412.s4.e0"
            e2="DDI-DrugBank.d412.s4.e1" type="mechanism"/>
    </sentence>
    <sentence id="DDI-DrugBank.d412.s5" text="Since this could be explained either by enhanced absorption or by an alteration of hepatic metabolism of labetalol HCl, special care should be used in establishing the dose required for blood pressure control in such patients.">
        <entity id="DDI-DrugBank.d412.s5.e0" charOffset="105-117"
            type="drug" text="labetalol HCl"/>
    </sentence>
    <sentence id="DDI-DrugBank.d412.s6" text="Synergism has been shown between halothane anesthesia and intravenously administered labetalol HCl.">
        <entity id="DDI-DrugBank.d412.s6.e0" charOffset="33-41"
            type="drug" text="halothane"/>
        <entity id="DDI-DrugBank.d412.s6.e1" charOffset="85-97"
            type="drug" text="labetalol HCl"/>
        <ddi id="DDI-DrugBank.d412.s6.d0" e1="DDI-DrugBank.d412.s6.e0"
            e2="DDI-DrugBank.d412.s6.e1" type="effect"/>
    </sentence>
    <sentence id="DDI-DrugBank.d412.s7" text="During controlled hypotensive anesthesia using labetalol HCl in association with halothane, high concentrations (3% or above) of halothane should not be used because the degree of hypotension will be increased and because of the possibility of a large reduction in cardiac output and an increase in central venous pressure.">
        <entity id="DDI-DrugBank.d412.s7.e0" charOffset="47-59"
            type="drug" text="labetalol HCl"/>
        <entity id="DDI-DrugBank.d412.s7.e1" charOffset="81-89"
            type="drug" text="halothane"/>
        <entity id="DDI-DrugBank.d412.s7.e2" charOffset="129-137"
            type="drug" text="halothane"/>
        <ddi id="DDI-DrugBank.d412.s7.d0" e1="DDI-DrugBank.d412.s7.e0"
            e2="DDI-DrugBank.d412.s7.e1" type="effect"/>
    </sentence>
    <sentence id="DDI-DrugBank.d412.s8" text="The anesthesiologist should be informed when a patient is receiving labetalol HCl.">
        <entity id="DDI-DrugBank.d412.s8.e0" charOffset="68-80"
            type="drug" text="labetalol HCl"/>
    </sentence>
    <sentence id="DDI-DrugBank.d412.s9" text="Labetalol HCl blunts the reflex tachycardia produced by nitroglycerin without preventing its hypotensive effect.">
        <entity id="DDI-DrugBank.d412.s9.e0" charOffset="0-12"
            type="drug" text="Labetalol HCl"/>
        <entity id="DDI-DrugBank.d412.s9.e1" charOffset="56-68"
            type="drug" text="nitroglycerin"/>
        <ddi id="DDI-DrugBank.d412.s9.d0" e1="DDI-DrugBank.d412.s9.e0"
            e2="DDI-DrugBank.d412.s9.e1" type="effect"/>
    </sentence>
    <sentence id="DDI-DrugBank.d412.s10" text="If labetalol HCl is used with nitroglycerin in patients with angina pectoris, additional antihypertensive effects may occur.">
        <entity id="DDI-DrugBank.d412.s10.e0" charOffset="3-15"
            type="drug" text="labetalol HCl"/>
        <entity id="DDI-DrugBank.d412.s10.e1" charOffset="30-42"
            type="drug" text="nitroglycerin"/>
        <ddi id="DDI-DrugBank.d412.s10.d0" e1="DDI-DrugBank.d412.s10.e0"
            e2="DDI-DrugBank.d412.s10.e1" type="effect"/>
    </sentence>
    <sentence id="DDI-DrugBank.d412.s11" text="Care should be taken if labetalol is used concomitantly with calcium antagonists of the verapamil type.">
        <entity id="DDI-DrugBank.d412.s11.e0" charOffset="24-32"
            type="drug" text="labetalol"/>
        <entity id="DDI-DrugBank.d412.s11.e1" charOffset="61-78"
            type="group" text="calcium antagonist"/>
        <entity id="DDI-DrugBank.d412.s11.e2" charOffset="88-96"
            type="drug" text="verapamil"/>
        <ddi id="DDI-DrugBank.d412.s11.d0" e1="DDI-DrugBank.d412.s11.e0"
            e2="DDI-DrugBank.d412.s11.e1" type="advise"/>
    </sentence>
    <sentence id="DDI-DrugBank.d412.s12" text="Risk of Anaphylactic Reaction While taking beta-blockers, patients with a history of severe anaphylactic reaction to a variety of allergens may be more reactive to repeated challenge, either accidental, diagnostic, or therapeutic.">
        <entity id="DDI-DrugBank.d412.s12.e0" charOffset="43-55"
            type="group" text="beta-blockers"/>
    </sentence>
    <sentence id="DDI-DrugBank.d412.s13" text="Such patients may be unresponsive to the usual doses of epinephrine used to treat allergic reaction.">
        <entity id="DDI-DrugBank.d412.s13.e0" charOffset="56-66"
            type="drug" text="epinephrine"/>
    </sentence>
    <sentence id="DDI-DrugBank.d412.s14" text="Drug/Laboratory Test Interactions The presence of labetalol metabolites in the urine may result in falsely elevated levels of urinary catecholamines, metanephrine, normetanephrine and vanillylmandelic acid when measured by fluorimetric or photometric methods."/>
    <sentence id="DDI-DrugBank.d412.s15" text="In screening patients suspected of having a pheochromocytoma and being treated with labetalol HCl, a specific method, such as a high performance liquid chromatographic assay with solid phase extraction (e.g., J Chromatogr 385:241,1987) should be employed in determining levels of catecholamines.">
        <entity id="DDI-DrugBank.d412.s15.e0" charOffset="84-96"
            type="drug" text="labetalol HCl"/>
    </sentence>
    <sentence id="DDI-DrugBank.d412.s16" text="Labetalol HCl has also been reported to produce a false positive test for amphetamine when screening urine for the presence of drugs using the commercially available assay methods Toxi-Lab A  (thin-layer chromatographic assay) and Emit-d.a.u.  (radioenzymatic assay).">
        <entity id="DDI-DrugBank.d412.s16.e0" charOffset="0-12"
            type="drug" text="Labetalol HCl"/>
        <entity id="DDI-DrugBank.d412.s16.e1" charOffset="74-84"
            type="drug" text="amphetamine"/>
    </sentence>
    <sentence id="DDI-DrugBank.d412.s17" text="When patients being treated with labetalol have a positive urine test for amphetamine using these techniques confirmation should be made by using more specific methods such as a gas chromatographic-mass spectrometer technique.">
        <entity id="DDI-DrugBank.d412.s17.e0" charOffset="33-41"
            type="drug" text="labetalol"/>
        <entity id="DDI-DrugBank.d412.s17.e1" charOffset="74-84"
            type="drug" text="amphetamine"/>
    </sentence>
</document>
