<?xml version="1.0" encoding="UTF-8"?>
<document id="DDI-DrugBank.d71">
    <sentence id="DDI-DrugBank.d71.s0" text="Lamivudine is predominantly eliminated in the urine by active organic cationic secretion.">
        <entity id="DDI-DrugBank.d71.s0.e0" charOffset="0-9" type="drug" text="Lamivudine"/>
    </sentence>
    <sentence id="DDI-DrugBank.d71.s1" text="The possibility of interactions with other drugs administered concurrently should be considered, particularly when their main route of elimination is active renal secretion via the organic cationic transport system (e.g., trimethoprim).">
        <entity id="DDI-DrugBank.d71.s1.e0" charOffset="222-233"
            type="drug" text="trimethoprim"/>
    </sentence>
    <sentence id="DDI-DrugBank.d71.s2" text="No change in dose of either drug is recommended."/>
    <sentence id="DDI-DrugBank.d71.s3" text="There is no information regarding the effect on lamivudine pharmacokinetics of higher doses of TMP/SMX such as those used to treat Pneumocystis carinii pneumonia.">
        <entity id="DDI-DrugBank.d71.s3.e0" charOffset="48-57"
            type="drug" text="lamivudine"/>
        <entity id="DDI-DrugBank.d71.s3.e1" charOffset="95-97"
            type="drug" text="TMP"/>
        <entity id="DDI-DrugBank.d71.s3.e2" charOffset="99-101"
            type="drug" text="SMX"/>
    </sentence>
    <sentence id="DDI-DrugBank.d71.s4" text="No data are available regarding interactions with other drugs that have renal clearance mechanisms similar to that of lamivudine.">
        <entity id="DDI-DrugBank.d71.s4.e0" charOffset="118-127"
            type="drug" text="lamivudine"/>
    </sentence>
    <sentence id="DDI-DrugBank.d71.s5" text="Lamivudine and zalcitabine may inhibit the intracellular phosphorylation of one another.">
        <entity id="DDI-DrugBank.d71.s5.e0" charOffset="0-9" type="drug" text="Lamivudine"/>
        <entity id="DDI-DrugBank.d71.s5.e1" charOffset="15-25"
            type="drug" text="zalcitabine"/>
        <ddi id="DDI-DrugBank.d71.s5.d0" e1="DDI-DrugBank.d71.s5.e0"
            e2="DDI-DrugBank.d71.s5.e1" type="effect"/>
    </sentence>
    <sentence id="DDI-DrugBank.d71.s6" text="Therefore, use of lamivudine in combination with zalcitabine is not recommended">
        <entity id="DDI-DrugBank.d71.s6.e0" charOffset="18-27"
            type="drug" text="lamivudine"/>
        <entity id="DDI-DrugBank.d71.s6.e1" charOffset="49-59"
            type="drug" text="zalcitabine"/>
        <ddi id="DDI-DrugBank.d71.s6.d0" e1="DDI-DrugBank.d71.s6.e0"
            e2="DDI-DrugBank.d71.s6.e1" type="advise"/>
    </sentence>
    <sentence id="DDI-DrugBank.d71.s7" text="."/>
    <sentence id="DDI-DrugBank.d71.s8" text=""/>
</document>
