<?xml version="1.0" encoding="UTF-8"?>
<document id="DDI-DrugBank.d242">
    <sentence id="DDI-DrugBank.d242.s0" text="Specific drug interaction studies have not been conducted with Levofloxacin.">
        <entity id="DDI-DrugBank.d242.s0.e0" charOffset="63-74"
            type="drug" text="Levofloxacin"/>
    </sentence>
    <sentence id="DDI-DrugBank.d242.s1" text="However, the systemic administration of some quinolones has been shown to elevate plasma concentrations of theophylline, interfere with the metabolism of caffeine, and enhance the effects of the oral anticoagulant warfarin and its derivatives, and has been associated with transient elevations in serum creatinine in patients receiving systemic cyclosporine concomitantly.">
        <entity id="DDI-DrugBank.d242.s1.e0" charOffset="45-54"
            type="group" text="quinolones"/>
        <entity id="DDI-DrugBank.d242.s1.e1" charOffset="107-118"
            type="drug" text="theophylline"/>
        <entity id="DDI-DrugBank.d242.s1.e2" charOffset="154-161"
            type="drug" text="caffeine"/>
        <entity id="DDI-DrugBank.d242.s1.e3" charOffset="200-212"
            type="group" text="anticoagulant"/>
        <entity id="DDI-DrugBank.d242.s1.e4" charOffset="214-221"
            type="drug" text="warfarin"/>
        <entity id="DDI-DrugBank.d242.s1.e5" charOffset="345-356"
            type="drug" text="cyclosporine"/>
        <ddi id="DDI-DrugBank.d242.s1.d0" e1="DDI-DrugBank.d242.s1.e0"
            e2="DDI-DrugBank.d242.s1.e1" type="mechanism"/>
        <ddi id="DDI-DrugBank.d242.s1.d1" e1="DDI-DrugBank.d242.s1.e0"
            e2="DDI-DrugBank.d242.s1.e2" type="mechanism"/>
        <ddi id="DDI-DrugBank.d242.s1.d2" e1="DDI-DrugBank.d242.s1.e0"
            e2="DDI-DrugBank.d242.s1.e4" type="effect"/>
        <ddi id="DDI-DrugBank.d242.s1.d3" e1="DDI-DrugBank.d242.s1.e0"
            e2="DDI-DrugBank.d242.s1.e5" type="effect"/>
    </sentence>
</document>
