<?xml version="1.0" encoding="UTF-8"?>
<document id="DDI-DrugBank.d564">
    <sentence id="DDI-DrugBank.d564.s0" text="The administration of local anesthetic solutions containing epinephrine or norepinephrine to patients receiving monoamine oxidase inhibitors or tricyclic antidepressants may produce severe, prolonged hypertension.">
        <entity id="DDI-DrugBank.d564.s0.e0" charOffset="28-47"
            type="group" text="anesthetic solutions"/>
        <entity id="DDI-DrugBank.d564.s0.e1" charOffset="60-70"
            type="drug" text="epinephrine"/>
        <entity id="DDI-DrugBank.d564.s0.e2" charOffset="75-88"
            type="drug" text="norepinephrine"/>
        <entity id="DDI-DrugBank.d564.s0.e3" charOffset="112-139"
            type="group" text="monoamine oxidase inhibitors"/>
        <entity id="DDI-DrugBank.d564.s0.e4" charOffset="144-168"
            type="group" text="tricyclic antidepressants"/>
        <ddi id="DDI-DrugBank.d564.s0.d0" e1="DDI-DrugBank.d564.s0.e1"
            e2="DDI-DrugBank.d564.s0.e3" type="effect"/>
        <ddi id="DDI-DrugBank.d564.s0.d1" e1="DDI-DrugBank.d564.s0.e1"
            e2="DDI-DrugBank.d564.s0.e4" type="effect"/>
        <ddi id="DDI-DrugBank.d564.s0.d2" e1="DDI-DrugBank.d564.s0.e2"
            e2="DDI-DrugBank.d564.s0.e3" type="effect"/>
        <ddi id="DDI-DrugBank.d564.s0.d3" e1="DDI-DrugBank.d564.s0.e2"
            e2="DDI-DrugBank.d564.s0.e4" type="effect"/>
    </sentence>
    <sentence id="DDI-DrugBank.d564.s1" text="Phenothiazines and butyrophenones may reduce or reverse the pressor effect of epinephrine.">
        <entity id="DDI-DrugBank.d564.s1.e0" charOffset="0-13"
            type="group" text="Phenothiazines"/>
        <entity id="DDI-DrugBank.d564.s1.e1" charOffset="19-32"
            type="group" text="butyrophenones"/>
        <entity id="DDI-DrugBank.d564.s1.e2" charOffset="78-88"
            type="drug" text="epinephrine"/>
        <ddi id="DDI-DrugBank.d564.s1.d0" e1="DDI-DrugBank.d564.s1.e0"
            e2="DDI-DrugBank.d564.s1.e2" type="effect"/>
        <ddi id="DDI-DrugBank.d564.s1.d1" e1="DDI-DrugBank.d564.s1.e1"
            e2="DDI-DrugBank.d564.s1.e2" type="effect"/>
    </sentence>
    <sentence id="DDI-DrugBank.d564.s2" text="Concurrent use of these agents should generally be avoided."/>
    <sentence id="DDI-DrugBank.d564.s3" text="In situations when concurrent therapy is necessary, careful patient monitoring is essential."/>
    <sentence id="DDI-DrugBank.d564.s4" text="Concurrent administration of vasopressor drugs (for the treatment of hypotension related to obstetric blocks) and ergot-type oxytocic drugs may cause severe, persistent hypertension or cerebrovascular accidents.">
        <entity id="DDI-DrugBank.d564.s4.e0" charOffset="29-45"
            type="group" text="vasopressor drugs"/>
        <entity id="DDI-DrugBank.d564.s4.e1" charOffset="114-138"
            type="group" text="ergot-type oxytocic drugs"/>
    </sentence>
</document>
