<?xml version="1.0" encoding="UTF-8"?>
<document id="DDI-DrugBank.d334">
    <sentence id="DDI-DrugBank.d334.s0" text="Hypotension - Patients on Diuretic Therapy: Patients on diuretics, and especially those in whom diuretic therapy was recently instituted, may occasionally experience an excessive reduction of blood pressure after initiation of therapy with PRINIVIL.">
        <entity id="DDI-DrugBank.d334.s0.e0" charOffset="56-64"
            type="group" text="diuretics"/>
        <entity id="DDI-DrugBank.d334.s0.e1" charOffset="240-247"
            type="brand" text="PRINIVIL"/>
        <ddi id="DDI-DrugBank.d334.s0.d0" e1="DDI-DrugBank.d334.s0.e0"
            e2="DDI-DrugBank.d334.s0.e1" type="effect"/>
    </sentence>
    <sentence id="DDI-DrugBank.d334.s1" text="The possibility of hypotensive effects with PRINIVIL can be minimized by either discontinuing the diuretic or increasing the salt intake prior to initiation of treatment with PRINIVIL.">
        <entity id="DDI-DrugBank.d334.s1.e0" charOffset="44-51"
            type="brand" text="PRINIVIL"/>
        <entity id="DDI-DrugBank.d334.s1.e1" charOffset="98-105"
            type="group" text="diuretic"/>
        <entity id="DDI-DrugBank.d334.s1.e2" charOffset="175-182"
            type="brand" text="PRINIVIL"/>
        <ddi id="DDI-DrugBank.d334.s1.d0" e1="DDI-DrugBank.d334.s1.e1"
            e2="DDI-DrugBank.d334.s1.e2" type="effect"/>
    </sentence>
    <sentence id="DDI-DrugBank.d334.s2" text="If it is necessary to continue the diuretic, initiate therapy with PRINIVIL at a dose of 5 mg daily, and provide close medical supervision after the initial dose until blood pressure has stabilized.">
        <entity id="DDI-DrugBank.d334.s2.e0" charOffset="35-42"
            type="group" text="diuretic"/>
        <entity id="DDI-DrugBank.d334.s2.e1" charOffset="67-74"
            type="brand" text="PRINIVIL"/>
        <ddi id="DDI-DrugBank.d334.s2.d0" e1="DDI-DrugBank.d334.s2.e0"
            e2="DDI-DrugBank.d334.s2.e1" type="advise"/>
    </sentence>
    <sentence id="DDI-DrugBank.d334.s3" text="When a diuretic is added to the therapy of a patient receiving PRINIVIL, an additional antihypertensive effect is usually observed.">
        <entity id="DDI-DrugBank.d334.s3.e0" charOffset="7-14"
            type="group" text="diuretic"/>
        <entity id="DDI-DrugBank.d334.s3.e1" charOffset="63-70"
            type="brand" text="PRINIVIL"/>
        <ddi id="DDI-DrugBank.d334.s3.d0" e1="DDI-DrugBank.d334.s3.e0"
            e2="DDI-DrugBank.d334.s3.e1" type="effect"/>
    </sentence>
    <sentence id="DDI-DrugBank.d334.s4" text="Studies with ACE inhibitors in combination with diuretics indicate that the dose of the ACE inhibitor can be reduced when it is given with a diuretic.">
        <entity id="DDI-DrugBank.d334.s4.e0" charOffset="13-26"
            type="group" text="ACE inhibitors"/>
        <entity id="DDI-DrugBank.d334.s4.e1" charOffset="48-56"
            type="group" text="diuretics"/>
        <entity id="DDI-DrugBank.d334.s4.e2" charOffset="88-100"
            type="group" text="ACE inhibitor"/>
        <entity id="DDI-DrugBank.d334.s4.e3" charOffset="141-148"
            type="group" text="diuretic"/>
        <ddi id="DDI-DrugBank.d334.s4.d0" e1="DDI-DrugBank.d334.s4.e2"
            e2="DDI-DrugBank.d334.s4.e3" type="advise"/>
    </sentence>
    <sentence id="DDI-DrugBank.d334.s5" text="Non-steroidal Anti-inflammatory Agents: In some patients with compromised renal function who are being treated with non-steroidal anti-inflammatory drugs, the co-administration of lisinopril may result in a further deterioration of renal function.">
        <entity id="DDI-DrugBank.d334.s5.e0" charOffset="0-37"
            type="group" text="Non-steroidal Anti-inflammatory Agents"/>
        <entity id="DDI-DrugBank.d334.s5.e1" charOffset="116-152"
            type="group" text="non-steroidal anti-inflammatory drugs"/>
        <entity id="DDI-DrugBank.d334.s5.e2" charOffset="180-189"
            type="drug" text="lisinopril"/>
        <ddi id="DDI-DrugBank.d334.s5.d0" e1="DDI-DrugBank.d334.s5.e1"
            e2="DDI-DrugBank.d334.s5.e2" type="effect"/>
    </sentence>
    <sentence id="DDI-DrugBank.d334.s6" text="These effects are usually reversible."/>
    <sentence id="DDI-DrugBank.d334.s7" text="Reports suggest that NSAIDs may diminish the antihypertensive effect of ACE inhibitors, including lisinopril.">
        <entity id="DDI-DrugBank.d334.s7.e0" charOffset="21-26"
            type="group" text="NSAIDs"/>
        <entity id="DDI-DrugBank.d334.s7.e1" charOffset="72-85"
            type="group" text="ACE inhibitors"/>
        <entity id="DDI-DrugBank.d334.s7.e2" charOffset="98-107"
            type="drug" text="lisinopril"/>
        <ddi id="DDI-DrugBank.d334.s7.d0" e1="DDI-DrugBank.d334.s7.e0"
            e2="DDI-DrugBank.d334.s7.e1" type="effect"/>
        <ddi id="DDI-DrugBank.d334.s7.d1" e1="DDI-DrugBank.d334.s7.e0"
            e2="DDI-DrugBank.d334.s7.e2" type="effect"/>
    </sentence>
    <sentence id="DDI-DrugBank.d334.s8" text="This interaction should be given consideration in patients taking NSAIDs concomitantly with ACE inhibitors.">
        <entity id="DDI-DrugBank.d334.s8.e0" charOffset="66-71"
            type="group" text="NSAIDs"/>
        <entity id="DDI-DrugBank.d334.s8.e1" charOffset="92-105"
            type="group" text="ACE inhibitors"/>
        <ddi id="DDI-DrugBank.d334.s8.d0" e1="DDI-DrugBank.d334.s8.e0"
            e2="DDI-DrugBank.d334.s8.e1" type="advise"/>
    </sentence>
    <sentence id="DDI-DrugBank.d334.s9" text="In a study in 36 patients with mild to moderate hypertension where the antihypertensive effects of PRINIVIL alone were compared to PRINIVIL given concomitantly with indomethacin, the use of indomethacin was associated with a reduced antihypertensive effect, although the difference between the two regimens was not significant.">
        <entity id="DDI-DrugBank.d334.s9.e0" charOffset="99-106"
            type="brand" text="PRINIVIL"/>
        <entity id="DDI-DrugBank.d334.s9.e1" charOffset="131-138"
            type="brand" text="PRINIVIL"/>
        <entity id="DDI-DrugBank.d334.s9.e2" charOffset="165-176"
            type="drug" text="indomethacin"/>
        <entity id="DDI-DrugBank.d334.s9.e3" charOffset="190-201"
            type="drug" text="indomethacin"/>
    </sentence>
    <sentence id="DDI-DrugBank.d334.s10" text="Other Agents: PRINIVIL has been used concomitantly with nitrates and/or digoxin without evidence of clinically significant adverse interactions.">
        <entity id="DDI-DrugBank.d334.s10.e0" charOffset="14-21"
            type="brand" text="PRINIVIL"/>
        <entity id="DDI-DrugBank.d334.s10.e1" charOffset="56-63"
            type="group" text="nitrates"/>
        <entity id="DDI-DrugBank.d334.s10.e2" charOffset="72-78"
            type="drug" text="digoxin"/>
    </sentence>
    <sentence id="DDI-DrugBank.d334.s11" text="This included post myocardial infarction patients who were receiving intravenous or transdermal nitroglycerin.">
        <entity id="DDI-DrugBank.d334.s11.e0" charOffset="96-108"
            type="drug" text="nitroglycerin"/>
    </sentence>
    <sentence id="DDI-DrugBank.d334.s12" text="No clinically important pharmacokinetic interactions occurred when PRINIVIL was used concomitantly with propranolol or hydrochlorothiazide.">
        <entity id="DDI-DrugBank.d334.s12.e0" charOffset="67-74"
            type="brand" text="PRINIVIL"/>
        <entity id="DDI-DrugBank.d334.s12.e1" charOffset="104-114"
            type="drug" text="propranolol"/>
        <entity id="DDI-DrugBank.d334.s12.e2" charOffset="119-137"
            type="drug" text="hydrochlorothiazide"/>
    </sentence>
    <sentence id="DDI-DrugBank.d334.s13" text="The presence of food in the stomach does not alter the bioavailability of PRINIVIL.">
        <entity id="DDI-DrugBank.d334.s13.e0" charOffset="74-81"
            type="brand" text="PRINIVIL"/>
    </sentence>
    <sentence id="DDI-DrugBank.d334.s14" text="Agents Increasing Serum Potassium: PRINIVIL attenuates potassium loss caused by thiazide-type diuretics.">
        <entity id="DDI-DrugBank.d334.s14.e0" charOffset="35-42"
            type="brand" text="PRINIVIL"/>
        <entity id="DDI-DrugBank.d334.s14.e1" charOffset="80-102"
            type="group" text="thiazide-type diuretics"/>
        <ddi id="DDI-DrugBank.d334.s14.d0" e1="DDI-DrugBank.d334.s14.e0"
            e2="DDI-DrugBank.d334.s14.e1" type="effect"/>
    </sentence>
    <sentence id="DDI-DrugBank.d334.s15" text="Use of PRINIVIL with potassium-sparing diuretics (e.g., spironolactone, triamterene, or amiloride), potassium supplements, or potassium-containing salt substitutes may lead to significant increases in serum potassium.">
        <entity id="DDI-DrugBank.d334.s15.e0" charOffset="7-14"
            type="brand" text="PRINIVIL"/>
        <entity id="DDI-DrugBank.d334.s15.e1" charOffset="21-47"
            type="group" text="potassium-sparing diuretics"/>
        <entity id="DDI-DrugBank.d334.s15.e2" charOffset="56-69"
            type="drug" text="spironolactone"/>
        <entity id="DDI-DrugBank.d334.s15.e3" charOffset="72-82"
            type="drug" text="triamterene"/>
        <entity id="DDI-DrugBank.d334.s15.e4" charOffset="88-96"
            type="drug" text="amiloride"/>
        <entity id="DDI-DrugBank.d334.s15.e5" charOffset="100-108"
            type="drug" text="potassium"/>
        <ddi id="DDI-DrugBank.d334.s15.d0" e1="DDI-DrugBank.d334.s15.e0"
            e2="DDI-DrugBank.d334.s15.e1" type="effect"/>
        <ddi id="DDI-DrugBank.d334.s15.d1" e1="DDI-DrugBank.d334.s15.e0"
            e2="DDI-DrugBank.d334.s15.e2" type="effect"/>
        <ddi id="DDI-DrugBank.d334.s15.d2" e1="DDI-DrugBank.d334.s15.e0"
            e2="DDI-DrugBank.d334.s15.e3" type="effect"/>
        <ddi id="DDI-DrugBank.d334.s15.d3" e1="DDI-DrugBank.d334.s15.e0"
            e2="DDI-DrugBank.d334.s15.e4" type="effect"/>
        <ddi id="DDI-DrugBank.d334.s15.d4" e1="DDI-DrugBank.d334.s15.e0"
            e2="DDI-DrugBank.d334.s15.e5" type="effect"/>
    </sentence>
    <sentence id="DDI-DrugBank.d334.s16" text="Therefore, if concomitant use of these agents is indicated because of demonstrated hypokalemia, they should be used with caution and with frequent monitoring of serum potassium."/>
    <sentence id="DDI-DrugBank.d334.s17" text="Potassium sparing agents should generally not be used in patients with heart failure who are receiving PRINIVIL.">
        <entity id="DDI-DrugBank.d334.s17.e0" charOffset="103-110"
            type="brand" text="PRINIVIL"/>
    </sentence>
    <sentence id="DDI-DrugBank.d334.s18" text="Lithium: Lithium toxicity has been reported in patients receiving lithium concomitantly with drugs which cause elimination of sodium, including ACE inhibitors.">
        <entity id="DDI-DrugBank.d334.s18.e0" charOffset="0-6"
            type="drug" text="Lithium"/>
        <entity id="DDI-DrugBank.d334.s18.e1" charOffset="9-15"
            type="drug" text="Lithium"/>
        <entity id="DDI-DrugBank.d334.s18.e2" charOffset="66-72"
            type="drug" text="lithium"/>
        <entity id="DDI-DrugBank.d334.s18.e3" charOffset="144-157"
            type="group" text="ACE inhibitors"/>
        <ddi id="DDI-DrugBank.d334.s18.d0" e1="DDI-DrugBank.d334.s18.e2"
            e2="DDI-DrugBank.d334.s18.e3" type="effect"/>
    </sentence>
    <sentence id="DDI-DrugBank.d334.s19" text="Lithium toxicity was usually reversible upon discontinuation of lithium and the ACE inhibitor.">
        <entity id="DDI-DrugBank.d334.s19.e0" charOffset="0-6"
            type="drug" text="Lithium"/>
        <entity id="DDI-DrugBank.d334.s19.e1" charOffset="64-70"
            type="drug" text="lithium"/>
        <entity id="DDI-DrugBank.d334.s19.e2" charOffset="80-92"
            type="group" text="ACE inhibitor"/>
        <ddi id="DDI-DrugBank.d334.s19.d0" e1="DDI-DrugBank.d334.s19.e1"
            e2="DDI-DrugBank.d334.s19.e2" type="effect"/>
    </sentence>
    <sentence id="DDI-DrugBank.d334.s20" text="It is recommended that serum lithium levels be monitored frequently if PRINIVIL is administered concomitantly with lithium.">
        <entity id="DDI-DrugBank.d334.s20.e0" charOffset="29-35"
            type="drug" text="lithium"/>
        <entity id="DDI-DrugBank.d334.s20.e1" charOffset="71-78"
            type="brand" text="PRINIVIL"/>
        <entity id="DDI-DrugBank.d334.s20.e2" charOffset="115-121"
            type="drug" text="lithium"/>
        <ddi id="DDI-DrugBank.d334.s20.d0" e1="DDI-DrugBank.d334.s20.e1"
            e2="DDI-DrugBank.d334.s20.e2" type="advise"/>
    </sentence>
</document>
