<?xml version="1.0" encoding="UTF-8"?>
<document id="DDI-DrugBank.d454">
    <sentence id="DDI-DrugBank.d454.s0" text="- Lofexidine may enhance the CNS depressive effects of alcohol, barbiturates and other sedatives">
        <entity id="DDI-DrugBank.d454.s0.e0" charOffset="2-11"
            type="drug" text="Lofexidine"/>
        <entity id="DDI-DrugBank.d454.s0.e1" charOffset="55-61"
            type="drug" text="alcohol"/>
        <entity id="DDI-DrugBank.d454.s0.e2" charOffset="64-75"
            type="group" text="barbiturates"/>
        <entity id="DDI-DrugBank.d454.s0.e3" charOffset="87-95"
            type="group" text="sedatives"/>
        <ddi id="DDI-DrugBank.d454.s0.d0" e1="DDI-DrugBank.d454.s0.e0"
            e2="DDI-DrugBank.d454.s0.e1" type="effect"/>
        <ddi id="DDI-DrugBank.d454.s0.d1" e1="DDI-DrugBank.d454.s0.e0"
            e2="DDI-DrugBank.d454.s0.e2" type="effect"/>
        <ddi id="DDI-DrugBank.d454.s0.d2" e1="DDI-DrugBank.d454.s0.e0"
            e2="DDI-DrugBank.d454.s0.e3" type="effect"/>
    </sentence>
    <sentence id="DDI-DrugBank.d454.s1" text="."/>
    <sentence id="DDI-DrugBank.d454.s2" text="- Lofexidine may enhance the effects of anti-hypertensive drug therapy">
        <entity id="DDI-DrugBank.d454.s2.e0" charOffset="2-11"
            type="drug" text="Lofexidine"/>
        <entity id="DDI-DrugBank.d454.s2.e1" charOffset="40-61"
            type="group" text="anti-hypertensive drug"/>
        <ddi id="DDI-DrugBank.d454.s2.d0" e1="DDI-DrugBank.d454.s2.e0"
            e2="DDI-DrugBank.d454.s2.e1" type="effect"/>
    </sentence>
    <sentence id="DDI-DrugBank.d454.s3" text="."/>
    <sentence id="DDI-DrugBank.d454.s4" text="- Concomitant use of tricyclic antidepressants may reduce the efficacy of lofexidine.">
        <entity id="DDI-DrugBank.d454.s4.e0" charOffset="21-45"
            type="group" text="tricyclic antidepressants"/>
        <entity id="DDI-DrugBank.d454.s4.e1" charOffset="74-83"
            type="drug" text="lofexidine"/>
        <ddi id="DDI-DrugBank.d454.s4.d0" e1="DDI-DrugBank.d454.s4.e0"
            e2="DDI-DrugBank.d454.s4.e1" type="effect"/>
    </sentence>
</document>
