<?xml version="1.0" encoding="UTF-8"?>
<document id="DDI-DrugBank.d113">
    <sentence id="DDI-DrugBank.d113.s0" text="Warfarin: Meclofenamate sodium enhances the effect of warfarin.">
        <entity id="DDI-DrugBank.d113.s0.e0" charOffset="0-7"
            type="drug" text="Warfarin"/>
        <entity id="DDI-DrugBank.d113.s0.e1" charOffset="10-29"
            type="drug" text="Meclofenamate sodium"/>
        <entity id="DDI-DrugBank.d113.s0.e2" charOffset="54-61"
            type="drug" text="warfarin"/>
        <ddi id="DDI-DrugBank.d113.s0.d0" e1="DDI-DrugBank.d113.s0.e0"
            e2="DDI-DrugBank.d113.s0.e1" type="effect"/>
    </sentence>
    <sentence id="DDI-DrugBank.d113.s1" text="Therefore, when meclofenamate sodium is given to a patient receiving warfarin, the dosage of warfarin should be reduced to prevent excessive prolongation of the prothrombin time.">
        <entity id="DDI-DrugBank.d113.s1.e0" charOffset="16-35"
            type="drug" text="meclofenamate sodium"/>
        <entity id="DDI-DrugBank.d113.s1.e1" charOffset="69-76"
            type="drug" text="warfarin"/>
        <entity id="DDI-DrugBank.d113.s1.e2" charOffset="93-100"
            type="drug" text="warfarin"/>
        <ddi id="DDI-DrugBank.d113.s1.d0" e1="DDI-DrugBank.d113.s1.e0"
            e2="DDI-DrugBank.d113.s1.e1" type="advise"/>
    </sentence>
    <sentence id="DDI-DrugBank.d113.s2" text="Aspirin: Concurrent administration of aspirin may lower meclofenamate sodium plasma levels, possibly by competing for protein-binding sites.">
        <entity id="DDI-DrugBank.d113.s2.e0" charOffset="0-6"
            type="brand" text="Aspirin"/>
        <entity id="DDI-DrugBank.d113.s2.e1" charOffset="38-44"
            type="brand" text="aspirin"/>
        <entity id="DDI-DrugBank.d113.s2.e2" charOffset="56-75"
            type="drug" text="meclofenamate sodium"/>
        <ddi id="DDI-DrugBank.d113.s2.d0" e1="DDI-DrugBank.d113.s2.e1"
            e2="DDI-DrugBank.d113.s2.e2" type="mechanism"/>
    </sentence>
    <sentence id="DDI-DrugBank.d113.s3" text="The urinary excretion of meclofenamate sodium is unaffected by aspirin, indicating no change in meclofenamate sodium absorption.">
        <entity id="DDI-DrugBank.d113.s3.e0" charOffset="25-44"
            type="drug" text="meclofenamate sodium"/>
        <entity id="DDI-DrugBank.d113.s3.e1" charOffset="63-69"
            type="brand" text="aspirin"/>
        <entity id="DDI-DrugBank.d113.s3.e2" charOffset="96-115"
            type="drug" text="meclofenamate sodium"/>
    </sentence>
    <sentence id="DDI-DrugBank.d113.s4" text="Meclofenamate sodium does not affect serum salicylate levels.">
        <entity id="DDI-DrugBank.d113.s4.e0" charOffset="0-19"
            type="drug" text="Meclofenamate sodium"/>
        <entity id="DDI-DrugBank.d113.s4.e1" charOffset="43-52"
            type="group" text="salicylate"/>
    </sentence>
    <sentence id="DDI-DrugBank.d113.s5" text="Greater fecal blood loss results from concomitant administration of both drugs than from either drug alone."/>
    <sentence id="DDI-DrugBank.d113.s6" text="Propoxyphene: The concurrent administration of propoxyphene hydrochloride does not affect the bioavailability of meclofenamate sodium.">
        <entity id="DDI-DrugBank.d113.s6.e0" charOffset="0-11"
            type="drug" text="Propoxyphene"/>
        <entity id="DDI-DrugBank.d113.s6.e1" charOffset="47-72"
            type="drug" text="propoxyphene hydrochloride"/>
        <entity id="DDI-DrugBank.d113.s6.e2" charOffset="113-132"
            type="drug" text="meclofenamate sodium"/>
    </sentence>
    <sentence id="DDI-DrugBank.d113.s7" text="Antacids: Concomitant administration of aluminum and magnesium hydroxides does not interfere with absorption of meclofenamate sodium.">
        <entity id="DDI-DrugBank.d113.s7.e0" charOffset="0-7"
            type="group" text="Antacids"/>
        <entity id="DDI-DrugBank.d113.s7.e1" charOffset="40-47;63-71"
            type="drug" text="aluminum hydroxide"/>
        <entity id="DDI-DrugBank.d113.s7.e2" charOffset="53-71"
            type="drug" text="magnesium hydroxide"/>
        <entity id="DDI-DrugBank.d113.s7.e3" charOffset="112-131"
            type="drug" text="meclofenamate sodium"/>
    </sentence>
</document>
