<?xml version="1.0" encoding="UTF-8"?>
<document id="DDI-DrugBank.d139">
    <sentence id="DDI-DrugBank.d139.s0" text="Broad-Spectrum Antibiotics-Broad-spectrum antibiotics may sterilize the bowel and decrease the vitamin K contribution to the body by the intestinal microflora.">
        <entity id="DDI-DrugBank.d139.s0.e0" charOffset="0-25"
            type="group" text="Broad-Spectrum Antibiotics"/>
        <entity id="DDI-DrugBank.d139.s0.e1" charOffset="27-52"
            type="group" text="Broad-spectrum antibiotics"/>
        <entity id="DDI-DrugBank.d139.s0.e2" charOffset="95-103"
            type="group" text="vitamin K"/>
    </sentence>
    <sentence id="DDI-DrugBank.d139.s1" text="Cephalosporins-Cephalosporins containing side chains of N-methylthiotetrazole (cefmenoxime, cefoperazone, cefotetan, cefamandole, latamoxef) or methylthiadiazole (cefazolin) can cause vitamin K deficiency and hypoprothrombinemia.">
        <entity id="DDI-DrugBank.d139.s1.e0" charOffset="0-13"
            type="group" text="Cephalosporins"/>
        <entity id="DDI-DrugBank.d139.s1.e1" charOffset="15-28"
            type="group" text="Cephalosporins"/>
        <entity id="DDI-DrugBank.d139.s1.e2" charOffset="79-89"
            type="drug" text="cefmenoxime"/>
        <entity id="DDI-DrugBank.d139.s1.e3" charOffset="92-103"
            type="drug" text="cefoperazone"/>
        <entity id="DDI-DrugBank.d139.s1.e4" charOffset="106-114"
            type="drug" text="cefotetan"/>
        <entity id="DDI-DrugBank.d139.s1.e5" charOffset="117-127"
            type="drug" text="cefamandole"/>
        <entity id="DDI-DrugBank.d139.s1.e6" charOffset="130-138"
            type="drug" text="latamoxef"/>
        <entity id="DDI-DrugBank.d139.s1.e7" charOffset="163-171"
            type="drug" text="cefazolin"/>
    </sentence>
    <sentence id="DDI-DrugBank.d139.s2" text="These cephalosporins are inhibitors of hepatic vitamin K epoxide reductase.">
        <entity id="DDI-DrugBank.d139.s2.e0" charOffset="6-19"
            type="group" text="cephalosporins"/>
    </sentence>
    <sentence id="DDI-DrugBank.d139.s3" text="Cholestyramine-Concomitant intake of cholestyramine and vitamin K may reduce the absorption of vitamin K.">
        <entity id="DDI-DrugBank.d139.s3.e0" charOffset="0-13"
            type="drug" text="Cholestyramine"/>
        <entity id="DDI-DrugBank.d139.s3.e1" charOffset="37-50"
            type="drug" text="cholestyramine"/>
        <entity id="DDI-DrugBank.d139.s3.e2" charOffset="56-64"
            type="group" text="vitamin K"/>
        <entity id="DDI-DrugBank.d139.s3.e3" charOffset="95-103"
            type="group" text="vitamin K"/>
        <ddi id="DDI-DrugBank.d139.s3.d0" e1="DDI-DrugBank.d139.s3.e1"
            e2="DDI-DrugBank.d139.s3.e2" type="mechanism"/>
    </sentence>
    <sentence id="DDI-DrugBank.d139.s4" text="Colestipol-Concomitant intake of colestipol and vitamin K may reduce the absorption of vitamin K.">
        <entity id="DDI-DrugBank.d139.s4.e0" charOffset="0-9"
            type="drug" text="Colestipol"/>
        <entity id="DDI-DrugBank.d139.s4.e1" charOffset="33-42"
            type="drug" text="colestipol"/>
        <entity id="DDI-DrugBank.d139.s4.e2" charOffset="48-56"
            type="group" text="vitamin K"/>
        <entity id="DDI-DrugBank.d139.s4.e3" charOffset="87-95"
            type="group" text="vitamin K"/>
        <ddi id="DDI-DrugBank.d139.s4.d0" e1="DDI-DrugBank.d139.s4.e1"
            e2="DDI-DrugBank.d139.s4.e2" type="mechanism"/>
    </sentence>
    <sentence id="DDI-DrugBank.d139.s5" text="Mineral Oil-Concomitant intake of mineral oil and vitamin K may reduce the absorption of vitamin K.">
        <entity id="DDI-DrugBank.d139.s5.e0" charOffset="0-10"
            type="drug_n" text="Mineral Oil"/>
        <entity id="DDI-DrugBank.d139.s5.e1" charOffset="34-44"
            type="drug_n" text="mineral oil"/>
        <entity id="DDI-DrugBank.d139.s5.e2" charOffset="50-58"
            type="group" text="vitamin K"/>
        <entity id="DDI-DrugBank.d139.s5.e3" charOffset="89-97"
            type="group" text="vitamin K"/>
        <ddi id="DDI-DrugBank.d139.s5.d0" e1="DDI-DrugBank.d139.s5.e1"
            e2="DDI-DrugBank.d139.s5.e2" type="mechanism"/>
    </sentence>
    <sentence id="DDI-DrugBank.d139.s6" text="Orlistat-Orlistat may decrease the absorption of vitamin K.">
        <entity id="DDI-DrugBank.d139.s6.e0" charOffset="0-7"
            type="drug" text="Orlistat"/>
        <entity id="DDI-DrugBank.d139.s6.e1" charOffset="9-16"
            type="drug" text="Orlistat"/>
        <entity id="DDI-DrugBank.d139.s6.e2" charOffset="49-57"
            type="group" text="vitamin K"/>
        <ddi id="DDI-DrugBank.d139.s6.d0" e1="DDI-DrugBank.d139.s6.e1"
            e2="DDI-DrugBank.d139.s6.e2" type="mechanism"/>
    </sentence>
    <sentence id="DDI-DrugBank.d139.s7" text="Salicylates-Salicylates in large doses may inhibit vitamin K epoxide reductase resulting in vitamin K deficiency.">
        <entity id="DDI-DrugBank.d139.s7.e0" charOffset="0-10"
            type="group" text="Salicylates"/>
        <entity id="DDI-DrugBank.d139.s7.e1" charOffset="12-22"
            type="group" text="Salicylates"/>
    </sentence>
    <sentence id="DDI-DrugBank.d139.s8" text="Warfarin-Vitamin K can antagonize the effect of warfarin">
        <entity id="DDI-DrugBank.d139.s8.e0" charOffset="0-7"
            type="drug" text="Warfarin"/>
        <entity id="DDI-DrugBank.d139.s8.e1" charOffset="9-17"
            type="group" text="Vitamin K"/>
        <entity id="DDI-DrugBank.d139.s8.e2" charOffset="48-55"
            type="drug" text="warfarin"/>
        <ddi id="DDI-DrugBank.d139.s8.d0" e1="DDI-DrugBank.d139.s8.e1"
            e2="DDI-DrugBank.d139.s8.e2" type="effect"/>
    </sentence>
</document>
