<?xml version="1.0" encoding="UTF-8"?>
<document id="DDI-DrugBank.d417">
    <sentence id="DDI-DrugBank.d417.s0" text="Netilmicin should not be administered concomitantly with potent loop diuretics such as furosemide and ethacrynic acid as the potential for ototoxicity is enhanced by the combination.">
        <entity id="DDI-DrugBank.d417.s0.e0" charOffset="0-9"
            type="drug" text="Netilmicin"/>
        <entity id="DDI-DrugBank.d417.s0.e1" charOffset="64-77"
            type="group" text="loop diuretics"/>
        <entity id="DDI-DrugBank.d417.s0.e2" charOffset="87-96"
            type="drug" text="furosemide"/>
        <entity id="DDI-DrugBank.d417.s0.e3" charOffset="102-116"
            type="drug" text="ethacrynic acid"/>
        <ddi id="DDI-DrugBank.d417.s0.d0" e1="DDI-DrugBank.d417.s0.e0"
            e2="DDI-DrugBank.d417.s0.e1" type="advise"/>
        <ddi id="DDI-DrugBank.d417.s0.d1" e1="DDI-DrugBank.d417.s0.e0"
            e2="DDI-DrugBank.d417.s0.e2" type="advise"/>
        <ddi id="DDI-DrugBank.d417.s0.d2" e1="DDI-DrugBank.d417.s0.e0"
            e2="DDI-DrugBank.d417.s0.e3" type="advise"/>
    </sentence>
</document>
