<?xml version="1.0" encoding="UTF-8"?>
<document id="DDI-DrugBank.d307">
    <sentence id="DDI-DrugBank.d307.s0" text="Oxcarbazepine can inhibit CYP2C19 and induce CYP3A4/5 with potentially important effects on plasma concentrations of other drugs.">
        <entity id="DDI-DrugBank.d307.s0.e0" charOffset="0-12"
            type="drug" text="Oxcarbazepine"/>
    </sentence>
    <sentence id="DDI-DrugBank.d307.s1" text="In addition, several AED s that are cytochrome P450 inducers can decrease plasma concentrations of oxcarbazepine and MHD.">
        <entity id="DDI-DrugBank.d307.s1.e0" charOffset="21-23"
            type="group" text="AED"/>
        <entity id="DDI-DrugBank.d307.s1.e1" charOffset="99-111"
            type="drug" text="oxcarbazepine"/>
        <entity id="DDI-DrugBank.d307.s1.e2" charOffset="117-119"
            type="drug_n" text="MHD"/>
        <ddi id="DDI-DrugBank.d307.s1.d0" e1="DDI-DrugBank.d307.s1.e0"
            e2="DDI-DrugBank.d307.s1.e1" type="mechanism"/>
    </sentence>
    <sentence id="DDI-DrugBank.d307.s2" text="Oxcarbazepine was evaluated in human liver microsomes to determine its capacity to inhibit the major cytochrome P450 enzymes responsible for the metabolism of other drugs.">
        <entity id="DDI-DrugBank.d307.s2.e0" charOffset="0-12"
            type="drug" text="Oxcarbazepine"/>
    </sentence>
    <sentence id="DDI-DrugBank.d307.s3" text="Results demonstrate that oxcarbazepine and its pharmacologically active 10-monohydroxy metabolite (MHD) have little or no capacity to function as inhibitors for most of the human cytochrome P450 enzymes evaluated (CYP1A2, CYP2A6, CYP2C9, CYP2D6, CYP2E1, CYP4A9 and CYP4A11) with the exception of CYP2C19 and CYP3A4/5.">
        <entity id="DDI-DrugBank.d307.s3.e0" charOffset="25-37"
            type="drug" text="oxcarbazepine"/>
        <entity id="DDI-DrugBank.d307.s3.e1" charOffset="99-101"
            type="drug_n" text="MHD"/>
    </sentence>
    <sentence id="DDI-DrugBank.d307.s4" text="Although inhibition of CYP 3A4/5 by OXC and MHD did occur at high concentrations, it is not likely to be of clinical significance.">
        <entity id="DDI-DrugBank.d307.s4.e0" charOffset="36-38"
            type="drug" text="OXC"/>
        <entity id="DDI-DrugBank.d307.s4.e1" charOffset="44-46"
            type="drug_n" text="MHD"/>
    </sentence>
    <sentence id="DDI-DrugBank.d307.s5" text="The inhibition of CYP-2C19 by OXC and MHD, however, is clinically relevant.">
        <entity id="DDI-DrugBank.d307.s5.e0" charOffset="30-32"
            type="drug" text="OXC"/>
        <entity id="DDI-DrugBank.d307.s5.e1" charOffset="38-40"
            type="drug_n" text="MHD"/>
    </sentence>
    <sentence id="DDI-DrugBank.d307.s6" text="In vitro, the UDP-glucuronyl transferase level was increased, indicating induction of this enzyme."/>
    <sentence id="DDI-DrugBank.d307.s7" text="Increases of 22% with MHD and 47% with oxcarbazepine were observed.">
        <entity id="DDI-DrugBank.d307.s7.e0" charOffset="22-24"
            type="drug_n" text="MHD"/>
        <entity id="DDI-DrugBank.d307.s7.e1" charOffset="39-51"
            type="drug" text="oxcarbazepine"/>
    </sentence>
    <sentence id="DDI-DrugBank.d307.s8" text="As MHD, the predominant plasma substrate, is only a weak inducer of UDP-glucuronyl transferase, it is unlikely to have an effect on drugs that are mainly eliminated by conjugation through UDP-glucuronyl transferase (e.g., valproic acid, lamotrigine).">
        <entity id="DDI-DrugBank.d307.s8.e0" charOffset="3-5"
            type="drug_n" text="MHD"/>
        <entity id="DDI-DrugBank.d307.s8.e1" charOffset="222-234"
            type="drug" text="valproic acid"/>
        <entity id="DDI-DrugBank.d307.s8.e2" charOffset="237-247"
            type="drug" text="lamotrigine"/>
    </sentence>
    <sentence id="DDI-DrugBank.d307.s9" text="In addition, oxcarbazepine and MHD induce a subgroup of the cytochrome P450 3A family (CYP3A4 and CYP3A5) responsible for the metabolism of dihydropyridine calcium antagonists and oral contraceptives, resulting in a lower plasma concentration of these drugs.">
        <entity id="DDI-DrugBank.d307.s9.e0" charOffset="13-25"
            type="drug" text="oxcarbazepine"/>
        <entity id="DDI-DrugBank.d307.s9.e1" charOffset="31-33"
            type="drug_n" text="MHD"/>
        <entity id="DDI-DrugBank.d307.s9.e2" charOffset="140-174"
            type="group" text="dihydropyridine calcium antagonists"/>
        <entity id="DDI-DrugBank.d307.s9.e3" charOffset="185-198"
            type="group" text="contraceptives"/>
    </sentence>
    <sentence id="DDI-DrugBank.d307.s10" text="As binding of MHD to plasma proteins is low (40%), clinically significant interactions with other drugs through competition for protein binding sites are unlikely.">
        <entity id="DDI-DrugBank.d307.s10.e0" charOffset="14-16"
            type="drug_n" text="MHD"/>
    </sentence>
    <sentence id="DDI-DrugBank.d307.s11" text="Antiepileptic drugs: Potential interactions between Trileptal and other AEDs were assessed in clinical studies.">
        <entity id="DDI-DrugBank.d307.s11.e0" charOffset="0-18"
            type="group" text="Antiepileptic drugs"/>
        <entity id="DDI-DrugBank.d307.s11.e1" charOffset="52-60"
            type="brand" text="Trileptal"/>
        <entity id="DDI-DrugBank.d307.s11.e2" charOffset="72-75"
            type="group" text="AEDs"/>
    </sentence>
    <sentence id="DDI-DrugBank.d307.s12" text="The effect of these interactions on mean AUCs and Cmin are summarized in Table 2: Table 2: Summary of AED interactions with Trileptal">
        <entity id="DDI-DrugBank.d307.s12.e0" charOffset="124-132"
            type="brand" text="Trileptal"/>
    </sentence>
    <sentence id="DDI-DrugBank.d307.s13" text="AED Co-administered">
        <entity id="DDI-DrugBank.d307.s13.e0" charOffset="0-2"
            type="group" text="AED"/>
    </sentence>
    <sentence id="DDI-DrugBank.d307.s14" text="Dose of AED (mg/day)">
        <entity id="DDI-DrugBank.d307.s14.e0" charOffset="8-10"
            type="group" text="AED"/>
    </sentence>
    <sentence id="DDI-DrugBank.d307.s15" text="Trileptal dose (mg/day)">
        <entity id="DDI-DrugBank.d307.s15.e0" charOffset="0-8"
            type="brand" text="Trileptal"/>
    </sentence>
    <sentence id="DDI-DrugBank.d307.s16" text="Influence of Trileptal on AED Concentration (Mean change, 90% Confidence Interval)">
        <entity id="DDI-DrugBank.d307.s16.e0" charOffset="13-21"
            type="brand" text="Trileptal"/>
        <entity id="DDI-DrugBank.d307.s16.e1" charOffset="26-28"
            type="group" text="AED"/>
    </sentence>
    <sentence id="DDI-DrugBank.d307.s17" text="Influence of AED On MHD Concentration (Mean change, 90% Confidence Interval)">
        <entity id="DDI-DrugBank.d307.s17.e0" charOffset="13-15"
            type="group" text="AED"/>
        <entity id="DDI-DrugBank.d307.s17.e1" charOffset="20-22"
            type="drug_n" text="MHD"/>
    </sentence>
    <sentence id="DDI-DrugBank.d307.s18" text="Carbamazepine">
        <entity id="DDI-DrugBank.d307.s18.e0" charOffset="0-12"
            type="drug" text="Carbamazepine"/>
    </sentence>
    <sentence id="DDI-DrugBank.d307.s19" text="400-2000"/>
    <sentence id="DDI-DrugBank.d307.s20" text="900"/>
    <sentence id="DDI-DrugBank.d307.s21" text="nc1 40% decrease [CI: 17% decrease, 57% decrease]"/>
    <sentence id="DDI-DrugBank.d307.s22" text="Phenobarbital">
        <entity id="DDI-DrugBank.d307.s22.e0" charOffset="0-12"
            type="drug" text="Phenobarbital"/>
    </sentence>
    <sentence id="DDI-DrugBank.d307.s23" text="100-150"/>
    <sentence id="DDI-DrugBank.d307.s24" text="600-1800"/>
    <sentence id="DDI-DrugBank.d307.s25" text="14% increase [CI: 2% increase, 24% increase] 25% decrease [CI: 12% decrease, 51% decrease]"/>
    <sentence id="DDI-DrugBank.d307.s26" text="Phenytoin">
        <entity id="DDI-DrugBank.d307.s26.e0" charOffset="0-8"
            type="drug" text="Phenytoin"/>
    </sentence>
    <sentence id="DDI-DrugBank.d307.s27" text="250-500"/>
    <sentence id="DDI-DrugBank.d307.s28" text="600-1800"/>
    <sentence id="DDI-DrugBank.d307.s29" text="nc1,2 30% decrease [CI: 3% decrease, 48 % decrease]"/>
    <sentence id="DDI-DrugBank.d307.s30" text="1200-2400 up to 40% increase3 [CI: 12% increase, 60 % increase]"/>
    <sentence id="DDI-DrugBank.d307.s31" text="Valproic acid">
        <entity id="DDI-DrugBank.d307.s31.e0" charOffset="0-12"
            type="drug" text="Valproic acid"/>
    </sentence>
    <sentence id="DDI-DrugBank.d307.s32" text="400-2800"/>
    <sentence id="DDI-DrugBank.d307.s33" text="600-1800"/>
    <sentence id="DDI-DrugBank.d307.s34" text="nc1 18% decrease [CI: 13% decrease, 40 % decrease]"/>
    <sentence id="DDI-DrugBank.d307.s35" text="1- nc denotes a mean change of less than 10% 2- Pediatrics 3- Mean increase in adults at high Trileptal doses In vivo, the plasma levels of phenytoin increased by up to 40%, when Trileptal was given at doses above 1200 mg/day.">
        <entity id="DDI-DrugBank.d307.s35.e0" charOffset="94-102"
            type="brand" text="Trileptal"/>
        <entity id="DDI-DrugBank.d307.s35.e1" charOffset="140-148"
            type="drug" text="phenytoin"/>
        <entity id="DDI-DrugBank.d307.s35.e2" charOffset="179-187"
            type="brand" text="Trileptal"/>
        <ddi id="DDI-DrugBank.d307.s35.d0" e1="DDI-DrugBank.d307.s35.e1"
            e2="DDI-DrugBank.d307.s35.e2" type="mechanism"/>
    </sentence>
    <sentence id="DDI-DrugBank.d307.s36" text="Therefore, when using doses of Trileptal greater than 1200 mg/day during adjunctive therapy, a decrease in the dose of phenytoin may be required.">
        <entity id="DDI-DrugBank.d307.s36.e0" charOffset="31-39"
            type="brand" text="Trileptal"/>
        <entity id="DDI-DrugBank.d307.s36.e1" charOffset="119-127"
            type="drug" text="phenytoin"/>
        <ddi id="DDI-DrugBank.d307.s36.d0" e1="DDI-DrugBank.d307.s36.e0"
            e2="DDI-DrugBank.d307.s36.e1" type="advise"/>
    </sentence>
    <sentence id="DDI-DrugBank.d307.s37" text="The increase of phenobarbital level, however, is small (15%) when given with Trileptal.">
        <entity id="DDI-DrugBank.d307.s37.e0" charOffset="16-28"
            type="drug" text="phenobarbital"/>
        <entity id="DDI-DrugBank.d307.s37.e1" charOffset="77-85"
            type="brand" text="Trileptal"/>
        <ddi id="DDI-DrugBank.d307.s37.d0" e1="DDI-DrugBank.d307.s37.e0"
            e2="DDI-DrugBank.d307.s37.e1" type="mechanism"/>
    </sentence>
    <sentence id="DDI-DrugBank.d307.s38" text="Strong inducers of cytochrome P450 enzymes (i.e. carbamazepine, phenytoin and phenobarbital) have been shown to decrease the plasma levels of MHD (29-40%).">
        <entity id="DDI-DrugBank.d307.s38.e0" charOffset="49-61"
            type="drug" text="carbamazepine"/>
        <entity id="DDI-DrugBank.d307.s38.e1" charOffset="64-72"
            type="drug" text="phenytoin"/>
        <entity id="DDI-DrugBank.d307.s38.e2" charOffset="78-90"
            type="drug" text="phenobarbital"/>
        <entity id="DDI-DrugBank.d307.s38.e3" charOffset="142-144"
            type="drug_n" text="MHD"/>
    </sentence>
    <sentence id="DDI-DrugBank.d307.s39" text="No autoinduction has been observed with Trileptal.">
        <entity id="DDI-DrugBank.d307.s39.e0" charOffset="40-48"
            type="brand" text="Trileptal"/>
    </sentence>
    <sentence id="DDI-DrugBank.d307.s40" text="Hormonal contraceptives Co-administration of Trileptal with an oral contraceptive has been shown to influence the plasma concentrations of the two hormonal components, ethinylestradiol (EE) and levonorgestrel (LNG).">
        <entity id="DDI-DrugBank.d307.s40.e0" charOffset="9-22"
            type="group" text="contraceptives"/>
        <entity id="DDI-DrugBank.d307.s40.e1" charOffset="45-53"
            type="brand" text="Trileptal"/>
        <entity id="DDI-DrugBank.d307.s40.e2" charOffset="68-80"
            type="group" text="contraceptive"/>
        <entity id="DDI-DrugBank.d307.s40.e3" charOffset="168-183"
            type="drug" text="ethinylestradiol"/>
        <entity id="DDI-DrugBank.d307.s40.e4" charOffset="194-207"
            type="drug" text="levonorgestrel"/>
        <ddi id="DDI-DrugBank.d307.s40.d0" e1="DDI-DrugBank.d307.s40.e1"
            e2="DDI-DrugBank.d307.s40.e2" type="mechanism"/>
    </sentence>
    <sentence id="DDI-DrugBank.d307.s41" text="The mean AUC values of EE were decreased by 48% [90% CI: 22-65] in one study and 52% [90% CI: 38-52] in another study [1,2]."/>
    <sentence id="DDI-DrugBank.d307.s42" text="The mean AUC values of LNG were decreased by 32% [90% CI: 20-45] in one study and 52% [90% CI: 42-52] in another study."/>
    <sentence id="DDI-DrugBank.d307.s43" text="Therefore, concurrent use of Trileptal with hormonal contraceptives may render these contraceptives less effective.">
        <entity id="DDI-DrugBank.d307.s43.e0" charOffset="29-37"
            type="brand" text="Trileptal"/>
        <entity id="DDI-DrugBank.d307.s43.e1" charOffset="44-66"
            type="group" text="hormonal contraceptives"/>
        <entity id="DDI-DrugBank.d307.s43.e2" charOffset="85-98"
            type="group" text="contraceptives"/>
        <ddi id="DDI-DrugBank.d307.s43.d0" e1="DDI-DrugBank.d307.s43.e0"
            e2="DDI-DrugBank.d307.s43.e1" type="effect"/>
    </sentence>
    <sentence id="DDI-DrugBank.d307.s44" text="Studies with other oral or implant contraceptives have not been conducted.">
        <entity id="DDI-DrugBank.d307.s44.e0" charOffset="35-48"
            type="group" text="contraceptives"/>
    </sentence>
    <sentence id="DDI-DrugBank.d307.s45" text="Calcium Antagonists: After repeated co-administration of Trileptal, the AUC of felodipine was lowered by 28% [90% CI: 20-33].">
        <entity id="DDI-DrugBank.d307.s45.e0" charOffset="0-17"
            type="group" text="Calcium Antagonist"/>
        <entity id="DDI-DrugBank.d307.s45.e1" charOffset="57-65"
            type="brand" text="Trileptal"/>
        <entity id="DDI-DrugBank.d307.s45.e2" charOffset="79-88"
            type="drug" text="felodipine"/>
        <ddi id="DDI-DrugBank.d307.s45.d0" e1="DDI-DrugBank.d307.s45.e1"
            e2="DDI-DrugBank.d307.s45.e2" type="mechanism"/>
    </sentence>
    <sentence id="DDI-DrugBank.d307.s46" text="Verapamil produced a decrease of 20% [90% CI: 18-27] of the plasma levels of MHD.">
        <entity id="DDI-DrugBank.d307.s46.e0" charOffset="0-8"
            type="drug" text="Verapamil"/>
        <entity id="DDI-DrugBank.d307.s46.e1" charOffset="77-79"
            type="drug_n" text="MHD"/>
    </sentence>
    <sentence id="DDI-DrugBank.d307.s47" text="Other drug interactions Cimetidine, erythromycin and dextropropoxyphene had no effect on the pharmacokinetics of MHD.">
        <entity id="DDI-DrugBank.d307.s47.e0" charOffset="24-33"
            type="drug" text="Cimetidine"/>
        <entity id="DDI-DrugBank.d307.s47.e1" charOffset="36-47"
            type="drug" text="erythromycin"/>
        <entity id="DDI-DrugBank.d307.s47.e2" charOffset="53-70"
            type="drug" text="dextropropoxyphene"/>
        <entity id="DDI-DrugBank.d307.s47.e3" charOffset="113-115"
            type="drug_n" text="MHD"/>
    </sentence>
    <sentence id="DDI-DrugBank.d307.s48" text="Results with warfarin wshow no evidence of interaction with either single or repeated doses of Trileptal.">
        <entity id="DDI-DrugBank.d307.s48.e0" charOffset="13-20"
            type="drug" text="warfarin"/>
        <entity id="DDI-DrugBank.d307.s48.e1" charOffset="95-103"
            type="brand" text="Trileptal"/>
    </sentence>
</document>
