<?xml version="1.0" encoding="UTF-8"?>
<document id="DDI-DrugBank.d179">
    <sentence id="DDI-DrugBank.d179.s0" text="Interations"/>
    <sentence id="DDI-DrugBank.d179.s1" text="Sulfapyridine may interact with any of the following: - Acetaminophen (e.g., Tylenol) (with long-term, high-dose use) or">
        <entity id="DDI-DrugBank.d179.s1.e0" charOffset="0-12"
            type="drug" text="Sulfapyridine"/>
        <entity id="DDI-DrugBank.d179.s1.e1" charOffset="56-68"
            type="drug" text="Acetaminophen"/>
        <entity id="DDI-DrugBank.d179.s1.e2" charOffset="77-83"
            type="brand" text="Tylenol"/>
        <ddi id="DDI-DrugBank.d179.s1.d0" e1="DDI-DrugBank.d179.s1.e0"
            e2="DDI-DrugBank.d179.s1.e1" type="int"/>
        <ddi id="DDI-DrugBank.d179.s1.d1" e1="DDI-DrugBank.d179.s1.e0"
            e2="DDI-DrugBank.d179.s1.e2" type="int"/>
    </sentence>
    <sentence id="DDI-DrugBank.d179.s2" text="- Amiodarone (e.g., Cordarone) or">
        <entity id="DDI-DrugBank.d179.s2.e0" charOffset="2-11"
            type="drug" text="Amiodarone"/>
        <entity id="DDI-DrugBank.d179.s2.e1" charOffset="20-28"
            type="brand" text="Cordarone"/>
    </sentence>
    <sentence id="DDI-DrugBank.d179.s3" text="- Anabolic steroids (nandrolone [e.g., Anabolin], oxandrolone [e.g., Anavar], oxymetholone [e.g., Anadrol], stanozolol [e.g., Winstrol]) or">
        <entity id="DDI-DrugBank.d179.s3.e0" charOffset="2-18"
            type="group" text="Anabolic steroids"/>
        <entity id="DDI-DrugBank.d179.s3.e1" charOffset="21-30"
            type="drug" text="nandrolone"/>
        <entity id="DDI-DrugBank.d179.s3.e2" charOffset="39-46"
            type="brand" text="Anabolin"/>
        <entity id="DDI-DrugBank.d179.s3.e3" charOffset="50-60"
            type="drug" text="oxandrolone"/>
        <entity id="DDI-DrugBank.d179.s3.e4" charOffset="69-74"
            type="brand" text="Anavar"/>
        <entity id="DDI-DrugBank.d179.s3.e5" charOffset="78-89"
            type="drug" text="oxymetholone"/>
        <entity id="DDI-DrugBank.d179.s3.e6" charOffset="98-104"
            type="brand" text="Anadrol"/>
        <entity id="DDI-DrugBank.d179.s3.e7" charOffset="108-117"
            type="drug" text="stanozolol"/>
        <entity id="DDI-DrugBank.d179.s3.e8" charOffset="126-133"
            type="brand" text="Winstrol"/>
    </sentence>
    <sentence id="DDI-DrugBank.d179.s4" text="- Androgens (male hormones) or">
        <entity id="DDI-DrugBank.d179.s4.e0" charOffset="2-10"
            type="group" text="Androgens"/>
    </sentence>
    <sentence id="DDI-DrugBank.d179.s5" text="- Antithyroid agents (medicine for overactive thyroid) or">
        <entity id="DDI-DrugBank.d179.s5.e0" charOffset="2-19"
            type="group" text="Antithyroid agents"/>
    </sentence>
    <sentence id="DDI-DrugBank.d179.s6" text="- Carbamazepine (e.g., Tegretol) or">
        <entity id="DDI-DrugBank.d179.s6.e0" charOffset="2-14"
            type="drug" text="Carbamazepine"/>
        <entity id="DDI-DrugBank.d179.s6.e1" charOffset="23-30"
            type="brand" text="Tegretol"/>
    </sentence>
    <sentence id="DDI-DrugBank.d179.s7" text="- Carmustine (e.g., BiCNU) or">
        <entity id="DDI-DrugBank.d179.s7.e0" charOffset="2-11"
            type="drug" text="Carmustine"/>
        <entity id="DDI-DrugBank.d179.s7.e1" charOffset="20-24"
            type="brand" text="BiCNU"/>
    </sentence>
    <sentence id="DDI-DrugBank.d179.s8" text="- Chloroquine (e.g., Aralen) or">
        <entity id="DDI-DrugBank.d179.s8.e0" charOffset="2-12"
            type="drug" text="Chloroquine"/>
        <entity id="DDI-DrugBank.d179.s8.e1" charOffset="21-26"
            type="brand" text="Aralen"/>
    </sentence>
    <sentence id="DDI-DrugBank.d179.s9" text="- Dantrolene (e.g., Dantrium) or">
        <entity id="DDI-DrugBank.d179.s9.e0" charOffset="2-11"
            type="drug" text="Dantrolene"/>
        <entity id="DDI-DrugBank.d179.s9.e1" charOffset="20-27"
            type="brand" text="Dantrium"/>
    </sentence>
    <sentence id="DDI-DrugBank.d179.s10" text="- Daunorubicin (e.g., Cerubidine) or">
        <entity id="DDI-DrugBank.d179.s10.e0" charOffset="2-13"
            type="drug" text="Daunorubicin"/>
        <entity id="DDI-DrugBank.d179.s10.e1" charOffset="22-31"
            type="brand" text="Cerubidine"/>
    </sentence>
    <sentence id="DDI-DrugBank.d179.s11" text="- Disulfiram (e.g., Antabuse) or">
        <entity id="DDI-DrugBank.d179.s11.e0" charOffset="2-11"
            type="drug" text="Disulfiram"/>
        <entity id="DDI-DrugBank.d179.s11.e1" charOffset="20-27"
            type="brand" text="Antabuse"/>
    </sentence>
    <sentence id="DDI-DrugBank.d179.s12" text="- Divalproex (e.g., Depakote) or">
        <entity id="DDI-DrugBank.d179.s12.e0" charOffset="2-11"
            type="drug" text="Divalproex"/>
        <entity id="DDI-DrugBank.d179.s12.e1" charOffset="20-27"
            type="brand" text="Depakote"/>
    </sentence>
    <sentence id="DDI-DrugBank.d179.s13" text="- Estrogens (female hormones) or">
        <entity id="DDI-DrugBank.d179.s13.e0" charOffset="2-10"
            type="group" text="Estrogens"/>
    </sentence>
    <sentence id="DDI-DrugBank.d179.s14" text="- Etretinate (e.g., Tegison) or">
        <entity id="DDI-DrugBank.d179.s14.e0" charOffset="2-11"
            type="drug" text="Etretinate"/>
        <entity id="DDI-DrugBank.d179.s14.e1" charOffset="20-26"
            type="brand" text="Tegison"/>
    </sentence>
    <sentence id="DDI-DrugBank.d179.s15" text="- Gold salts (medicine for arthritis) or">
        <entity id="DDI-DrugBank.d179.s15.e0" charOffset="2-5"
            type="drug" text="Gold"/>
    </sentence>
    <sentence id="DDI-DrugBank.d179.s16" text="- Hydroxychloroquine (e.g., Plaquenil) or">
        <entity id="DDI-DrugBank.d179.s16.e0" charOffset="2-19"
            type="drug" text="Hydroxychloroquine"/>
        <entity id="DDI-DrugBank.d179.s16.e1" charOffset="28-36"
            type="brand" text="Plaquenil"/>
    </sentence>
    <sentence id="DDI-DrugBank.d179.s17" text="- Mercaptopurine (e.g., Purinethol) or">
        <entity id="DDI-DrugBank.d179.s17.e0" charOffset="2-15"
            type="drug" text="Mercaptopurine"/>
        <entity id="DDI-DrugBank.d179.s17.e1" charOffset="24-33"
            type="brand" text="Purinethol"/>
    </sentence>
    <sentence id="DDI-DrugBank.d179.s18" text="- Naltrexone (e.g., Trexan) (with long-term, high-dose use) or">
        <entity id="DDI-DrugBank.d179.s18.e0" charOffset="2-11"
            type="drug" text="Naltrexone"/>
        <entity id="DDI-DrugBank.d179.s18.e1" charOffset="20-25"
            type="brand" text="Trexan"/>
    </sentence>
    <sentence id="DDI-DrugBank.d179.s19" text="- Oral contraceptives (birth control pills) containing estrogen or">
        <entity id="DDI-DrugBank.d179.s19.e0" charOffset="7-20"
            type="group" text="contraceptives"/>
        <entity id="DDI-DrugBank.d179.s19.e1" charOffset="55-62"
            type="group" text="estrogen"/>
    </sentence>
    <sentence id="DDI-DrugBank.d179.s20" text="- Other anti-infectives by mouth or by injection (medicine for infection) or">
        <entity id="DDI-DrugBank.d179.s20.e0" charOffset="8-22"
            type="group" text="anti-infectives"/>
    </sentence>
    <sentence id="DDI-DrugBank.d179.s21" text="- Phenothiazines (acetophenazine [e.g., Tindal], chlorpromazine [e.g., Thorazine], fluphenazine [e.g., Prolixin], mesoridazine [e.g., Serentil], perphenazine [e.g., Trilafon], prochlorperazine [e.g., Compazine], promazine [e.g., Sparine], promethazine [e.g., Phenergan], thioridazine [e.g., Mellaril], trifluoperazine [e.g., Stelazine], triflupromazine [e.g., Vesprin], trimeprazine [e.g., Temaril]) or">
        <entity id="DDI-DrugBank.d179.s21.e0" charOffset="2-15"
            type="group" text="Phenothiazines"/>
        <entity id="DDI-DrugBank.d179.s21.e1" charOffset="18-31"
            type="drug" text="acetophenazine"/>
        <entity id="DDI-DrugBank.d179.s21.e2" charOffset="40-45"
            type="brand" text="Tindal"/>
        <entity id="DDI-DrugBank.d179.s21.e3" charOffset="49-62"
            type="drug" text="chlorpromazine"/>
        <entity id="DDI-DrugBank.d179.s21.e4" charOffset="71-79"
            type="brand" text="Thorazine"/>
        <entity id="DDI-DrugBank.d179.s21.e5" charOffset="83-94"
            type="drug" text="fluphenazine"/>
        <entity id="DDI-DrugBank.d179.s21.e6" charOffset="103-110"
            type="brand" text="Prolixin"/>
        <entity id="DDI-DrugBank.d179.s21.e7" charOffset="114-125"
            type="brand" text="mesoridazine"/>
        <entity id="DDI-DrugBank.d179.s21.e8" charOffset="134-141"
            type="brand" text="Serentil"/>
        <entity id="DDI-DrugBank.d179.s21.e9" charOffset="145-156"
            type="drug" text="perphenazine"/>
        <entity id="DDI-DrugBank.d179.s21.e10" charOffset="165-172"
            type="brand" text="Trilafon"/>
        <entity id="DDI-DrugBank.d179.s21.e11" charOffset="176-191"
            type="drug" text="prochlorperazine"/>
        <entity id="DDI-DrugBank.d179.s21.e12" charOffset="200-208"
            type="brand" text="Compazine"/>
        <entity id="DDI-DrugBank.d179.s21.e13" charOffset="212-220"
            type="drug" text="promazine"/>
        <entity id="DDI-DrugBank.d179.s21.e14" charOffset="229-235"
            type="brand" text="Sparine"/>
        <entity id="DDI-DrugBank.d179.s21.e15" charOffset="239-250"
            type="drug" text="promethazine"/>
        <entity id="DDI-DrugBank.d179.s21.e16" charOffset="259-267"
            type="brand" text="Phenergan"/>
        <entity id="DDI-DrugBank.d179.s21.e17" charOffset="271-282"
            type="drug" text="thioridazine"/>
        <entity id="DDI-DrugBank.d179.s21.e18" charOffset="291-298"
            type="brand" text="Mellaril"/>
        <entity id="DDI-DrugBank.d179.s21.e19" charOffset="302-316"
            type="drug" text="trifluoperazine"/>
        <entity id="DDI-DrugBank.d179.s21.e20" charOffset="325-333"
            type="brand" text="Stelazine"/>
        <entity id="DDI-DrugBank.d179.s21.e21" charOffset="337-351"
            type="drug" text="triflupromazine"/>
        <entity id="DDI-DrugBank.d179.s21.e22" charOffset="360-366"
            type="brand" text="Vesprin"/>
        <entity id="DDI-DrugBank.d179.s21.e23" charOffset="370-381"
            type="drug" text="trimeprazine"/>
        <entity id="DDI-DrugBank.d179.s21.e24" charOffset="390-396"
            type="brand" text="Temaril"/>
    </sentence>
    <sentence id="DDI-DrugBank.d179.s22" text="- Plicamycin (e.g., Mithracin) or">
        <entity id="DDI-DrugBank.d179.s22.e0" charOffset="2-11"
            type="drug" text="Plicamycin"/>
        <entity id="DDI-DrugBank.d179.s22.e1" charOffset="20-28"
            type="brand" text="Mithracin"/>
    </sentence>
    <sentence id="DDI-DrugBank.d179.s23" text="- Valproic acid (e.g., Depakene) Use of sulfapyridine with these medicines may increase the chance of side effects affecting the liver">
        <entity id="DDI-DrugBank.d179.s23.e0" charOffset="2-14"
            type="drug" text="Valproic acid"/>
        <entity id="DDI-DrugBank.d179.s23.e1" charOffset="23-30"
            type="brand" text="Depakene"/>
        <entity id="DDI-DrugBank.d179.s23.e2" charOffset="40-52"
            type="drug" text="sulfapyridine"/>
    </sentence>
    <sentence id="DDI-DrugBank.d179.s24" text="- Acetohydroxamic acid (e.g., Lithostat) or">
        <entity id="DDI-DrugBank.d179.s24.e0" charOffset="2-21"
            type="drug" text="Acetohydroxamic acid"/>
        <entity id="DDI-DrugBank.d179.s24.e1" charOffset="30-38"
            type="brand" text="Lithostat"/>
    </sentence>
    <sentence id="DDI-DrugBank.d179.s25" text="- Dapsone or">
        <entity id="DDI-DrugBank.d179.s25.e0" charOffset="2-8"
            type="drug" text="Dapsone"/>
    </sentence>
    <sentence id="DDI-DrugBank.d179.s26" text="- Furazolidone (e.g., Furoxone) or">
        <entity id="DDI-DrugBank.d179.s26.e0" charOffset="2-13"
            type="drug" text="Furazolidone"/>
        <entity id="DDI-DrugBank.d179.s26.e1" charOffset="22-29"
            type="brand" text="Furoxone"/>
    </sentence>
    <sentence id="DDI-DrugBank.d179.s27" text="- Nitrofurantoin (e.g., Furadantin) or">
        <entity id="DDI-DrugBank.d179.s27.e0" charOffset="2-15"
            type="drug" text="Nitrofurantoin"/>
        <entity id="DDI-DrugBank.d179.s27.e1" charOffset="24-33"
            type="brand" text="Furadantin"/>
    </sentence>
    <sentence id="DDI-DrugBank.d179.s28" text="- Primaquine or">
        <entity id="DDI-DrugBank.d179.s28.e0" charOffset="2-11"
            type="drug" text="Primaquine"/>
    </sentence>
    <sentence id="DDI-DrugBank.d179.s29" text="- Procainamide (e.g., Pronestyl) or">
        <entity id="DDI-DrugBank.d179.s29.e0" charOffset="2-13"
            type="drug" text="Procainamide"/>
        <entity id="DDI-DrugBank.d179.s29.e1" charOffset="22-30"
            type="brand" text="Pronestyl"/>
    </sentence>
    <sentence id="DDI-DrugBank.d179.s30" text="- Quinidine (e.g., Quinidex) or">
        <entity id="DDI-DrugBank.d179.s30.e0" charOffset="2-10"
            type="drug" text="Quinidine"/>
        <entity id="DDI-DrugBank.d179.s30.e1" charOffset="19-26"
            type="brand" text="Quinidex"/>
    </sentence>
    <sentence id="DDI-DrugBank.d179.s31" text="- Quinine (e.g., Quinamm) or">
        <entity id="DDI-DrugBank.d179.s31.e0" charOffset="2-8"
            type="drug" text="Quinine"/>
        <entity id="DDI-DrugBank.d179.s31.e1" charOffset="17-23"
            type="brand" text="Quinamm"/>
    </sentence>
    <sentence id="DDI-DrugBank.d179.s32" text="- Sulfoxone (e.g., Diasone) or">
        <entity id="DDI-DrugBank.d179.s32.e0" charOffset="2-10"
            type="drug" text="Sulfoxone"/>
        <entity id="DDI-DrugBank.d179.s32.e1" charOffset="19-25"
            type="brand" text="Diasone"/>
    </sentence>
    <sentence id="DDI-DrugBank.d179.s33" text="- Vitamin K (e.g., AquaMEPHYTON, Synkayvite) Use of sulfapyridine with these medicines may increase the chance of side effects affecting the blood">
        <entity id="DDI-DrugBank.d179.s33.e0" charOffset="2-10"
            type="group" text="Vitamin K"/>
        <entity id="DDI-DrugBank.d179.s33.e1" charOffset="19-30"
            type="brand" text="AquaMEPHYTON"/>
        <entity id="DDI-DrugBank.d179.s33.e2" charOffset="33-42"
            type="brand" text="Synkayvite"/>
        <entity id="DDI-DrugBank.d179.s33.e3" charOffset="52-64"
            type="drug" text="sulfapyridine"/>
    </sentence>
    <sentence id="DDI-DrugBank.d179.s34" text="- Anticoagulants (blood thinners) or">
        <entity id="DDI-DrugBank.d179.s34.e0" charOffset="2-15"
            type="group" text="Anticoagulants"/>
        <entity id="DDI-DrugBank.d179.s34.e1" charOffset="18-30"
            type="group" text="blood thinner"/>
    </sentence>
    <sentence id="DDI-DrugBank.d179.s35" text="- Ethotoin (e.g., Peganone) or">
        <entity id="DDI-DrugBank.d179.s35.e0" charOffset="2-9"
            type="drug" text="Ethotoin"/>
        <entity id="DDI-DrugBank.d179.s35.e1" charOffset="18-25"
            type="brand" text="Peganone"/>
    </sentence>
    <sentence id="DDI-DrugBank.d179.s36" text="- Mephenytoin (e.g., Mesantoin) Use of sulfapyridine with these medicines may increase the chance of side effects of these medicines">
        <entity id="DDI-DrugBank.d179.s36.e0" charOffset="2-12"
            type="drug" text="Mephenytoin"/>
        <entity id="DDI-DrugBank.d179.s36.e1" charOffset="21-29"
            type="brand" text="Mesantoin"/>
        <entity id="DDI-DrugBank.d179.s36.e2" charOffset="39-51"
            type="drug" text="sulfapyridine"/>
    </sentence>
    <sentence id="DDI-DrugBank.d179.s37" text="- Antidiabetics, oral (diabetes medicine you take by mouth) Use of oral antidiabetics with sulfapyridine may increase the chance of side effects affecting the blood and/or the side effects or oral antidiabetics">
        <entity id="DDI-DrugBank.d179.s37.e0" charOffset="2-14"
            type="group" text="Antidiabetics"/>
        <entity id="DDI-DrugBank.d179.s37.e1" charOffset="72-84"
            type="group" text="antidiabetics"/>
        <entity id="DDI-DrugBank.d179.s37.e2" charOffset="91-103"
            type="drug" text="sulfapyridine"/>
        <entity id="DDI-DrugBank.d179.s37.e3" charOffset="197-209"
            type="group" text="antidiabetics"/>
        <ddi id="DDI-DrugBank.d179.s37.d0" e1="DDI-DrugBank.d179.s37.e1"
            e2="DDI-DrugBank.d179.s37.e2" type="effect"/>
    </sentence>
    <sentence id="DDI-DrugBank.d179.s38" text="- Methotrexate (e.g., Mexate) Use of methotrexate with sulfapyridine may increase the chance of side effects affecting the liver and/or the side effects of methotrexate">
        <entity id="DDI-DrugBank.d179.s38.e0" charOffset="2-13"
            type="drug" text="Methotrexate"/>
        <entity id="DDI-DrugBank.d179.s38.e1" charOffset="22-27"
            type="brand" text="Mexate"/>
        <entity id="DDI-DrugBank.d179.s38.e2" charOffset="37-48"
            type="drug" text="methotrexate"/>
        <entity id="DDI-DrugBank.d179.s38.e3" charOffset="55-67"
            type="drug" text="sulfapyridine"/>
        <entity id="DDI-DrugBank.d179.s38.e4" charOffset="156-167"
            type="drug" text="methotrexate"/>
        <ddi id="DDI-DrugBank.d179.s38.d0" e1="DDI-DrugBank.d179.s38.e2"
            e2="DDI-DrugBank.d179.s38.e3" type="effect"/>
    </sentence>
    <sentence id="DDI-DrugBank.d179.s39" text="- Methyldopa (e.g., Aldomet) Use of methyldopa with sulfapyridine may increase the chance of side effects affecting the liver and/or the blood">
        <entity id="DDI-DrugBank.d179.s39.e0" charOffset="2-11"
            type="drug" text="Methyldopa"/>
        <entity id="DDI-DrugBank.d179.s39.e1" charOffset="20-26"
            type="brand" text="Aldomet"/>
        <entity id="DDI-DrugBank.d179.s39.e2" charOffset="36-45"
            type="drug" text="methyldopa"/>
        <entity id="DDI-DrugBank.d179.s39.e3" charOffset="52-64"
            type="drug" text="sulfapyridine"/>
        <ddi id="DDI-DrugBank.d179.s39.d0" e1="DDI-DrugBank.d179.s39.e2"
            e2="DDI-DrugBank.d179.s39.e3" type="effect"/>
    </sentence>
    <sentence id="DDI-DrugBank.d179.s40" text="- Phenytoin (e.g., Dilantin) Use of phenytoin with sulfapyridine may increase the chance of side effects affecting the liver and/or the side effects of phenytoin">
        <entity id="DDI-DrugBank.d179.s40.e0" charOffset="2-10"
            type="drug" text="Phenytoin"/>
        <entity id="DDI-DrugBank.d179.s40.e1" charOffset="19-26"
            type="brand" text="Dilantin"/>
        <entity id="DDI-DrugBank.d179.s40.e2" charOffset="36-44"
            type="drug" text="phenytoin"/>
        <entity id="DDI-DrugBank.d179.s40.e3" charOffset="51-63"
            type="drug" text="sulfapyridine"/>
        <entity id="DDI-DrugBank.d179.s40.e4" charOffset="152-160"
            type="drug" text="phenytoin"/>
        <ddi id="DDI-DrugBank.d179.s40.d0" e1="DDI-DrugBank.d179.s40.e2"
            e2="DDI-DrugBank.d179.s40.e3" type="effect"/>
    </sentence>
</document>
