<?xml version="1.0" encoding="UTF-8"?>
<document id="DDI-DrugBank.d277">
    <sentence id="DDI-DrugBank.d277.s0" text="In evaluating the potential for interactions among co-administered antiepilepsy drugs (AEDs), whether or not an AED induces or does not induce metabolic enzymes is an important consideration.">
        <entity id="DDI-DrugBank.d277.s0.e0" charOffset="87-90"
            type="group" text="AEDs"/>
        <entity id="DDI-DrugBank.d277.s0.e1" charOffset="112-114"
            type="group" text="AED"/>
    </sentence>
    <sentence id="DDI-DrugBank.d277.s1" text="Phenytoin, phenobarbital and carbamazepine are ge nerally classified as enzyme inducers;">
        <entity id="DDI-DrugBank.d277.s1.e0" charOffset="0-8"
            type="drug" text="Phenytoin"/>
        <entity id="DDI-DrugBank.d277.s1.e1" charOffset="11-23"
            type="drug" text="phenobarbital"/>
        <entity id="DDI-DrugBank.d277.s1.e2" charOffset="29-41"
            type="drug" text="carbamazepine"/>
    </sentence>
    <sentence id="DDI-DrugBank.d277.s2" text="valproate and gabapentin are not.">
        <entity id="DDI-DrugBank.d277.s2.e0" charOffset="0-8"
            type="drug" text="valproate"/>
        <entity id="DDI-DrugBank.d277.s2.e1" charOffset="14-23"
            type="drug" text="gabapentin"/>
    </sentence>
    <sentence id="DDI-DrugBank.d277.s3" text="GABITRIL is considered to be a non-enzyme inducing AED.">
        <entity id="DDI-DrugBank.d277.s3.e0" charOffset="0-7"
            type="brand" text="GABITRIL"/>
        <entity id="DDI-DrugBank.d277.s3.e1" charOffset="51-53"
            type="group" text="AED"/>
    </sentence>
    <sentence id="DDI-DrugBank.d277.s4" text="The drug interaction data described in this section were obtained from studies involving either healthy subjects or patients with epilepsy."/>
    <sentence id="DDI-DrugBank.d277.s5" text="Effects of GABITRIL on other Antiepilepsy Drugs (AEDs) : Phenytoin: Tiagabine had no effect on the steady-state plasma concentrations of phenytoin in patients with epilepsy.">
        <entity id="DDI-DrugBank.d277.s5.e0" charOffset="11-18"
            type="brand" text="GABITRIL"/>
        <entity id="DDI-DrugBank.d277.s5.e1" charOffset="49-52"
            type="group" text="AEDs"/>
        <entity id="DDI-DrugBank.d277.s5.e2" charOffset="57-65"
            type="drug" text="Phenytoin"/>
        <entity id="DDI-DrugBank.d277.s5.e3" charOffset="68-76"
            type="drug" text="Tiagabine"/>
        <entity id="DDI-DrugBank.d277.s5.e4" charOffset="137-145"
            type="drug" text="phenytoin"/>
    </sentence>
    <sentence id="DDI-DrugBank.d277.s6" text="Carbamazepine: Tiagabine had no effect on the steady-state plasma concentrations of carbamazepine or its epoxide metabolite in patients with epilepsy.">
        <entity id="DDI-DrugBank.d277.s6.e0" charOffset="0-12"
            type="drug" text="Carbamazepine"/>
        <entity id="DDI-DrugBank.d277.s6.e1" charOffset="15-23"
            type="drug" text="Tiagabine"/>
        <entity id="DDI-DrugBank.d277.s6.e2" charOffset="84-96"
            type="drug" text="carbamazepine"/>
    </sentence>
    <sentence id="DDI-DrugBank.d277.s7" text="Valproate: Tiagabine causes a slight decrease (about 10%) in steady-state valproate concentrations.">
        <entity id="DDI-DrugBank.d277.s7.e0" charOffset="0-8"
            type="drug" text="Valproate"/>
        <entity id="DDI-DrugBank.d277.s7.e1" charOffset="11-19"
            type="drug" text="Tiagabine"/>
        <entity id="DDI-DrugBank.d277.s7.e2" charOffset="74-82"
            type="drug" text="valproate"/>
        <ddi id="DDI-DrugBank.d277.s7.d0" e1="DDI-DrugBank.d277.s7.e1"
            e2="DDI-DrugBank.d277.s7.e2" type="mechanism"/>
    </sentence>
    <sentence id="DDI-DrugBank.d277.s8" text="Phenobarbital or Primidone : No formal pharmacokinetic studies have been performed examining the addition of tiagabine to regimens containing phenobarbital or primidone.">
        <entity id="DDI-DrugBank.d277.s8.e0" charOffset="0-12"
            type="drug" text="Phenobarbital"/>
        <entity id="DDI-DrugBank.d277.s8.e1" charOffset="17-25"
            type="drug" text="Primidone"/>
        <entity id="DDI-DrugBank.d277.s8.e2" charOffset="109-117"
            type="drug" text="tiagabine"/>
        <entity id="DDI-DrugBank.d277.s8.e3" charOffset="142-154"
            type="drug" text="phenobarbital"/>
        <entity id="DDI-DrugBank.d277.s8.e4" charOffset="159-167"
            type="drug" text="primidone"/>
    </sentence>
    <sentence id="DDI-DrugBank.d277.s9" text="The addition of tiagabine in a limited number of patients in three well-controlled studies caused no systematic changes in phenobarbital or primidone concentrations when compared to placebo.">
        <entity id="DDI-DrugBank.d277.s9.e0" charOffset="16-24"
            type="drug" text="tiagabine"/>
        <entity id="DDI-DrugBank.d277.s9.e1" charOffset="123-135"
            type="drug" text="phenobarbital"/>
        <entity id="DDI-DrugBank.d277.s9.e2" charOffset="140-148"
            type="drug" text="primidone"/>
    </sentence>
    <sentence id="DDI-DrugBank.d277.s10" text="Effects of other Antiepilepsy Drugs (AEDs) on GABITRIL : Carbamazepine: Population pharmacokinetic analyses indicate that tiagabine clearance is 60% greater in patients taking carbamazepine with or without other enzyme- inducing AEDs.">
        <entity id="DDI-DrugBank.d277.s10.e0" charOffset="37-40"
            type="group" text="AEDs"/>
        <entity id="DDI-DrugBank.d277.s10.e1" charOffset="46-53"
            type="brand" text="GABITRIL"/>
        <entity id="DDI-DrugBank.d277.s10.e2" charOffset="57-69"
            type="drug" text="Carbamazepine"/>
        <entity id="DDI-DrugBank.d277.s10.e3" charOffset="122-130"
            type="drug" text="tiagabine"/>
        <entity id="DDI-DrugBank.d277.s10.e4" charOffset="176-188"
            type="drug" text="carbamazepine"/>
        <entity id="DDI-DrugBank.d277.s10.e5" charOffset="229-232"
            type="group" text="AEDs"/>
        <ddi id="DDI-DrugBank.d277.s10.d0" e1="DDI-DrugBank.d277.s10.e3"
            e2="DDI-DrugBank.d277.s10.e4" type="mechanism"/>
    </sentence>
    <sentence id="DDI-DrugBank.d277.s11" text="Phenytoin: Population pharmacokinetic analyses indicate that tiagabine clearance is 60% greater in patients taking phenytoin with or without other enzyme- inducing AEDs.">
        <entity id="DDI-DrugBank.d277.s11.e0" charOffset="0-8"
            type="drug" text="Phenytoin"/>
        <entity id="DDI-DrugBank.d277.s11.e1" charOffset="61-69"
            type="drug" text="tiagabine"/>
        <entity id="DDI-DrugBank.d277.s11.e2" charOffset="115-123"
            type="drug" text="phenytoin"/>
        <entity id="DDI-DrugBank.d277.s11.e3" charOffset="164-167"
            type="group" text="AEDs"/>
        <ddi id="DDI-DrugBank.d277.s11.d0" e1="DDI-DrugBank.d277.s11.e1"
            e2="DDI-DrugBank.d277.s11.e2" type="mechanism"/>
    </sentence>
    <sentence id="DDI-DrugBank.d277.s12" text="Phenobarbital (Primidone): Population pharmacokinetic analyses indicate that tiagabine clearance is 60% greater in patients taking phenobarbital (primidone) with or without other enzyme-inducing AEDs.">
        <entity id="DDI-DrugBank.d277.s12.e0" charOffset="0-12"
            type="drug" text="Phenobarbital"/>
        <entity id="DDI-DrugBank.d277.s12.e1" charOffset="15-23"
            type="drug" text="Primidone"/>
        <entity id="DDI-DrugBank.d277.s12.e2" charOffset="77-85"
            type="drug" text="tiagabine"/>
        <entity id="DDI-DrugBank.d277.s12.e3" charOffset="131-143"
            type="drug" text="phenobarbital"/>
        <entity id="DDI-DrugBank.d277.s12.e4" charOffset="146-154"
            type="drug" text="primidone"/>
        <entity id="DDI-DrugBank.d277.s12.e5" charOffset="195-198"
            type="group" text="AEDs"/>
        <ddi id="DDI-DrugBank.d277.s12.d0" e1="DDI-DrugBank.d277.s12.e2"
            e2="DDI-DrugBank.d277.s12.e3" type="mechanism"/>
        <ddi id="DDI-DrugBank.d277.s12.d1" e1="DDI-DrugBank.d277.s12.e2"
            e2="DDI-DrugBank.d277.s12.e4" type="mechanism"/>
    </sentence>
    <sentence id="DDI-DrugBank.d277.s13" text="Valproate: The addition of tiagabine to patients taking valproate chronically had no effect on tiagabine pharmacokinetics, but valproate significantly decreased tiagabine binding in vitro from 96.3 to 94.8%, which resulted in an increase of approximately 40% in the free tiagabine concentration.">
        <entity id="DDI-DrugBank.d277.s13.e0" charOffset="0-8"
            type="drug" text="Valproate"/>
        <entity id="DDI-DrugBank.d277.s13.e1" charOffset="27-35"
            type="drug" text="tiagabine"/>
        <entity id="DDI-DrugBank.d277.s13.e2" charOffset="56-64"
            type="drug" text="valproate"/>
        <entity id="DDI-DrugBank.d277.s13.e3" charOffset="95-103"
            type="drug" text="tiagabine"/>
        <entity id="DDI-DrugBank.d277.s13.e4" charOffset="127-135"
            type="drug" text="valproate"/>
        <entity id="DDI-DrugBank.d277.s13.e5" charOffset="161-169"
            type="drug" text="tiagabine"/>
        <ddi id="DDI-DrugBank.d277.s13.d0" e1="DDI-DrugBank.d277.s13.e4"
            e2="DDI-DrugBank.d277.s13.e5" type="mechanism"/>
    </sentence>
    <sentence id="DDI-DrugBank.d277.s14" text="The clinical relevance of this in vitro finding is unknown."/>
    <sentence id="DDI-DrugBank.d277.s15" text="Interaction of GABITRIL with Other Drugs : Cimetidine : Co-administration of cimetidine (800 mg/day) to patients taking tiagabine chronically had no effect on tiagabine pharmacokinetics.">
        <entity id="DDI-DrugBank.d277.s15.e0" charOffset="15-22"
            type="brand" text="GABITRIL"/>
        <entity id="DDI-DrugBank.d277.s15.e1" charOffset="43-52"
            type="drug" text="Cimetidine"/>
        <entity id="DDI-DrugBank.d277.s15.e2" charOffset="77-86"
            type="drug" text="cimetidine"/>
        <entity id="DDI-DrugBank.d277.s15.e3" charOffset="120-128"
            type="drug" text="tiagabine"/>
        <entity id="DDI-DrugBank.d277.s15.e4" charOffset="159-167"
            type="drug" text="tiagabine"/>
    </sentence>
    <sentence id="DDI-DrugBank.d277.s16" text="Theophylline: A single 10 mg dose of tiagabine did not affect the pharmacokinetics of theophylline at steady state.">
        <entity id="DDI-DrugBank.d277.s16.e0" charOffset="0-11"
            type="drug" text="Theophylline"/>
        <entity id="DDI-DrugBank.d277.s16.e1" charOffset="37-45"
            type="drug" text="tiagabine"/>
        <entity id="DDI-DrugBank.d277.s16.e2" charOffset="86-97"
            type="drug" text="theophylline"/>
    </sentence>
    <sentence id="DDI-DrugBank.d277.s17" text="Warfarin: No significant differences were observed in the steady-state pharmacokinetics of R-warfarin or S-warfarin with the addition of tiagabine given as a single dose.">
        <entity id="DDI-DrugBank.d277.s17.e0" charOffset="0-7"
            type="drug" text="Warfarin"/>
        <entity id="DDI-DrugBank.d277.s17.e1" charOffset="91-100"
            type="drug" text="R-warfarin"/>
        <entity id="DDI-DrugBank.d277.s17.e2" charOffset="105-114"
            type="drug" text="S-warfarin"/>
        <entity id="DDI-DrugBank.d277.s17.e3" charOffset="137-145"
            type="drug" text="tiagabine"/>
    </sentence>
    <sentence id="DDI-DrugBank.d277.s18" text="Prothrombin times were not affected by tiagabine.">
        <entity id="DDI-DrugBank.d277.s18.e0" charOffset="39-47"
            type="drug" text="tiagabine"/>
    </sentence>
    <sentence id="DDI-DrugBank.d277.s19" text="Digoxin: Concomitant administration of tiagabine did not affect the steady-state pharmacokinetics of digoxin or the mean daily trough serum level of digoxin.">
        <entity id="DDI-DrugBank.d277.s19.e0" charOffset="0-6"
            type="drug" text="Digoxin"/>
        <entity id="DDI-DrugBank.d277.s19.e1" charOffset="39-47"
            type="drug" text="tiagabine"/>
        <entity id="DDI-DrugBank.d277.s19.e2" charOffset="101-107"
            type="drug" text="digoxin"/>
        <entity id="DDI-DrugBank.d277.s19.e3" charOffset="149-155"
            type="drug" text="digoxin"/>
    </sentence>
    <sentence id="DDI-DrugBank.d277.s20" text="Ethanol or Triazolam: No significant differences were observed in the pharmacokinetics of triazolam (0.125 mg) and tiagabine (10 mg) when given together as a single dose.">
        <entity id="DDI-DrugBank.d277.s20.e0" charOffset="0-6"
            type="drug" text="Ethanol"/>
        <entity id="DDI-DrugBank.d277.s20.e1" charOffset="11-19"
            type="drug" text="Triazolam"/>
        <entity id="DDI-DrugBank.d277.s20.e2" charOffset="90-98"
            type="drug" text="triazolam"/>
        <entity id="DDI-DrugBank.d277.s20.e3" charOffset="115-123"
            type="drug" text="tiagabine"/>
    </sentence>
    <sentence id="DDI-DrugBank.d277.s21" text="The pharmacokinetics of ethanol were not affected by multiple-dose administration of tiagabine.">
        <entity id="DDI-DrugBank.d277.s21.e0" charOffset="24-30"
            type="drug" text="ethanol"/>
        <entity id="DDI-DrugBank.d277.s21.e1" charOffset="85-93"
            type="drug" text="tiagabine"/>
    </sentence>
    <sentence id="DDI-DrugBank.d277.s22" text="Tiagabine has shown no clinically important potentiation of the pharmacodynamic effects of triazo lam or alcohol.">
        <entity id="DDI-DrugBank.d277.s22.e0" charOffset="0-8"
            type="drug" text="Tiagabine"/>
        <entity id="DDI-DrugBank.d277.s22.e1" charOffset="105-111"
            type="drug" text="alcohol"/>
    </sentence>
    <sentence id="DDI-DrugBank.d277.s23" text="Because of the possible additive effects of drugs that may depress the nervous system, ethanol or triazolam should be used cautiously in combination with tiagabine.">
        <entity id="DDI-DrugBank.d277.s23.e0" charOffset="87-93"
            type="drug" text="ethanol"/>
        <entity id="DDI-DrugBank.d277.s23.e1" charOffset="98-106"
            type="drug" text="triazolam"/>
        <entity id="DDI-DrugBank.d277.s23.e2" charOffset="154-162"
            type="drug" text="tiagabine"/>
        <ddi id="DDI-DrugBank.d277.s23.d0" e1="DDI-DrugBank.d277.s23.e0"
            e2="DDI-DrugBank.d277.s23.e2" type="advise"/>
        <ddi id="DDI-DrugBank.d277.s23.d1" e1="DDI-DrugBank.d277.s23.e1"
            e2="DDI-DrugBank.d277.s23.e2" type="advise"/>
    </sentence>
    <sentence id="DDI-DrugBank.d277.s24" text="Oral Contraceptives: Multiple dose administration of tiagabine (8 mg/day monotherapy) did not alter the pharmacokinetics of oral contraceptives in healthy women of childbearing age.">
        <entity id="DDI-DrugBank.d277.s24.e0" charOffset="5-18"
            type="group" text="Contraceptives"/>
        <entity id="DDI-DrugBank.d277.s24.e1" charOffset="53-61"
            type="drug" text="tiagabine"/>
        <entity id="DDI-DrugBank.d277.s24.e2" charOffset="129-142"
            type="group" text="contraceptives"/>
    </sentence>
    <sentence id="DDI-DrugBank.d277.s25" text="Antipyrine : Antipyrine pharmacokinetics were not significantly different before and after tiagabine multiple-dose regimens.">
        <entity id="DDI-DrugBank.d277.s25.e0" charOffset="0-9"
            type="drug" text="Antipyrine"/>
        <entity id="DDI-DrugBank.d277.s25.e1" charOffset="13-22"
            type="drug" text="Antipyrine"/>
        <entity id="DDI-DrugBank.d277.s25.e2" charOffset="91-99"
            type="drug" text="tiagabine"/>
    </sentence>
    <sentence id="DDI-DrugBank.d277.s26" text="This indicates that tiagabine does not cause induction or inhibition of the hepatic microsomal enzyme systems responsible for the metabolism of antipyrine.">
        <entity id="DDI-DrugBank.d277.s26.e0" charOffset="20-28"
            type="drug" text="tiagabine"/>
        <entity id="DDI-DrugBank.d277.s26.e1" charOffset="144-153"
            type="drug" text="antipyrine"/>
    </sentence>
    <sentence id="DDI-DrugBank.d277.s27" text="Interaction of GABITRIL with Highly Protein Bound Drugs: In vitro data showed that tiagabine is 96% bound to human plasma protein and therefore has the potential to interact with other highly protein bound compounds.">
        <entity id="DDI-DrugBank.d277.s27.e0" charOffset="15-22"
            type="brand" text="GABITRIL"/>
        <entity id="DDI-DrugBank.d277.s27.e1" charOffset="83-91"
            type="drug" text="tiagabine"/>
    </sentence>
    <sentence id="DDI-DrugBank.d277.s28" text="Such an interaction can potentially lead to higher free fractions of either tiagabine or the competing drug.">
        <entity id="DDI-DrugBank.d277.s28.e0" charOffset="76-84"
            type="drug" text="tiagabine"/>
    </sentence>
</document>
