<?xml version="1.0" encoding="UTF-8"?>
<document id="DDI-MedLine.d48">
    <sentence id="DDI-MedLine.d48.s0" text="Modification of surface histidine residues abolishes the cytotoxic activity of Clostridium difficile toxin A.&#xd;&#xa;">
        <entity id="DDI-MedLine.d48.s0.e0" charOffset="79-107"
            type="drug_n" text="Clostridium difficile toxin A"/>
    </sentence>
    <sentence id="DDI-MedLine.d48.s1" text="Clostridium difficile toxin A displays both cytotoxic and enterotoxic activities. ">
        <entity id="DDI-MedLine.d48.s1.e0" charOffset="0-28"
            type="drug_n" text="Clostridium difficile toxin A"/>
    </sentence>
    <sentence id="DDI-MedLine.d48.s2" text="It has recently been demonstrated that toxin A exerts its cytotoxic effect by the glucosylation of the small GTP-binding proteins of the Rho family. ">
        <entity id="DDI-MedLine.d48.s2.e0" charOffset="39-45"
            type="drug_n" text="toxin A"/>
    </sentence>
    <sentence id="DDI-MedLine.d48.s3" text="Diethyl pyrocarbonate, at pH 7.0, was used to chemically modify exposed histidine residues on toxin A. ">
        <entity id="DDI-MedLine.d48.s3.e0" charOffset="0-20"
            type="drug_n" text="Diethyl pyrocarbonate"/>
        <entity id="DDI-MedLine.d48.s3.e1" charOffset="94-100"
            type="drug_n" text="toxin A"/>
    </sentence>
    <sentence id="DDI-MedLine.d48.s4" text="Modification of toxin A with diethyl pyrocarbonate abolished both its cytotoxic activity and the ability of the toxin to bind Zn-Sepharose gel. ">
        <entity id="DDI-MedLine.d48.s4.e0" charOffset="16-22"
            type="drug_n" text="toxin A"/>
        <entity id="DDI-MedLine.d48.s4.e1" charOffset="29-49"
            type="drug_n" text="diethyl pyrocarbonate"/>
    </sentence>
    <sentence id="DDI-MedLine.d48.s5" text="Treatment of toxin A with [(14)C]-diethyl pyrocarbonate revealed concentration dependent labelling of histidine residues on the toxin molecules. ">
        <entity id="DDI-MedLine.d48.s5.e0" charOffset="13-19"
            type="drug_n" text="toxin A"/>
        <entity id="DDI-MedLine.d48.s5.e1" charOffset="34-54"
            type="drug_n" text="diethyl pyrocarbonate"/>
    </sentence>
    <sentence id="DDI-MedLine.d48.s6" text="The effects of diethyl pyrocarbonate could be reversed by hydroxylamine treatment. ">
        <entity id="DDI-MedLine.d48.s6.e0" charOffset="15-35"
            type="drug_n" text="diethyl pyrocarbonate"/>
        <entity id="DDI-MedLine.d48.s6.e1" charOffset="58-70"
            type="drug_n" text="hydroxylamine"/>
    </sentence>
    <sentence id="DDI-MedLine.d48.s7" text="These data suggest the modified histidine residues on toxin A are critical to its cytotoxic activity. ">
        <entity id="DDI-MedLine.d48.s7.e0" charOffset="54-60"
            type="drug_n" text="toxin A"/>
    </sentence>
    <sentence id="DDI-MedLine.d48.s8" text="Histidine modification had no effect on the glucosyl transferase enzyme activity of toxin A. ">
        <entity id="DDI-MedLine.d48.s8.e0" charOffset="84-90"
            type="drug_n" text="toxin A"/>
    </sentence>
    <sentence id="DDI-MedLine.d48.s9" text="However, modification abolished the 'cold' binding of toxin to bovine thyroglobulin in an ELISA and reduced ligand binding activity in a rabbit erythrocyte haemagglutination assay. "/>
    <sentence id="DDI-MedLine.d48.s10" text="The data suggest that the histidine residues may be crucial to the receptor-binding activity of toxin A. ">
        <entity id="DDI-MedLine.d48.s10.e0" charOffset="96-102"
            type="drug_n" text="toxin A"/>
    </sentence>
    <sentence id="DDI-MedLine.d48.s11" text="Exposed histidines on toxin A are available for zinc chelation, and these have been exploited in the development of a novel purification protocol for toxin A using zinc-chelating chromatography.">
        <entity id="DDI-MedLine.d48.s11.e0" charOffset="22-28"
            type="drug_n" text="toxin A"/>
        <entity id="DDI-MedLine.d48.s11.e1" charOffset="48-51"
            type="drug" text="zinc"/>
        <entity id="DDI-MedLine.d48.s11.e2" charOffset="150-156"
            type="drug_n" text="toxin A"/>
        <entity id="DDI-MedLine.d48.s11.e3" charOffset="164-167"
            type="drug" text="zinc"/>
    </sentence>
</document>
