<?xml version="1.0" encoding="UTF-8"?>
<document id="DDI-MedLine.d98">
    <sentence id="DDI-MedLine.d98.s0" text="Behavioral responses to repeated cocaine exposure in mice selectively bred for differential sensitivity to pentobarbital.&#xd;&#xa;">
        <entity id="DDI-MedLine.d98.s0.e0" charOffset="33-39"
            type="drug" text="cocaine"/>
        <entity id="DDI-MedLine.d98.s0.e1" charOffset="107-119"
            type="drug" text="pentobarbital"/>
    </sentence>
    <sentence id="DDI-MedLine.d98.s1" text="Mice from the 20th generation of three lines divergently selected for response to pentobarbital-induced sedation times [long-sedation time (LST), short sedation time (SST), and randomly bred control (RBC)] were used to study cocaine-induced behavioral sensitization. ">
        <entity id="DDI-MedLine.d98.s1.e0" charOffset="82-94"
            type="drug" text="pentobarbital"/>
        <entity id="DDI-MedLine.d98.s1.e1" charOffset="225-231"
            type="drug" text="cocaine"/>
    </sentence>
    <sentence id="DDI-MedLine.d98.s2" text="These lines showed variable degrees of locomotor activities in response to cocaine. ">
        <entity id="DDI-MedLine.d98.s2.e0" charOffset="75-81"
            type="drug" text="cocaine"/>
    </sentence>
    <sentence id="DDI-MedLine.d98.s3" text="At a low cocaine dose and long withdrawal period (10 mg/kg, twice a day for 5 days followed by a 14-day withdrawal), the LST mice showed tolerance development. ">
        <entity id="DDI-MedLine.d98.s3.e0" charOffset="9-15" type="drug" text="cocaine"/>
    </sentence>
    <sentence id="DDI-MedLine.d98.s4" text="In response to cocaine, the locomotor activities of the SST were not significantly different from the RBC group. ">
        <entity id="DDI-MedLine.d98.s4.e0" charOffset="15-21"
            type="drug" text="cocaine"/>
    </sentence>
    <sentence id="DDI-MedLine.d98.s5" text="At a higher dose and a shorter withdrawal period (20 mg/kg, daily for 7 days followed by a 3-day withdrawal), the SST mice showed behavioral sensitization similar to the RBC mice, but the LST mice did not develop sensitization. "/>
    <sentence id="DDI-MedLine.d98.s6" text="The different responses in locomotor activity induced by cocaine suggest that genetic factors may play a role in determining the magnitude of response to this drug. ">
        <entity id="DDI-MedLine.d98.s6.e0" charOffset="57-63"
            type="drug" text="cocaine"/>
    </sentence>
    <sentence id="DDI-MedLine.d98.s7" text="Dopamine (DA) levels did not differ significantly in either striatum (STR) or nucleus accumbens (NAC) for the cocaine-treated animals to their corresponding saline-treated controls. ">
        <entity id="DDI-MedLine.d98.s7.e0" charOffset="110-116"
            type="drug" text="cocaine"/>
    </sentence>
    <sentence id="DDI-MedLine.d98.s8" text="The affinity (Kd) of D2 in the NAC decreased significantly, without changes in density (Bmax), in the cocaine-treated SST and RBC mice. ">
        <entity id="DDI-MedLine.d98.s8.e0" charOffset="102-108"
            type="drug" text="cocaine"/>
    </sentence>
    <sentence id="DDI-MedLine.d98.s9" text="On the other hand, the density of D2 binding sites in the SST and the RBC mice in the STR was significantly increased in cocaine-treated groups without change in Kd. ">
        <entity id="DDI-MedLine.d98.s9.e0" charOffset="121-127"
            type="drug" text="cocaine"/>
    </sentence>
    <sentence id="DDI-MedLine.d98.s10" text="The LST mice did not show any changes in the Kd and Bmax in either the STR or the NAC. "/>
    <sentence id="DDI-MedLine.d98.s11" text="Taken together, these findings suggest that the changes in the Kd of D2 in the NAC and the Bmax of D2 in the STR may contribute to the differences in locomotor responses to cocaine exposure in these mouse lines.">
        <entity id="DDI-MedLine.d98.s11.e0" charOffset="173-179"
            type="drug" text="cocaine"/>
    </sentence>
</document>
