<?xml version="1.0" encoding="UTF-8"?>
<document id="DDI-MedLine.d75">
    <sentence id="DDI-MedLine.d75.s0" text="Interference of biocytin with opioid-evoked hyperpolarization and membrane properties of rat spinal substantia gelatinosa neurons.">
        <entity id="DDI-MedLine.d75.s0.e0" charOffset="30-35"
            type="group" text="opioid"/>
    </sentence>
    <sentence id="DDI-MedLine.d75.s1" text="In our laboratory, preliminary whole-cell, tight seal recordings of rat spinal substantia gelatinosa neurons including biocytin in the patch pipette yielded a significantly smaller proportion of neurons hyperpolarized by selective opioid agonists compared with recordings without biocytin. ">
        <entity id="DDI-MedLine.d75.s1.e0" charOffset="221-245"
            type="group" text="selective opioid agonists"/>
    </sentence>
    <sentence id="DDI-MedLine.d75.s2" text="Therefore, we investigated the effects of biocytin inclusion on opioid responses and other membrane properties during whole-cell, tight seal recordings of these neurons. ">
        <entity id="DDI-MedLine.d75.s2.e0" charOffset="64-69"
            type="group" text="opioid"/>
    </sentence>
    <sentence id="DDI-MedLine.d75.s3" text="The percentage of neurons hyperpolarized by mu-, delta(1)-, and kappa-selective opioids was significantly reduced when 1% but not &lt; ">
        <entity id="DDI-MedLine.d75.s3.e0" charOffset="44-46;70-86"
            type="group" text="mu-selective opioids"/>
        <entity id="DDI-MedLine.d75.s3.e1" charOffset="49-57;70-86"
            type="group" text="delta(1)-selective opioids"/>
        <entity id="DDI-MedLine.d75.s3.e2" charOffset="64-86"
            type="group" text="kappa-selective opioids"/>
    </sentence>
    <sentence id="DDI-MedLine.d75.s4" text="or =0.2% biocytin was included in the recording pipette, compared with neurons recorded without biocytin. "/>
    <sentence id="DDI-MedLine.d75.s5" text="However, a significantly higher proportion of neurons fired spontaneous action potentials with either 0.05-0.2 or 1% biocytin compared to no biocytin. "/>
    <sentence id="DDI-MedLine.d75.s6" text="Resting membrane potential, input impedance and the proportion of neurons displaying transient outward rectification were each significantly altered for neurons recorded with 1% but not 0.05-0.2% biocytin. "/>
    <sentence id="DDI-MedLine.d75.s7" text="These effects may be due to a relatively specific blockade of diverse potassium channel types. "/>
    <sentence id="DDI-MedLine.d75.s8" text="Because efficient labeling can be achieved with 0.1% biocytin with whole-cell recording, higher concentrations are contraindicated."/>
</document>
