<?xml version="1.0" encoding="UTF-8"?>
<document id="DDI-MedLine.d112">
    <sentence id="DDI-MedLine.d112.s0" text="Effect of dofetillide on the pharmacokinetics of digoxin.&#xd;&#xa;">
        <entity id="DDI-MedLine.d112.s0.e0" charOffset="10-20"
            type="drug" text="dofetillide"/>
        <entity id="DDI-MedLine.d112.s0.e1" charOffset="49-55"
            type="drug" text="digoxin"/>
    </sentence>
    <sentence id="DDI-MedLine.d112.s1" text="The effect of dofetilide on the steady-state pharmacokinetics of digoxin was evaluated in a randomized, double-blind study. ">
        <entity id="DDI-MedLine.d112.s1.e0" charOffset="14-23"
            type="drug" text="dofetilide"/>
        <entity id="DDI-MedLine.d112.s1.e1" charOffset="65-71"
            type="drug" text="digoxin"/>
    </sentence>
    <sentence id="DDI-MedLine.d112.s2" text="Five days of dofetilide treatment did not significantly affect steady-state pharmacokinetic variables of digoxin compared with placebo; ">
        <entity id="DDI-MedLine.d112.s2.e0" charOffset="13-22"
            type="drug" text="dofetilide"/>
        <entity id="DDI-MedLine.d112.s2.e1" charOffset="105-111"
            type="drug" text="digoxin"/>
    </sentence>
    <sentence id="DDI-MedLine.d112.s3" text="therefore, the use of dofetilide does not necessitate an adjustment in digoxin dose to maintain therapeutic digoxin levels.">
        <entity id="DDI-MedLine.d112.s3.e0" charOffset="22-31"
            type="drug" text="dofetilide"/>
        <entity id="DDI-MedLine.d112.s3.e1" charOffset="71-77"
            type="drug" text="digoxin"/>
    </sentence>
</document>
