<?xml version="1.0" encoding="UTF-8"?>
<document id="DDI-MedLine.d76">
    <sentence id="DDI-MedLine.d76.s0" text="Thiolated carboxymethylcellulose: in vitro evaluation of its permeation enhancing effect on peptide drugs.&#xd;&#xa;">
        <entity id="DDI-MedLine.d76.s0.e0" charOffset="0-31"
            type="drug_n" text="Thiolated carboxymethylcellulose"/>
    </sentence>
    <sentence id="DDI-MedLine.d76.s1" text="The purpose of this study was to evaluate the effect of sodium carboxymethylcellulose (NaCMC) and carboxymethylcellulose-cysteine (CMC-Cys) conjugates on the intestinal permeation of sodium fluorescein (NaFlu) and model peptide drugs, bacitracin and insulin. ">
        <entity id="DDI-MedLine.d76.s1.e0" charOffset="56-84"
            type="drug_n" text="sodium carboxymethylcellulose"/>
        <entity id="DDI-MedLine.d76.s1.e1" charOffset="87-91"
            type="drug_n" text="NaCMC"/>
        <entity id="DDI-MedLine.d76.s1.e2" charOffset="98-128"
            type="drug_n" text="carboxymethylcellulose-cysteine"/>
        <entity id="DDI-MedLine.d76.s1.e3" charOffset="131-137"
            type="drug_n" text="CMC-Cys"/>
        <entity id="DDI-MedLine.d76.s1.e4" charOffset="183-200"
            type="drug" text="sodium fluorescein"/>
        <entity id="DDI-MedLine.d76.s1.e5" charOffset="203-207"
            type="drug" text="NaFlu"/>
        <entity id="DDI-MedLine.d76.s1.e6" charOffset="235-244"
            type="drug" text="bacitracin"/>
        <entity id="DDI-MedLine.d76.s1.e7" charOffset="250-256"
            type="drug" text="insulin"/>
    </sentence>
    <sentence id="DDI-MedLine.d76.s2" text="Cysteine was covalently linked to carbodiimide activated NaCMC. ">
        <entity id="DDI-MedLine.d76.s2.e0" charOffset="0-7" type="drug" text="Cysteine"/>
        <entity id="DDI-MedLine.d76.s2.e1" charOffset="57-61"
            type="drug_n" text="NaCMC"/>
    </sentence>
    <sentence id="DDI-MedLine.d76.s3" text="Iodometric titration of the polymer conjugates was used to determine the extent of immobilised cysteine. ">
        <entity id="DDI-MedLine.d76.s3.e0" charOffset="95-102"
            type="drug" text="cysteine"/>
    </sentence>
    <sentence id="DDI-MedLine.d76.s4" text="Permeation studies were performed on guinea pig small intestinal mucosa mounted in Ussing-type chamber. "/>
    <sentence id="DDI-MedLine.d76.s5" text="Unmodified NaCMC (1% m/v) significantly improved the transport ratio (R= P(app) polymer/ P(app) control) of NaFlu to 1.3 and 1% (m/v) NaCMC conjugated with cysteine further enhanced the permeation. ">
        <entity id="DDI-MedLine.d76.s5.e0" charOffset="11-15"
            type="drug_n" text="NaCMC"/>
        <entity id="DDI-MedLine.d76.s5.e1" charOffset="108-112"
            type="drug" text="NaFlu"/>
        <entity id="DDI-MedLine.d76.s5.e2" charOffset="134-138"
            type="drug_n" text="NaCMC"/>
        <entity id="DDI-MedLine.d76.s5.e3" charOffset="156-163"
            type="drug" text="cysteine"/>
    </sentence>
    <sentence id="DDI-MedLine.d76.s6" text="Cysteine conjugation at 3.6, 5.3 and 7.3% (m/m) resulted in R-values of 1.4, 1.7 and 1.8, respectively. ">
        <entity id="DDI-MedLine.d76.s6.e0" charOffset="0-7" type="drug" text="Cysteine"/>
    </sentence>
    <sentence id="DDI-MedLine.d76.s7" text="Decreasing the concentration of CMC-Cys, exhibiting 7.3% (m/m) of immobilised cysteine (CMC-Cys7.3) from 1% (m/v) to 0.5% (m/v) decreased the R-value of NaFlu from 1.8 to 1.2. ">
        <entity id="DDI-MedLine.d76.s7.e0" charOffset="32-38"
            type="drug_n" text="CMC-Cys"/>
        <entity id="DDI-MedLine.d76.s7.e1" charOffset="78-85"
            type="drug" text="cysteine"/>
        <entity id="DDI-MedLine.d76.s7.e2" charOffset="153-157"
            type="drug" text="NaFlu"/>
    </sentence>
    <sentence id="DDI-MedLine.d76.s8" text="NaCMC at 1% (m/v) in the presence of free cysteine had no significant effect on the R-value of NaFlu compared to NaCMC alone. ">
        <entity id="DDI-MedLine.d76.s8.e0" charOffset="0-4"
            type="drug_n" text="NaCMC"/>
        <entity id="DDI-MedLine.d76.s8.e1" charOffset="42-49"
            type="drug" text="cysteine"/>
        <entity id="DDI-MedLine.d76.s8.e2" charOffset="95-99"
            type="drug" text="NaFlu"/>
        <entity id="DDI-MedLine.d76.s8.e3" charOffset="113-117"
            type="drug_n" text="NaCMC"/>
    </sentence>
    <sentence id="DDI-MedLine.d76.s9" text="Formulation of fluorescence labelled bacitracin and insulin in unconjugated NaCMC (1% m/v) did not significantly improve the permeation, however in the presence of 1% (m/v) CMC-Cys7.3 a significantly improved permeation was observed (R= 1.3). ">
        <entity id="DDI-MedLine.d76.s9.e0" charOffset="37-46"
            type="drug" text="bacitracin"/>
        <entity id="DDI-MedLine.d76.s9.e1" charOffset="52-58"
            type="drug" text="insulin"/>
        <entity id="DDI-MedLine.d76.s9.e2" charOffset="76-80"
            type="drug_n" text="NaCMC"/>
        <entity id="DDI-MedLine.d76.s9.e3" charOffset="173-179"
            type="drug_n" text="CMC-Cys"/>
    </sentence>
    <sentence id="DDI-MedLine.d76.s10" text="Conjugation at NaCMC with cysteine moieties significantly improves the intestinal permeation of the hydrophilic molecule NaFlu and the model peptide drugs bacitracin and insulin in vitro, therefore this conjugated system maybe useful for peroral administration of peptide drugs in the future.">
        <entity id="DDI-MedLine.d76.s10.e0" charOffset="15-19"
            type="drug_n" text="NaCMC"/>
        <entity id="DDI-MedLine.d76.s10.e1" charOffset="26-33"
            type="drug" text="cysteine"/>
        <entity id="DDI-MedLine.d76.s10.e2" charOffset="121-125"
            type="drug" text="NaFlu"/>
        <entity id="DDI-MedLine.d76.s10.e3" charOffset="155-164"
            type="drug" text="bacitracin"/>
        <entity id="DDI-MedLine.d76.s10.e4" charOffset="170-176"
            type="drug" text="insulin"/>
    </sentence>
</document>
