<?xml version="1.0" encoding="UTF-8"?>
<document id="DDI-MedLine.d19">
    <sentence id="DDI-MedLine.d19.s0" text="Anaesthesia and the epileptic pateint. "/>
    <sentence id="DDI-MedLine.d19.s1" text="A review.&#xa;"/>
    <sentence id="DDI-MedLine.d19.s2" text="A review is presented of some of the problems that may arise in association with anaesthesia for epileptic patients. "/>
    <sentence id="DDI-MedLine.d19.s3" text="There is the possibility of precipitating anticonvulsant drug toxicity. "/>
    <sentence id="DDI-MedLine.d19.s4" text="Numerous drug interactions are possible with some anticonvulsant agents, such as phenobarbitone and phenytoin, which affect hepatic microsomal enzyme systems. ">
        <entity id="DDI-MedLine.d19.s4.e0" charOffset="50-70"
            type="group" text="anticonvulsant agents"/>
        <entity id="DDI-MedLine.d19.s4.e1" charOffset="81-94"
            type="drug" text="phenobarbitone"/>
        <entity id="DDI-MedLine.d19.s4.e2" charOffset="100-108"
            type="drug" text="phenytoin"/>
    </sentence>
    <sentence id="DDI-MedLine.d19.s5" text="There is the risk of convulsions occurring in susceptible patients following the use of the new anaesthetic agents which are capable of inducing CNS excitability.">
        <entity id="DDI-MedLine.d19.s5.e0" charOffset="96-113"
            type="group" text="anaesthetic agents"/>
    </sentence>
</document>
