<?xml version="1.0" encoding="UTF-8"?>
<document id="DDI-MedLine.d129">
    <sentence id="DDI-MedLine.d129.s0" text="Green tea polyphenols as potent enhancers of glucocorticoid-induced mouse mammary tumor virus gene expression.&#xa;">
        <entity id="DDI-MedLine.d129.s0.e0" charOffset="0-20"
            type="drug" text="Green tea polyphenols"/>
        <entity id="DDI-MedLine.d129.s0.e1" charOffset="32-40"
            type="drug" text="enhancers"/>
    </sentence>
    <sentence id="DDI-MedLine.d129.s1" text="The effect of natural and synthetic galloyl esters on glucocorticoid-induced gene expression was evaluated by using rat fibroblast 3Y1 cells stably transfected with a luciferase reporter gene under the transcriptional regulation of the mouse mammary tumor virus promoter. ">
        <entity id="DDI-MedLine.d129.s1.e0" charOffset="262-269"
            type="drug" text="promoter"/>
    </sentence>
    <sentence id="DDI-MedLine.d129.s2" text="The glucocorticoid-induced gene transcription was strongly suppressed by synthetic alkyl esters; "/>
    <sentence id="DDI-MedLine.d129.s3" text="n-dodecyl gallate showed the most potent inhibition (66% inhibition at 10 microM), which was far more potent than that of crude tannic acid. ">
        <entity id="DDI-MedLine.d129.s3.e0" charOffset="0-16"
            type="drug" text="n-dodecyl gallate"/>
        <entity id="DDI-MedLine.d129.s3.e1" charOffset="128-138"
            type="drug" text="tannic acid"/>
    </sentence>
    <sentence id="DDI-MedLine.d129.s4" text="n-Octyl and n-cetyl gallate also showed good inhibition, while gallic acid itself was not so active, suggesting that the presence of hydrophobic side chain is important for the suppressive effect. "/>
    <sentence id="DDI-MedLine.d129.s5" text="On the other hand, surprisingly, green tea gallocatechins, (-)-epigallocatechin-3-O-gallate and theasinensin A, potently enhanced the promoter activity (182 and 247% activity at 1 microM, respectively). ">
        <entity id="DDI-MedLine.d129.s5.e0" charOffset="33-56"
            type="drug" text="green tea gallocatechins"/>
    </sentence>
    <sentence id="DDI-MedLine.d129.s6" text="The regulation of the level of the glucocorticoid-induced gene expression by the antioxidative gallates is of great interest from a therapeutic point of view."/>
</document>
