<?xml version="1.0" encoding="UTF-8"?>
<document id="DDI-MedLine.d123">
    <sentence id="DDI-MedLine.d123.s0" text="Vancomycin resistance reversal in enterococci by flavonoids.&#xa;"/>
    <sentence id="DDI-MedLine.d123.s1" text="The development of clinical vancomycin-resistant strains of enterococci (VRE) is a major cause for concern. "/>
    <sentence id="DDI-MedLine.d123.s2" text="Here we show that a combination of galangin or 3,7-dihydroxyflavone with vancomycin may be used to sensitize resistant strains of Enterococcus faecalis and Enterococcus faecium to the level of vancomycin-sensitive strains. ">
        <entity id="DDI-MedLine.d123.s2.e0" charOffset="35-42"
            type="drug" text="galangin"/>
        <entity id="DDI-MedLine.d123.s2.e1" charOffset="73-82"
            type="drug" text="vancomycin"/>
    </sentence>
    <sentence id="DDI-MedLine.d123.s3" text="Minimum inhibitory concentrations (MICs) and viable counts were determined in Iso-sensitest broth using a microtitre method. "/>
    <sentence id="DDI-MedLine.d123.s4" text="MICs of vancomycin against 67% of resistant clinical isolates and a type strain of enterococci were lowered from > 250 microg mL(-1) to 1">
        <entity id="DDI-MedLine.d123.s4.e0" charOffset="8-17"
            type="drug" text="vancomycin"/>
    </sentence>
    <sentence id="DDI-MedLine.d123.s5" text="4 microg mL(-1) in the presence of galangin (12.5 microg mL(-1)) or 3,7-dihydroxyflavone (6.25 microg mL(-1)). ">
        <entity id="DDI-MedLine.d123.s5.e0" charOffset="35-42"
            type="drug" text="galangin"/>
    </sentence>
    <sentence id="DDI-MedLine.d123.s6" text="Viable counts for type culture E. "/>
    <sentence id="DDI-MedLine.d123.s7" text="faecalis ATCC 51299 showed the flavonoids alone significantly lowered numbers of colony forming units (CFUs). "/>
    <sentence id="DDI-MedLine.d123.s8" text="CFUs were maintained at low levels (10(3) CFU mL(-1)) for 24 h by vancomycin/flavone combinations. ">
        <entity id="DDI-MedLine.d123.s8.e0" charOffset="66-75"
            type="drug" text="vancomycin"/>
    </sentence>
    <sentence id="DDI-MedLine.d123.s9" text="This combinational action in reversing vancomycin resistance of enterococci highlights novel drug targets and has importance in the design of new therapeutic regimes against resistant pathogens."/>
</document>
