<?xml version="1.0" encoding="UTF-8"?>
<document id="DDI-MedLine.d67">
    <sentence id="DDI-MedLine.d67.s0" text="Effect of diazepam and midazolam on the antinociceptive effect of morphine, metamizol and indomethacin in mice.">
        <entity id="DDI-MedLine.d67.s0.e0" charOffset="10-17"
            type="drug" text="diazepam"/>
        <entity id="DDI-MedLine.d67.s0.e1" charOffset="23-31"
            type="drug" text="midazolam"/>
        <entity id="DDI-MedLine.d67.s0.e2" charOffset="66-73"
            type="drug" text="morphine"/>
        <entity id="DDI-MedLine.d67.s0.e3" charOffset="76-84"
            type="drug" text="metamizol"/>
        <entity id="DDI-MedLine.d67.s0.e4" charOffset="90-101"
            type="drug" text="indomethacin"/>
    </sentence>
    <sentence id="DDI-MedLine.d67.s1" text="The influence of midazolam and diazepam on antinociceptive effect of morphine (10 mg/kg), metamizol (500 mg/kg) and indomethacin (10 mg/kg) was investigated in a mouse model using the tail-flick and hot-plate tests. ">
        <entity id="DDI-MedLine.d67.s1.e0" charOffset="17-25"
            type="drug" text="midazolam"/>
        <entity id="DDI-MedLine.d67.s1.e1" charOffset="31-38"
            type="drug" text="diazepam"/>
        <entity id="DDI-MedLine.d67.s1.e2" charOffset="69-76"
            type="drug" text="morphine"/>
        <entity id="DDI-MedLine.d67.s1.e3" charOffset="90-98"
            type="drug" text="metamizol"/>
        <entity id="DDI-MedLine.d67.s1.e4" charOffset="116-127"
            type="drug" text="indomethacin"/>
    </sentence>
    <sentence id="DDI-MedLine.d67.s2" text="All drugs were injected intraperitoneally. "/>
    <sentence id="DDI-MedLine.d67.s3" text="Benzodiazepines were administered to mice 30 min before applying the analgesic drugs. ">
        <entity id="DDI-MedLine.d67.s3.e0" charOffset="0-14"
            type="group" text="Benzodiazepines"/>
        <entity id="DDI-MedLine.d67.s3.e1" charOffset="69-83"
            type="group" text="analgesic drugs"/>
    </sentence>
    <sentence id="DDI-MedLine.d67.s4" text="Measurement of nociception was performed within 2 h after benzodiazepine administration. ">
        <entity id="DDI-MedLine.d67.s4.e0" charOffset="58-71"
            type="group" text="benzodiazepine"/>
    </sentence>
    <sentence id="DDI-MedLine.d67.s5" text="Diazepam at doses of 0.25 mg/kg and 2.5 mg/kg injected with morphine was found to decrease the antinociceptive effect of morphine. ">
        <entity id="DDI-MedLine.d67.s5.e0" charOffset="0-7" type="drug" text="Diazepam"/>
        <entity id="DDI-MedLine.d67.s5.e1" charOffset="60-67"
            type="drug" text="morphine"/>
        <entity id="DDI-MedLine.d67.s5.e2" charOffset="121-128"
            type="drug" text="morphine"/>
        <ddi id="DDI-MedLine.d67.s5.d0" e1="DDI-MedLine.d67.s5.e0"
            e2="DDI-MedLine.d67.s5.e1" type="effect"/>
    </sentence>
    <sentence id="DDI-MedLine.d67.s6" text="Similarly, diazepam decreased the antinociceptive effect of metamizol (only in the tail-flick test) and indomethacin. ">
        <entity id="DDI-MedLine.d67.s6.e0" charOffset="11-18"
            type="drug" text="diazepam"/>
        <entity id="DDI-MedLine.d67.s6.e1" charOffset="60-68"
            type="drug" text="metamizol"/>
        <entity id="DDI-MedLine.d67.s6.e2" charOffset="104-115"
            type="drug" text="indomethacin"/>
        <ddi id="DDI-MedLine.d67.s6.d0" e1="DDI-MedLine.d67.s6.e0"
            e2="DDI-MedLine.d67.s6.e1" type="effect"/>
        <ddi id="DDI-MedLine.d67.s6.d1" e1="DDI-MedLine.d67.s6.e0"
            e2="DDI-MedLine.d67.s6.e2" type="effect"/>
    </sentence>
    <sentence id="DDI-MedLine.d67.s7" text="Midazolam used at doses of 1.25 mg/kg and 2.5 mg/kg decreased the antinociceptive effect of morphine, metamizol (only in the tail-flick test) and indomethacin.">
        <entity id="DDI-MedLine.d67.s7.e0" charOffset="0-8" type="drug" text="Midazolam"/>
        <entity id="DDI-MedLine.d67.s7.e1" charOffset="92-99"
            type="drug" text="morphine"/>
        <entity id="DDI-MedLine.d67.s7.e2" charOffset="102-110"
            type="drug" text="metamizol"/>
        <entity id="DDI-MedLine.d67.s7.e3" charOffset="146-157"
            type="drug" text="indomethacin"/>
        <ddi id="DDI-MedLine.d67.s7.d0" e1="DDI-MedLine.d67.s7.e0"
            e2="DDI-MedLine.d67.s7.e1" type="effect"/>
        <ddi id="DDI-MedLine.d67.s7.d1" e1="DDI-MedLine.d67.s7.e0"
            e2="DDI-MedLine.d67.s7.e2" type="effect"/>
        <ddi id="DDI-MedLine.d67.s7.d2" e1="DDI-MedLine.d67.s7.e0"
            e2="DDI-MedLine.d67.s7.e3" type="effect"/>
    </sentence>
</document>
