<?xml version="1.0" encoding="UTF-8"?>
<document id="DDI-MedLine.d132">
    <sentence id="DDI-MedLine.d132.s0" text="The emerging roles of non-nucleoside reverse transcriptase inhibitors in antiretroviral therapy.">
        <entity id="DDI-MedLine.d132.s0.e0" charOffset="22-68"
            type="group" text="non-nucleoside reverse transcriptase inhibitors"/>
        <entity id="DDI-MedLine.d132.s0.e1" charOffset="73-86"
            type="group" text="antiretroviral"/>
    </sentence>
    <sentence id="DDI-MedLine.d132.s1" text="The availability of potent non-nucleoside reverse transcriptase inhibitor (NNRTI)-based regimens for antiretroviral therapy and concerns regarding protease inhibitor (PI)-related metabolic disturbances have led to significant shifts in treatment practices in HIV infection. ">
        <entity id="DDI-MedLine.d132.s1.e0" charOffset="27-72"
            type="group" text="non-nucleoside reverse transcriptase inhibitor"/>
        <entity id="DDI-MedLine.d132.s1.e1" charOffset="75-79"
            type="group" text="NNRTI"/>
        <entity id="DDI-MedLine.d132.s1.e2" charOffset="101-114"
            type="group" text="antiretroviral"/>
        <entity id="DDI-MedLine.d132.s1.e3" charOffset="147-164"
            type="group" text="protease inhibitor"/>
        <entity id="DDI-MedLine.d132.s1.e4" charOffset="167-168"
            type="group" text="PI"/>
    </sentence>
    <sentence id="DDI-MedLine.d132.s2" text="NNRTI-based regimens may have several advantages over PI-based therapy for initial or prolonged therapy, including more convenient administration regimens, lower tablet volume, fewer drug interactions, and central nervous system penetration. ">
        <entity id="DDI-MedLine.d132.s2.e0" charOffset="0-4"
            type="group" text="NNRTI"/>
        <entity id="DDI-MedLine.d132.s2.e1" charOffset="54-55"
            type="group" text="PI"/>
    </sentence>
    <sentence id="DDI-MedLine.d132.s3" text="No data from prospective clinical trials currently exist comparing the 3 approved agents (efavirenz, nevirapine or delavirdine). ">
        <entity id="DDI-MedLine.d132.s3.e0" charOffset="90-98"
            type="drug" text="efavirenz"/>
        <entity id="DDI-MedLine.d132.s3.e1" charOffset="101-110"
            type="drug" text="nevirapine"/>
        <entity id="DDI-MedLine.d132.s3.e2" charOffset="115-125"
            type="drug" text="delavirdine"/>
    </sentence>
    <sentence id="DDI-MedLine.d132.s4" text="Both efavirenz and nevirapine have been compared to triple therapy with the PI indinavir over 48 weeks as initial therapy, with similar responses being observed with nevirapine regimens and superiority observed with efavirenz. ">
        <entity id="DDI-MedLine.d132.s4.e0" charOffset="5-13"
            type="drug" text="efavirenz"/>
        <entity id="DDI-MedLine.d132.s4.e1" charOffset="19-28"
            type="drug" text="nevirapine"/>
        <entity id="DDI-MedLine.d132.s4.e2" charOffset="76-77"
            type="group" text="PI"/>
        <entity id="DDI-MedLine.d132.s4.e3" charOffset="79-87"
            type="drug" text="indinavir"/>
        <entity id="DDI-MedLine.d132.s4.e4" charOffset="166-175"
            type="drug" text="nevirapine"/>
        <entity id="DDI-MedLine.d132.s4.e5" charOffset="216-224"
            type="drug" text="efavirenz"/>
    </sentence>
    <sentence id="DDI-MedLine.d132.s5" text="A smaller 24-week study has suggested nevirapine may be superior to the PI nelfinavir. ">
        <entity id="DDI-MedLine.d132.s5.e0" charOffset="38-47"
            type="drug" text="nevirapine"/>
        <entity id="DDI-MedLine.d132.s5.e1" charOffset="72-73"
            type="group" text="PI"/>
        <entity id="DDI-MedLine.d132.s5.e2" charOffset="75-84"
            type="drug" text="nelfinavir"/>
    </sentence>
    <sentence id="DDI-MedLine.d132.s6" text="Limited comparative data in patients with high viral loads treated with nevirapine- or delavirdine-based regimens currently exist. ">
        <entity id="DDI-MedLine.d132.s6.e0" charOffset="72-81"
            type="drug" text="nevirapine"/>
        <entity id="DDI-MedLine.d132.s6.e1" charOffset="87-97"
            type="drug" text="delavirdine"/>
    </sentence>
    <sentence id="DDI-MedLine.d132.s7" text="However, cohort data and selected patient data from clinical trials suggest comparable activity to PI-based regimens in these patients. ">
        <entity id="DDI-MedLine.d132.s7.e0" charOffset="99-100"
            type="group" text="PI"/>
    </sentence>
    <sentence id="DDI-MedLine.d132.s8" text="The superiority of efavirenz over indinavir-based regimens has been observed in comparative data in a subset of patients with high viral loads. ">
        <entity id="DDI-MedLine.d132.s8.e0" charOffset="19-27"
            type="drug" text="efavirenz"/>
        <entity id="DDI-MedLine.d132.s8.e1" charOffset="34-42"
            type="drug" text="indinavir"/>
    </sentence>
    <sentence id="DDI-MedLine.d132.s9" text="In treatment-experienced patients, available uncontrolled data suggest these agents contribute to regimen efficacy in NNRTI-na  ve, treatment-experienced patients. ">
        <entity id="DDI-MedLine.d132.s9.e0" charOffset="118-122"
            type="group" text="NNRTI"/>
    </sentence>
    <sentence id="DDI-MedLine.d132.s10" text="Efavirenz has demonstrated superiority over nelfinavir in nucleoside-experienced patients, although combining these 2 agents may represent the best approach in these circumstances. ">
        <entity id="DDI-MedLine.d132.s10.e0" charOffset="0-8"
            type="drug" text="Efavirenz"/>
        <entity id="DDI-MedLine.d132.s10.e1" charOffset="44-53"
            type="drug" text="nelfinavir"/>
    </sentence>
    <sentence id="DDI-MedLine.d132.s11" text="The tolerability of NNRTIs appears generally good with few individuals discontinuing in clinical studies as a result of adverse drug events. ">
        <entity id="DDI-MedLine.d132.s11.e0" charOffset="20-25"
            type="group" text="NNRTIs"/>
    </sentence>
    <sentence id="DDI-MedLine.d132.s12" text="The majority of adverse events with NNRTIs occur within the first month, and are predictable and manageable without therapy interruption.">
        <entity id="DDI-MedLine.d132.s12.e0" charOffset="36-41"
            type="group" text="NNRTIs"/>
    </sentence>
</document>
