<?xml version="1.0" encoding="UTF-8"?>
<document id="DDI-MedLine.d105">
    <sentence id="DDI-MedLine.d105.s0" text="Lack of an effect of azithromycin on the disposition of zidovudine and dideoxyinosine in HIV-infected patients.">
        <entity id="DDI-MedLine.d105.s0.e0" charOffset="21-32"
            type="drug" text="azithromycin"/>
        <entity id="DDI-MedLine.d105.s0.e1" charOffset="56-65"
            type="drug" text="zidovudine"/>
        <entity id="DDI-MedLine.d105.s0.e2" charOffset="71-84"
            type="drug" text="dideoxyinosine"/>
    </sentence>
    <sentence id="DDI-MedLine.d105.s1" text="Two studies were conducted in HIV-infected subjects to assess the potential for azithromycin to interact with zidovudine and dideoxyinosine. ">
        <entity id="DDI-MedLine.d105.s1.e0" charOffset="80-91"
            type="drug" text="azithromycin"/>
        <entity id="DDI-MedLine.d105.s1.e1" charOffset="110-119"
            type="drug" text="zidovudine"/>
        <entity id="DDI-MedLine.d105.s1.e2" charOffset="125-138"
            type="drug" text="dideoxyinosine"/>
    </sentence>
    <sentence id="DDI-MedLine.d105.s2" text="Both studies used 12 subjects. "/>
    <sentence id="DDI-MedLine.d105.s3" text="The zidovudine study dosed subjects with 1200 mg/day of azithromycin (n = 7) (later changed to 600 mg/day [n = 5]) for Days 8 to 21 of a 21-day course of 100 mg, five times/day of zidovudine. ">
        <entity id="DDI-MedLine.d105.s3.e0" charOffset="4-13"
            type="drug" text="zidovudine"/>
        <entity id="DDI-MedLine.d105.s3.e1" charOffset="56-67"
            type="drug" text="azithromycin"/>
        <entity id="DDI-MedLine.d105.s3.e2" charOffset="180-189"
            type="drug" text="zidovudine"/>
    </sentence>
    <sentence id="DDI-MedLine.d105.s4" text="Subjects treated with 200 mg of dideoxyinosine twice daily for 21 days received 1200 mg of azithromycin or an equivalent amount of placebo/day for Days 8 to 21. ">
        <entity id="DDI-MedLine.d105.s4.e0" charOffset="32-45"
            type="drug" text="dideoxyinosine"/>
        <entity id="DDI-MedLine.d105.s4.e1" charOffset="91-102"
            type="drug" text="azithromycin"/>
    </sentence>
    <sentence id="DDI-MedLine.d105.s5" text="Antiretroviral plasma and urine sampling were conducted on Days 1, 7, and 21 for zidovudine and on Days 7 and 21 for dideoxyinosine. ">
        <entity id="DDI-MedLine.d105.s5.e0" charOffset="0-13"
            type="group" text="Antiretroviral"/>
        <entity id="DDI-MedLine.d105.s5.e1" charOffset="81-90"
            type="drug" text="zidovudine"/>
        <entity id="DDI-MedLine.d105.s5.e2" charOffset="117-130"
            type="drug" text="dideoxyinosine"/>
    </sentence>
    <sentence id="DDI-MedLine.d105.s6" text="Peripheral mononuclear cells were also collected for quantitation of phosphorylated zidovudine. ">
        <entity id="DDI-MedLine.d105.s6.e0" charOffset="84-93"
            type="drug" text="zidovudine"/>
    </sentence>
    <sentence id="DDI-MedLine.d105.s7" text="Azithromycin had no significant impact on the Cmax and AUC of zidovudine, although it significantly decreased the zidovudine tmax by 44% and increased the intracellular exposure to phosphorylated zidovudine by 110%. ">
        <entity id="DDI-MedLine.d105.s7.e0" charOffset="0-11"
            type="drug" text="Azithromycin"/>
        <entity id="DDI-MedLine.d105.s7.e1" charOffset="62-71"
            type="drug" text="zidovudine"/>
        <entity id="DDI-MedLine.d105.s7.e2" charOffset="114-123"
            type="drug" text="zidovudine"/>
        <entity id="DDI-MedLine.d105.s7.e3" charOffset="196-205"
            type="drug" text="zidovudine"/>
        <ddi id="DDI-MedLine.d105.s7.d0" e1="DDI-MedLine.d105.s7.e0"
            e2="DDI-MedLine.d105.s7.e2" type="mechanism"/>
        <ddi id="DDI-MedLine.d105.s7.d1" e1="DDI-MedLine.d105.s7.e0"
            e2="DDI-MedLine.d105.s7.e3" type="mechanism"/>
    </sentence>
    <sentence id="DDI-MedLine.d105.s8" text="Azithromycin had no significant effect on dideoxyinosine pharmacokinetics. ">
        <entity id="DDI-MedLine.d105.s8.e0" charOffset="0-11"
            type="drug" text="Azithromycin"/>
        <entity id="DDI-MedLine.d105.s8.e1" charOffset="42-55"
            type="drug" text="dideoxyinosine"/>
    </sentence>
    <sentence id="DDI-MedLine.d105.s9" text="Based on the results of these studies, it is concluded that azithromycin may be safely coadministered with both zidovudine and dideoxyinosine.">
        <entity id="DDI-MedLine.d105.s9.e0" charOffset="60-71"
            type="drug" text="azithromycin"/>
        <entity id="DDI-MedLine.d105.s9.e1" charOffset="112-121"
            type="drug" text="zidovudine"/>
        <entity id="DDI-MedLine.d105.s9.e2" charOffset="127-140"
            type="drug" text="dideoxyinosine"/>
    </sentence>
</document>
