<?xml version="1.0" encoding="UTF-8"?>
<document id="DDI-MedLine.d38">
    <sentence id="DDI-MedLine.d38.s0" text="Acute hydrocortisone administration does not affect subjective responses to d-amphetamine in humans.&#xd;&#xa;">
        <entity id="DDI-MedLine.d38.s0.e0" charOffset="6-19" type="drug" text="hydrocortisone"/>
        <entity id="DDI-MedLine.d38.s0.e1" charOffset="76-88"
            type="drug" text="d-amphetamine"/>
    </sentence>
    <sentence id="DDI-MedLine.d38.s1" text="RATIONALE: Stress and glucocorticoids facilitate and reinstate psychostimulant self-administration in rodents. ">
        <entity id="DDI-MedLine.d38.s1.e0" charOffset="22-36"
            type="group" text="glucocorticoids"/>
    </sentence>
    <sentence id="DDI-MedLine.d38.s2" text="However, the effects of stress and glucocorticoids on the subjective and behavioral effects of psychostimulants have not been well studied in humans. ">
        <entity id="DDI-MedLine.d38.s2.e0" charOffset="35-49"
            type="group" text="glucocorticoids"/>
        <entity id="DDI-MedLine.d38.s2.e1" charOffset="95-110"
            type="group" text="psychostimulants"/>
    </sentence>
    <sentence id="DDI-MedLine.d38.s3" text="OBJECTIVES: To examine the effects of acute hydrocortisone pretreatment on the subjective and behavioral effects of d-amphetamine. ">
        <entity id="DDI-MedLine.d38.s3.e0" charOffset="44-57"
            type="drug" text="hydrocortisone"/>
        <entity id="DDI-MedLine.d38.s3.e1" charOffset="116-128"
            type="drug" text="d-amphetamine"/>
    </sentence>
    <sentence id="DDI-MedLine.d38.s4" text="METHODS: Hydrocortisone (100 mg) and d-amphetamine (20 mg) were administered orally to 16 healthy male and female volunteers in a four-session, placebo-controlled, within-subject, crossover design. ">
        <entity id="DDI-MedLine.d38.s4.e0" charOffset="9-22" type="drug" text="Hydrocortisone"/>
        <entity id="DDI-MedLine.d38.s4.e1" charOffset="37-49"
            type="drug" text="d-amphetamine"/>
    </sentence>
    <sentence id="DDI-MedLine.d38.s5" text="To prevent stomach irritation, subjects received rantidine hydrochloride before each experimental session. ">
        <entity id="DDI-MedLine.d38.s5.e0" charOffset="49-71"
            type="drug" text="rantidine hydrochloride"/>
    </sentence>
    <sentence id="DDI-MedLine.d38.s6" text="Dependent measures included self-reported mood and subjective effects (Addiction Research Center inventory, the profile of mood states, and a series of visual analogue scales), vital signs, salivary cortisol, and psychomotor performance. "/>
    <sentence id="DDI-MedLine.d38.s7" text="RESULTS: Hydrocortisone elevated salivary cortisol levels, produced modest dysphoria, and reduced subjects' reports of wanting more drug. ">
        <entity id="DDI-MedLine.d38.s7.e0" charOffset="9-22" type="drug" text="Hydrocortisone"/>
    </sentence>
    <sentence id="DDI-MedLine.d38.s8" text="However, hydrocortisone pretreatment did not affect any of the physiological, behavioral, or subjective effects of d-amphetamine. ">
        <entity id="DDI-MedLine.d38.s8.e0" charOffset="9-22" type="drug" text="hydrocortisone"/>
        <entity id="DDI-MedLine.d38.s8.e1" charOffset="115-127"
            type="drug" text="d-amphetamine"/>
    </sentence>
    <sentence id="DDI-MedLine.d38.s9" text="CONCLUSIONS: In contrast to the effects of glucocorticoids in rodent studies, these results indicate that an acute increase in cortisol does not enhance the psychostimulant effects of d-amphetamine in humans.">
        <entity id="DDI-MedLine.d38.s9.e0" charOffset="43-57"
            type="group" text="glucocorticoids"/>
        <entity id="DDI-MedLine.d38.s9.e1" charOffset="184-196"
            type="drug" text="d-amphetamine"/>
    </sentence>
</document>
