<?xml version="1.0" encoding="UTF-8"?>
<document id="DDI-MedLine.d23">
    <sentence id="DDI-MedLine.d23.s0" text="The effects of ketamine and of Innovar anesthesia on digitalis tolerance in dogs.&#xd;&#xa;">
        <entity id="DDI-MedLine.d23.s0.e0" charOffset="15-22"
            type="drug" text="ketamine"/>
        <entity id="DDI-MedLine.d23.s0.e1" charOffset="31-37"
            type="brand" text="Innovar"/>
        <entity id="DDI-MedLine.d23.s0.e2" charOffset="53-61"
            type="group" text="digitalis"/>
    </sentence>
    <sentence id="DDI-MedLine.d23.s1" text="In a comparison of digitalis tolerance in dogs anesthetized with ketamine, Innovar Vet, or pentobarbital, the dosage of ouabain needed to cause ventricular tachycardia was significantly higher, as was the LD50 of ouabain, with ketamine or Innovar than with pentobarbital. ">
        <entity id="DDI-MedLine.d23.s1.e0" charOffset="19-27"
            type="group" text="digitalis"/>
        <entity id="DDI-MedLine.d23.s1.e1" charOffset="65-72"
            type="drug" text="ketamine"/>
        <entity id="DDI-MedLine.d23.s1.e2" charOffset="75-85"
            type="brand" text="Innovar Vet"/>
        <entity id="DDI-MedLine.d23.s1.e3" charOffset="91-103"
            type="drug" text="pentobarbital"/>
        <entity id="DDI-MedLine.d23.s1.e4" charOffset="120-126"
            type="drug" text="ouabain"/>
        <entity id="DDI-MedLine.d23.s1.e5" charOffset="213-219"
            type="drug" text="ouabain"/>
        <entity id="DDI-MedLine.d23.s1.e6" charOffset="227-234"
            type="drug" text="ketamine"/>
        <entity id="DDI-MedLine.d23.s1.e7" charOffset="239-245"
            type="brand" text="Innovar"/>
        <entity id="DDI-MedLine.d23.s1.e8" charOffset="257-269"
            type="drug" text="pentobarbital"/>
        <ddi id="DDI-MedLine.d23.s1.d0" e1="DDI-MedLine.d23.s1.e1"
            e2="DDI-MedLine.d23.s1.e4" type="effect"/>
        <ddi id="DDI-MedLine.d23.s1.d1" e1="DDI-MedLine.d23.s1.e2"
            e2="DDI-MedLine.d23.s1.e4" type="effect"/>
        <ddi id="DDI-MedLine.d23.s1.d2" e1="DDI-MedLine.d23.s1.e3"
            e2="DDI-MedLine.d23.s1.e4" type="effect"/>
    </sentence>
    <sentence id="DDI-MedLine.d23.s2" text="Ventricular tachycardia induced by ouabain was generally converted to sinus rhythm following administration of Innovar, ketamine, or droperidol but not after administration of fentayl alone or after pentobarbital.">
        <entity id="DDI-MedLine.d23.s2.e0" charOffset="35-41"
            type="drug" text="ouabain"/>
        <entity id="DDI-MedLine.d23.s2.e1" charOffset="111-117"
            type="brand" text="Innovar"/>
        <entity id="DDI-MedLine.d23.s2.e2" charOffset="120-127"
            type="drug" text="ketamine"/>
        <entity id="DDI-MedLine.d23.s2.e3" charOffset="133-142"
            type="drug" text="droperidol"/>
        <entity id="DDI-MedLine.d23.s2.e4" charOffset="176-182"
            type="drug" text="fentayl"/>
        <entity id="DDI-MedLine.d23.s2.e5" charOffset="199-211"
            type="drug" text="pentobarbital"/>
        <ddi id="DDI-MedLine.d23.s2.d0" e1="DDI-MedLine.d23.s2.e0"
            e2="DDI-MedLine.d23.s2.e1" type="effect"/>
        <ddi id="DDI-MedLine.d23.s2.d1" e1="DDI-MedLine.d23.s2.e0"
            e2="DDI-MedLine.d23.s2.e2" type="effect"/>
        <ddi id="DDI-MedLine.d23.s2.d2" e1="DDI-MedLine.d23.s2.e0"
            e2="DDI-MedLine.d23.s2.e3" type="effect"/>
    </sentence>
</document>
