<?xml version="1.0" encoding="UTF-8"?>
<document id="DDI-MedLine.d40">
    <sentence id="DDI-MedLine.d40.s0" text="Studies on the mechanism of action of miconazole: effect of miconazole on respiration and cell permeability of Candida albicans.&#xd;&#xa;">
        <entity id="DDI-MedLine.d40.s0.e0" charOffset="38-47"
            type="drug" text="miconazole"/>
        <entity id="DDI-MedLine.d40.s0.e1" charOffset="60-69"
            type="drug" text="miconazole"/>
    </sentence>
    <sentence id="DDI-MedLine.d40.s1" text="The antifungal drug, miconazole nitrate, inhibits the growth of several species of Candida. ">
        <entity id="DDI-MedLine.d40.s1.e0" charOffset="4-18"
            type="group" text="antifungal drug"/>
        <entity id="DDI-MedLine.d40.s1.e1" charOffset="21-38"
            type="drug" text="miconazole nitrate"/>
    </sentence>
    <sentence id="DDI-MedLine.d40.s2" text="Candida albicans, one of the pathogenic species, was totally inhibited at a concentration of approximately 10 mug/ml. "/>
    <sentence id="DDI-MedLine.d40.s3" text="Endogenous respiration was unaffected by the drug at a concentration as high as 100 mug/ml, whereas exogenous respiration was markedly sensitive and inhibited to an extent of 85%. "/>
    <sentence id="DDI-MedLine.d40.s4" text="The permeability of the cell membrane was changed as evidenced by the leakage of 260-nm absorbing materials, amino acids, proteins, and inorganic cations. "/>
    <sentence id="DDI-MedLine.d40.s5" text="The results we present clearly show that the drug alters the cellular permeability, and thus the exogenous respiration becomes sensitive to the drug."/>
</document>
