<?xml version="1.0" encoding="UTF-8"?>
<document id="DDI-MedLine.d29">
    <sentence id="DDI-MedLine.d29.s0" text="Effect of probenecid on the apparent volume of distribution and elimination of cloxacillin.&#xd;&#xa;">
        <entity id="DDI-MedLine.d29.s0.e0" charOffset="10-19"
            type="drug" text="probenecid"/>
        <entity id="DDI-MedLine.d29.s0.e1" charOffset="79-89"
            type="drug" text="cloxacillin"/>
    </sentence>
    <sentence id="DDI-MedLine.d29.s1" text="According to Gibaldi et al. "/>
    <sentence id="DDI-MedLine.d29.s2" text="(1968, 1970), the higher serum concentrations of penicillins and cephaloridine reached after administration of probenecid are due not only to slower renal elimination but also to an altered distribution in the body. ">
        <entity id="DDI-MedLine.d29.s2.e0" charOffset="49-59"
            type="group" text="penicillins"/>
        <entity id="DDI-MedLine.d29.s2.e1" charOffset="65-77"
            type="drug" text="cephaloridine"/>
        <entity id="DDI-MedLine.d29.s2.e2" charOffset="111-120"
            type="drug" text="probenecid"/>
        <ddi id="DDI-MedLine.d29.s2.d0" e1="DDI-MedLine.d29.s2.e0"
            e2="DDI-MedLine.d29.s2.e2" type="mechanism"/>
        <ddi id="DDI-MedLine.d29.s2.d1" e1="DDI-MedLine.d29.s2.e1"
            e2="DDI-MedLine.d29.s2.e2" type="mechanism"/>
    </sentence>
    <sentence id="DDI-MedLine.d29.s3" text="To determine whether probenecid has a direct effect on the distribution of cloxacillin, the elimination and distribution of cloxacillin was studied in six patients, five lacking kidney function and one with a partially impaired renal function, in the presence or absence of probenecid. ">
        <entity id="DDI-MedLine.d29.s3.e0" charOffset="21-30"
            type="drug" text="probenecid"/>
        <entity id="DDI-MedLine.d29.s3.e1" charOffset="75-85"
            type="drug" text="cloxacillin"/>
        <entity id="DDI-MedLine.d29.s3.e2" charOffset="124-134"
            type="drug" text="cloxacillin"/>
        <entity id="DDI-MedLine.d29.s3.e3" charOffset="274-283"
            type="drug" text="probenecid"/>
    </sentence>
    <sentence id="DDI-MedLine.d29.s4" text="No significant difference was found between the mean values of the volume of distribution of cloxacillin with and without probenecid (13.0 and 12.6 liters, respectively). ">
        <entity id="DDI-MedLine.d29.s4.e0" charOffset="93-103"
            type="drug" text="cloxacillin"/>
        <entity id="DDI-MedLine.d29.s4.e1" charOffset="122-131"
            type="drug" text="probenecid"/>
    </sentence>
    <sentence id="DDI-MedLine.d29.s5" text="Thus, the hypothesis of Gibaldi et al. "/>
    <sentence id="DDI-MedLine.d29.s6" text="could not be confirmed for cloxacillin in patients lacking kidney function. ">
        <entity id="DDI-MedLine.d29.s6.e0" charOffset="27-37"
            type="drug" text="cloxacillin"/>
    </sentence>
    <sentence id="DDI-MedLine.d29.s7" text="In spite of the absence of kidney function, the value of the elimination rate constant was significantly decreased in the presence of probenecid (from 0.326 to 0.263/h). ">
        <entity id="DDI-MedLine.d29.s7.e0" charOffset="134-143"
            type="drug" text="probenecid"/>
    </sentence>
    <sentence id="DDI-MedLine.d29.s8" text="This might be explained by a blockade by probenecid of the elimination of cloxacillin by the liver.">
        <entity id="DDI-MedLine.d29.s8.e0" charOffset="41-50"
            type="drug" text="probenecid"/>
        <entity id="DDI-MedLine.d29.s8.e1" charOffset="74-84"
            type="drug" text="cloxacillin"/>
        <ddi id="DDI-MedLine.d29.s8.d0" e1="DDI-MedLine.d29.s8.e0"
            e2="DDI-MedLine.d29.s8.e1" type="mechanism"/>
    </sentence>
</document>
