<?xml version="1.0" encoding="UTF-8"?>
<document id="DDI-MedLine.d122">
    <sentence id="DDI-MedLine.d122.s0" text="Behavioral mechanisms underlying the link between smoking and drinking.&#xd;&#xa;"/>
    <sentence id="DDI-MedLine.d122.s1" text="Many people use both alcohol and nicotine (i.e., cigarettes and other tobacco products). ">
        <entity id="DDI-MedLine.d122.s1.e0" charOffset="21-27"
            type="drug" text="alcohol"/>
        <entity id="DDI-MedLine.d122.s1.e1" charOffset="33-40"
            type="drug" text="nicotine"/>
    </sentence>
    <sentence id="DDI-MedLine.d122.s2" text="The behavioral effects of these two drugs differ, and they do not act on the same target sites in the brain, although they may share, or partly share, certain properties. "/>
    <sentence id="DDI-MedLine.d122.s3" text="The initiation of alcohol or nicotine use may be precipitated by similar personality characteristics in the user, such as impulsivity and sensation seeking. ">
        <entity id="DDI-MedLine.d122.s3.e0" charOffset="18-24"
            type="drug" text="alcohol"/>
        <entity id="DDI-MedLine.d122.s3.e1" charOffset="29-36"
            type="drug" text="nicotine"/>
    </sentence>
    <sentence id="DDI-MedLine.d122.s4" text="Moreover, the mechanisms underlying the development of dependence may be similar for alcohol and nicotine. ">
        <entity id="DDI-MedLine.d122.s4.e0" charOffset="85-91"
            type="drug" text="alcohol"/>
        <entity id="DDI-MedLine.d122.s4.e1" charOffset="97-104"
            type="drug" text="nicotine"/>
    </sentence>
    <sentence id="DDI-MedLine.d122.s5" text="Thus, certain factors, such as reinforcing drug effects, conditioning processes, automatic behavior, and stress, may influence the development of dependence on both drugs. "/>
    <sentence id="DDI-MedLine.d122.s6" text="Other factors, such as tolerance and sensitization to the drugs' actions and the development of withdrawal symptoms, may also contribute to dependence. "/>
    <sentence id="DDI-MedLine.d122.s7" text="This review discusses the actions of the two drugs on certain brain chemical (i.e., neurotransmitter) systems and the extent to which the effects of the two drugs may interact."/>
</document>
