<?xml version="1.0" encoding="UTF-8"?>
<document id="DDI-MedLine.d88">
    <sentence id="DDI-MedLine.d88.s0" text="The effects of chlordiazepoxide, amphetamine and cocaine on bar-press behavior in normal and genetically nervous dogs.&#xd;&#xa;">
        <entity id="DDI-MedLine.d88.s0.e0" charOffset="15-30"
            type="drug" text="chlordiazepoxide"/>
        <entity id="DDI-MedLine.d88.s0.e1" charOffset="33-43"
            type="drug" text="amphetamine"/>
        <entity id="DDI-MedLine.d88.s0.e2" charOffset="49-55"
            type="drug" text="cocaine"/>
    </sentence>
    <sentence id="DDI-MedLine.d88.s1" text="Studies on two strains of pointer dogs have demonstrated that administration of a benzodiazepine (chlordiazepoxide) facilitates acquisition of goal-directed behavior in &quot;genetically nervous&quot;">
        <entity id="DDI-MedLine.d88.s1.e0" charOffset="82-95"
            type="group" text="benzodiazepine"/>
        <entity id="DDI-MedLine.d88.s1.e1" charOffset="98-113"
            type="drug" text="chlordiazepoxide"/>
    </sentence>
    <sentence id="DDI-MedLine.d88.s2" text="subjects. "/>
    <sentence id="DDI-MedLine.d88.s3" text="Continued admistration of the drug is required to maintain barpress response in this strain of dogs. "/>
    <sentence id="DDI-MedLine.d88.s4" text="The concomitant administration of either cocaine or amphetamine, compounds which inhibit neuronal reuptake of norepinephrine, disrupts the behavioral response of the genetically nervous E-strain subjects to a far greater extent than the stable A-strain subjects. ">
        <entity id="DDI-MedLine.d88.s4.e0" charOffset="41-47"
            type="drug" text="cocaine"/>
        <entity id="DDI-MedLine.d88.s4.e1" charOffset="52-62"
            type="drug" text="amphetamine"/>
    </sentence>
    <sentence id="DDI-MedLine.d88.s5" text="It is also shown that after 14 days of daily administration of chlordiazepoxide, withdrawal of the drug not only re-results in almost complete loss of bar-press response in the E-strain subjects but also results in a temporary decrease in the acquired behavioral response of the stable A-strain subjects.">
        <entity id="DDI-MedLine.d88.s5.e0" charOffset="63-78"
            type="drug" text="chlordiazepoxide"/>
    </sentence>
</document>
