<?xml version="1.0" encoding="UTF-8"?>
<document id="DDI-MedLine.d139">
    <sentence id="DDI-MedLine.d139.s0" text="[Quantitative approach to treatment with incisive neuroleptics by therapeutic monitoring]; The problems encountered during the longterm treatment of psychotic patients with neuroleptics are illustrated by six typical case reports. ">
        <entity id="DDI-MedLine.d139.s0.e0" charOffset="50-61"
            type="group" text="neuroleptics"/>
        <entity id="DDI-MedLine.d139.s0.e1" charOffset="173-184"
            type="group" text="neuroleptics"/>
    </sentence>
    <sentence id="DDI-MedLine.d139.s1" text="A group of patients who had had a new acute episode despite seemingly adequate treatment were selected. "/>
    <sentence id="DDI-MedLine.d139.s2" text="In these six cases it was demonstrated that the neuroleptics dosage was inappropriate, being either too high or too low as judged from the plasma concentrations. ">
        <entity id="DDI-MedLine.d139.s2.e0" charOffset="48-59"
            type="group" text="neuroleptics"/>
    </sentence>
    <sentence id="DDI-MedLine.d139.s3" text="Ways of improving the adequacy of the treatment of psychotic patients with neuroleptics are discussed.">
        <entity id="DDI-MedLine.d139.s3.e0" charOffset="75-86"
            type="group" text="neuroleptics"/>
    </sentence>
</document>
