<?xml version="1.0" encoding="UTF-8"?>
<document id="DDI-MedLine.d30">
    <sentence id="DDI-MedLine.d30.s0" text="Stereoselective behavioral effects of N-allylnormetazocine in pigeons and squirrel monkeys.&#xd;&#xa;">
        <entity id="DDI-MedLine.d30.s0.e0" charOffset="38-57"
            type="drug_n" text="N-allylnormetazocine"/>
    </sentence>
    <sentence id="DDI-MedLine.d30.s1" text="The behavioral effects of the stereoisomers of N-allylnormetazocine (NANM) were compared with those of phencyclidine (PCP) in pigeons and squirrel monkeys responding under a multiple fixed-interval fixed-ratio (FI FR) schedule of food presentation. ">
        <entity id="DDI-MedLine.d30.s1.e0" charOffset="47-66"
            type="drug_n" text="N-allylnormetazocine"/>
        <entity id="DDI-MedLine.d30.s1.e1" charOffset="69-72"
            type="drug_n" text="NANM"/>
        <entity id="DDI-MedLine.d30.s1.e2" charOffset="103-115"
            type="drug_n" text="phencyclidine"/>
        <entity id="DDI-MedLine.d30.s1.e3" charOffset="118-120"
            type="drug_n" text="PCP"/>
    </sentence>
    <sentence id="DDI-MedLine.d30.s2" text="Intermediate doses of (+)-NANM or PCP produced transient increases in FI responding in monkeys and sustained increases in FI responding in pigeons; ">
        <entity id="DDI-MedLine.d30.s2.e0" charOffset="22-29"
            type="drug_n" text="(+)-NANM"/>
        <entity id="DDI-MedLine.d30.s2.e1" charOffset="34-36"
            type="drug_n" text="PCP"/>
    </sentence>
    <sentence id="DDI-MedLine.d30.s3" text="higher doses decreased FI and FR responding in both species. "/>
    <sentence id="DDI-MedLine.d30.s4" text="In contrast to its enantiomer, (-)-NANM failed to increase FI responding significantly in either species; ">
        <entity id="DDI-MedLine.d30.s4.e0" charOffset="31-38"
            type="drug_n" text="(-)-NANM"/>
    </sentence>
    <sentence id="DDI-MedLine.d30.s5" text="at high doses, (-)-NANM decreased FI and FR responding. ">
        <entity id="DDI-MedLine.d30.s5.e0" charOffset="15-22"
            type="drug_n" text="(-)-NANM"/>
    </sentence>
    <sentence id="DDI-MedLine.d30.s6" text="In monkeys, (-)-NANM was about 10 times more potent than (+)-NANM in decreasing responding, whereas in pigeons (-)-NANM was about equipotent with (+)-NANM. ">
        <entity id="DDI-MedLine.d30.s6.e0" charOffset="12-19"
            type="drug_n" text="(-)-NANM"/>
        <entity id="DDI-MedLine.d30.s6.e1" charOffset="57-64"
            type="drug_n" text="(+)-NANM"/>
        <entity id="DDI-MedLine.d30.s6.e2" charOffset="111-118"
            type="drug_n" text="(-)-NANM"/>
        <entity id="DDI-MedLine.d30.s6.e3" charOffset="146-153"
            type="drug_n" text="(+)-NANM"/>
    </sentence>
    <sentence id="DDI-MedLine.d30.s7" text="In both species, (-)-NANM, but not (+)-NANM, antagonized the rate-decreasing effects of morphine on FI and FR responding. ">
        <entity id="DDI-MedLine.d30.s7.e0" charOffset="17-24"
            type="drug_n" text="(-)-NANM"/>
        <entity id="DDI-MedLine.d30.s7.e1" charOffset="35-42"
            type="drug_n" text="(+)-NANM"/>
        <entity id="DDI-MedLine.d30.s7.e2" charOffset="88-95"
            type="drug" text="morphine"/>
        <ddi id="DDI-MedLine.d30.s7.d0" e1="DDI-MedLine.d30.s7.e0"
            e2="DDI-MedLine.d30.s7.e2" type="effect"/>
    </sentence>
    <sentence id="DDI-MedLine.d30.s8" text="In monkeys, the effects of (-)-NANM, but not (+)-NANM or PCP, were antagonized by naloxone; ">
        <entity id="DDI-MedLine.d30.s8.e0" charOffset="27-34"
            type="drug_n" text="(-)-NANM"/>
        <entity id="DDI-MedLine.d30.s8.e1" charOffset="45-52"
            type="drug_n" text="(+)-NANM"/>
        <entity id="DDI-MedLine.d30.s8.e2" charOffset="57-59"
            type="drug_n" text="PCP"/>
        <entity id="DDI-MedLine.d30.s8.e3" charOffset="82-89"
            type="drug" text="naloxone"/>
        <ddi id="DDI-MedLine.d30.s8.d0" e1="DDI-MedLine.d30.s8.e0"
            e2="DDI-MedLine.d30.s8.e3" type="effect"/>
    </sentence>
    <sentence id="DDI-MedLine.d30.s9" text="the doses of naloxone required to antagonize the effects of (-)-NANM were more than 100 times higher than those required to antagonize the effects of morphine. ">
        <entity id="DDI-MedLine.d30.s9.e0" charOffset="13-20"
            type="drug" text="naloxone"/>
        <entity id="DDI-MedLine.d30.s9.e1" charOffset="60-67"
            type="drug_n" text="(-)-NANM"/>
        <entity id="DDI-MedLine.d30.s9.e2" charOffset="150-157"
            type="drug" text="morphine"/>
        <ddi id="DDI-MedLine.d30.s9.d0" e1="DDI-MedLine.d30.s9.e0"
            e2="DDI-MedLine.d30.s9.e1" type="effect"/>
        <ddi id="DDI-MedLine.d30.s9.d1" e1="DDI-MedLine.d30.s9.e0"
            e2="DDI-MedLine.d30.s9.e2" type="effect"/>
    </sentence>
    <sentence id="DDI-MedLine.d30.s10" text="In pigeons, naloxone did not systematically alter the effects of (-)-NANM, (+)-NANM or PCP. ">
        <entity id="DDI-MedLine.d30.s10.e0" charOffset="12-19"
            type="drug" text="naloxone"/>
        <entity id="DDI-MedLine.d30.s10.e1" charOffset="65-72"
            type="drug_n" text="(-)-NANM"/>
        <entity id="DDI-MedLine.d30.s10.e2" charOffset="75-82"
            type="drug_n" text="(+)-NANM"/>
        <entity id="DDI-MedLine.d30.s10.e3" charOffset="87-89"
            type="drug_n" text="PCP"/>
    </sentence>
    <sentence id="DDI-MedLine.d30.s11" text="Haloperidol reduced or eliminated the increases in FI responding produced by intermediate doses of either (+)-NANM or PCP in pigeons, but did not antagonize the decreases in FI or FR responding produced by high doses of PCP or either stereoisomer of NANM. ">
        <entity id="DDI-MedLine.d30.s11.e0" charOffset="0-10"
            type="drug" text="Haloperidol"/>
        <entity id="DDI-MedLine.d30.s11.e1" charOffset="106-113"
            type="drug_n" text="(+)-NANM"/>
        <entity id="DDI-MedLine.d30.s11.e2" charOffset="118-120"
            type="drug_n" text="PCP"/>
        <entity id="DDI-MedLine.d30.s11.e3" charOffset="250-253"
            type="drug_n" text="NANM"/>
        <ddi id="DDI-MedLine.d30.s11.d0" e1="DDI-MedLine.d30.s11.e0"
            e2="DDI-MedLine.d30.s11.e1" type="effect"/>
        <ddi id="DDI-MedLine.d30.s11.d1" e1="DDI-MedLine.d30.s11.e0"
            e2="DDI-MedLine.d30.s11.e2" type="effect"/>
    </sentence>
    <sentence id="DDI-MedLine.d30.s12" text="The results demonstrate a high degree of stereoselectivity in the behavioral effects of NANM. ">
        <entity id="DDI-MedLine.d30.s12.e0" charOffset="88-91"
            type="drug_n" text="NANM"/>
    </sentence>
    <sentence id="DDI-MedLine.d30.s13" text="The levorotatory isomer had opioid-antagonist and non-opioid agonist effects in pigeons and mixed opioid agonist-antagonist effects in monkeys. "/>
    <sentence id="DDI-MedLine.d30.s14" text="The dextrorotatory isomer, on the other hand, had effects similar to those of PCP in both species.">
        <entity id="DDI-MedLine.d30.s14.e0" charOffset="78-80"
            type="drug_n" text="PCP"/>
    </sentence>
</document>
