<?xml version="1.0" encoding="UTF-8"?>
<document id="DDI-MedLine.d130">
    <sentence id="DDI-MedLine.d130.s0" text="High-dose cisplatin with sodium thiosulfate protection.&#xd;&#xa;">
        <entity id="DDI-MedLine.d130.s0.e0" charOffset="10-18"
            type="drug" text="cisplatin"/>
        <entity id="DDI-MedLine.d130.s0.e1" charOffset="25-42"
            type="drug" text="sodium thiosulfate"/>
        <ddi id="DDI-MedLine.d130.s0.d0" e1="DDI-MedLine.d130.s0.e0"
            e2="DDI-MedLine.d130.s0.e1" type="effect"/>
    </sentence>
    <sentence id="DDI-MedLine.d130.s1" text="Nephrotoxicity frequently limits the dose of cisplatin to less than 120 mg/m2 per injection. ">
        <entity id="DDI-MedLine.d130.s1.e0" charOffset="45-53"
            type="drug" text="cisplatin"/>
    </sentence>
    <sentence id="DDI-MedLine.d130.s2" text="Sodium thiosulfate is a neutralizing agent for cisplatin that protects against renal damage. ">
        <entity id="DDI-MedLine.d130.s2.e0" charOffset="0-17"
            type="drug" text="Sodium thiosulfate"/>
        <entity id="DDI-MedLine.d130.s2.e1" charOffset="47-55"
            type="drug" text="cisplatin"/>
        <ddi id="DDI-MedLine.d130.s2.d0" e1="DDI-MedLine.d130.s2.e0"
            e2="DDI-MedLine.d130.s2.e1" type="effect"/>
    </sentence>
    <sentence id="DDI-MedLine.d130.s3" text="To determine whether injection of thiosulfate would permit larger doses of cisplatin to be administered, a fixed 9.9-g/m2 dose of thiosulfate was given intravenously over three hours concurrently with escalating doses of cisplatin. ">
        <entity id="DDI-MedLine.d130.s3.e0" charOffset="34-44"
            type="drug" text="thiosulfate"/>
        <entity id="DDI-MedLine.d130.s3.e1" charOffset="75-83"
            type="drug" text="cisplatin"/>
        <entity id="DDI-MedLine.d130.s3.e2" charOffset="130-140"
            type="drug" text="thiosulfate"/>
        <entity id="DDI-MedLine.d130.s3.e3" charOffset="221-229"
            type="drug" text="cisplatin"/>
    </sentence>
    <sentence id="DDI-MedLine.d130.s4" text="Cisplatin was administered over the last two hours of the thiosulfate infusion. ">
        <entity id="DDI-MedLine.d130.s4.e0" charOffset="0-8" type="drug" text="Cisplatin"/>
        <entity id="DDI-MedLine.d130.s4.e1" charOffset="58-68"
            type="drug" text="thiosulfate"/>
    </sentence>
    <sentence id="DDI-MedLine.d130.s5" text="Using this technique, it was possible to escalate the cisplatin dose to 225 mg/m2 before dose-limiting toxicities were encountered. ">
        <entity id="DDI-MedLine.d130.s5.e0" charOffset="54-62"
            type="drug" text="cisplatin"/>
    </sentence>
    <sentence id="DDI-MedLine.d130.s6" text="Comparison of cisplatin pharmacokinetics in patients treated with 202.5 mg/m2 plus thiosulfate to those in patients treated with 100 mg/m2 without thiosulfate indicated that there were no changes in the elimination rate constant, volume of distribution, or total body clearance of cisplatin. ">
        <entity id="DDI-MedLine.d130.s6.e0" charOffset="14-22"
            type="drug" text="cisplatin"/>
        <entity id="DDI-MedLine.d130.s6.e1" charOffset="83-93"
            type="drug" text="thiosulfate"/>
        <entity id="DDI-MedLine.d130.s6.e2" charOffset="147-157"
            type="drug" text="thiosulfate"/>
        <entity id="DDI-MedLine.d130.s6.e3" charOffset="281-289"
            type="drug" text="cisplatin"/>
    </sentence>
    <sentence id="DDI-MedLine.d130.s7" text="The total drug exposure for the plasma was approximately twofold at the higher cisplatin dose. ">
        <entity id="DDI-MedLine.d130.s7.e0" charOffset="79-87"
            type="drug" text="cisplatin"/>
    </sentence>
    <sentence id="DDI-MedLine.d130.s8" text="This study demonstrates that concurrent administration of thiosulfate permits at least a twofold increase in dose and total exposure to cisplatin.">
        <entity id="DDI-MedLine.d130.s8.e0" charOffset="58-68"
            type="drug" text="thiosulfate"/>
        <entity id="DDI-MedLine.d130.s8.e1" charOffset="136-144"
            type="drug" text="cisplatin"/>
        <ddi id="DDI-MedLine.d130.s8.d0" e1="DDI-MedLine.d130.s8.e0"
            e2="DDI-MedLine.d130.s8.e1" type="mechanism"/>
    </sentence>
</document>
