<?xml version="1.0" encoding="UTF-8"?>
<document id="DDI-MedLine.d5">
    <sentence id="DDI-MedLine.d5.s0" text="Repeated oral administration of coumaphos in sheep: interactions of coumaphos with bishydroxycoumarin, trichlorfon, and phenobarbital sodium.&#xd;&#xa;">
        <entity id="DDI-MedLine.d5.s0.e0" charOffset="32-40"
            type="drug_n" text="coumaphos"/>
        <entity id="DDI-MedLine.d5.s0.e1" charOffset="68-76"
            type="drug_n" text="coumaphos"/>
        <entity id="DDI-MedLine.d5.s0.e2" charOffset="83-100"
            type="drug" text="bishydroxycoumarin"/>
        <entity id="DDI-MedLine.d5.s0.e3" charOffset="103-113"
            type="drug_n" text="trichlorfon"/>
        <entity id="DDI-MedLine.d5.s0.e4" charOffset="120-139"
            type="drug" text="phenobarbital sodium"/>
    </sentence>
    <sentence id="DDI-MedLine.d5.s1" text="Interactions between treatments with coumaphos, bishydroxycoumarin (an anticoagulant), trichlorfon (an organophosphorous compound), and phenobarbital sodium (an inducer of microsomal enzymes) were investigated in sheep. ">
        <entity id="DDI-MedLine.d5.s1.e0" charOffset="37-45"
            type="drug_n" text="coumaphos"/>
        <entity id="DDI-MedLine.d5.s1.e1" charOffset="48-65" type="drug" text="bishydroxycoumarin"/>
        <entity id="DDI-MedLine.d5.s1.e2" charOffset="71-83"
            type="group" text="anticoagulant"/>
        <entity id="DDI-MedLine.d5.s1.e3" charOffset="87-97"
            type="drug_n" text="trichlorfon"/>
        <entity id="DDI-MedLine.d5.s1.e4" charOffset="103-128"
            type="group" text="organophosphorous compound"/>
        <entity id="DDI-MedLine.d5.s1.e5" charOffset="136-155"
            type="drug" text="phenobarbital sodium"/>
    </sentence>
    <sentence id="DDI-MedLine.d5.s2" text="A daily dose of 2 mg of coumaphos/kg of body weight for 6 days did not affect the plasma enzymes or the antiprothrombinemic effect of bishydroxy-coumarin in wethers. ">
        <entity id="DDI-MedLine.d5.s2.e0" charOffset="24-32"
            type="drug_n" text="coumaphos"/>
        <entity id="DDI-MedLine.d5.s2.e1" charOffset="134-152"
            type="drug" text="bishydroxy-coumarin"/>
    </sentence>
    <sentence id="DDI-MedLine.d5.s3" text="The treatment of ewes with an intravenous (IV) injection of trichlorfon, insufficient to produce significant inhibition of erythrocyte acetylcholinesterase (AChE) activity, appeared to produce additive effects with those produced by subsequent treatment with 4 mg of coumaphos/kg/day. ">
        <entity id="DDI-MedLine.d5.s3.e0" charOffset="60-70"
            type="drug_n" text="trichlorfon"/>
        <entity id="DDI-MedLine.d5.s3.e1" charOffset="267-275"
            type="drug_n" text="coumaphos"/>
        <ddi id="DDI-MedLine.d5.s3.d0" e1="DDI-MedLine.d5.s3.e0"
            e2="DDI-MedLine.d5.s3.e1" type="effect"/>
    </sentence>
    <sentence id="DDI-MedLine.d5.s4" text="In ewes given 40 mg of phenobarbital sodium/kg for 5 days intraperitoneally (IP), the anticholinesterase effect of 4 mg of coumaphos/kg was significantly reduced and signs of toxicity were not present. ">
        <entity id="DDI-MedLine.d5.s4.e0" charOffset="23-42" type="drug" text="phenobarbital sodium"/>
        <entity id="DDI-MedLine.d5.s4.e1" charOffset="123-131"
            type="drug_n" text="coumaphos"/>
        <ddi id="DDI-MedLine.d5.s4.d0" e1="DDI-MedLine.d5.s4.e0"
            e2="DDI-MedLine.d5.s4.e1" type="effect"/>
    </sentence>
    <sentence id="DDI-MedLine.d5.s5" text="Treatment with daily doses of 2 mg of coumaphos/kg for 6 days did not modify the anticholinesterase effect of a 2nd series of treatments given 6 weeks later.">
        <entity id="DDI-MedLine.d5.s5.e0" charOffset="38-46"
            type="drug_n" text="coumaphos"/>
    </sentence>
</document>
