<?xml version="1.0" encoding="UTF-8"?>
<document id="DDI-MedLine.d66">
    <sentence id="DDI-MedLine.d66.s0" text="Changes in urinary homocysteine following synthetic steroidal estrogen and progestogen administration to rats.">
        <entity id="DDI-MedLine.d66.s0.e0" charOffset="42-69"
            type="group" text="synthetic steroidal estrogen"/>
        <entity id="DDI-MedLine.d66.s0.e1" charOffset="42-60;75-85"
            type="group" text="synthetic steroidal progestogen"/>
    </sentence>
    <sentence id="DDI-MedLine.d66.s1" text="The present work involved the administration of both ethynyl estradiol and levonorgestrel to groups of rats, followed by determination of the homocysteine excretion rate in urine. ">
        <entity id="DDI-MedLine.d66.s1.e0" charOffset="53-69"
            type="drug" text="ethynyl estradiol"/>
        <entity id="DDI-MedLine.d66.s1.e1" charOffset="75-88"
            type="drug" text="levonorgestrel"/>
    </sentence>
    <sentence id="DDI-MedLine.d66.s2" text="The results indicate that a statistically significant difference exists between the excreted levels of homocysteine in the urine of both control and levonorgestrel-treated rats and the levels shown by rats treated with ethynyl estradiol. ">
        <entity id="DDI-MedLine.d66.s2.e0" charOffset="149-162"
            type="drug" text="levonorgestrel"/>
        <entity id="DDI-MedLine.d66.s2.e1" charOffset="219-235"
            type="drug" text="ethynyl estradiol"/>
    </sentence>
    <sentence id="DDI-MedLine.d66.s3" text="The implications of these results are discussed, especially with respect to observations which indicate that homocysteine may be a precipitating factor in the development of thrombosis. "/>
    <sentence id="DDI-MedLine.d66.s4" text="Also included in this paper is a study which confirms the identity of the HPLC peak as being homocysteine by forming a radioactive derivative of this particular sulphydryl-containing amino acid, and then analysing the resulting mixture by TLC."/>
</document>
