<?xml version="1.0" encoding="UTF-8"?>
<document id="DDI-MedLine.d128">
    <sentence id="DDI-MedLine.d128.s0" text="Analysis of 16,16-dimethylprostaglandin E2-induced diarrhea in cecectomized rats.&#xd;&#xa;">
        <entity id="DDI-MedLine.d128.s0.e0" charOffset="12-41"
            type="drug_n" text="16,16-dimethylprostaglandin E2"/>
    </sentence>
    <sentence id="DDI-MedLine.d128.s1" text="The 16,16-dimethylprostaglandin E2 (dmPGE2)-induced diarrhea was analyzed in cecectomized rats prepared by resecting the cecum and its vasculature without disturbing the ileocecal junction. ">
        <entity id="DDI-MedLine.d128.s1.e0" charOffset="4-33"
            type="drug_n" text="16,16-dimethylprostaglandin E2"/>
        <entity id="DDI-MedLine.d128.s1.e1" charOffset="36-41"
            type="drug_n" text="dmPGE2"/>
    </sentence>
    <sentence id="DDI-MedLine.d128.s2" text="dmPGE2 (0.1-1.0 mg/kg, p.o.) ">
        <entity id="DDI-MedLine.d128.s2.e0" charOffset="0-5"
            type="drug_n" text="dmPGE2"/>
    </sentence>
    <sentence id="DDI-MedLine.d128.s3" text="dose-dependently increased the number of defecation episodes and induced a soft and watery stool in cecectomized rats. "/>
    <sentence id="DDI-MedLine.d128.s4" text="At 0.3 mg/kg, the diarrhea-inducing effects of dmPGE2 were more pronounced in cecectomized than in control rats. ">
        <entity id="DDI-MedLine.d128.s4.e0" charOffset="47-52"
            type="drug_n" text="dmPGE2"/>
    </sentence>
    <sentence id="DDI-MedLine.d128.s5" text="When given i.p., dmPGE2 (0.3 mg/kg) induced a watery stool in cecectomized and control rats with the same efficacy, although these effects were short-lasting as compared to oral administration. ">
        <entity id="DDI-MedLine.d128.s5.e0" charOffset="17-22"
            type="drug_n" text="dmPGE2"/>
    </sentence>
    <sentence id="DDI-MedLine.d128.s6" text="Castor oil (4 ml/kg, p.o.) ">
        <entity id="DDI-MedLine.d128.s6.e0" charOffset="0-9" type="drug" text="Castor oil"/>
    </sentence>
    <sentence id="DDI-MedLine.d128.s7" text="also induced diarrhea, but did not produce a watery stool in cecectomized rats. "/>
    <sentence id="DDI-MedLine.d128.s8" text="There were no differences between cecectomized and control rats in basal small intestinal transits or in dmPGE2 (0.3 mg/kg, p.o.)-induced enhancements. ">
        <entity id="DDI-MedLine.d128.s8.e0" charOffset="105-110"
            type="drug_n" text="dmPGE2"/>
    </sentence>
    <sentence id="DDI-MedLine.d128.s9" text="Moreover, the basal and dmPGE2-induced jejunal net fluid transfers were the same in cecectomized and in control rats. ">
        <entity id="DDI-MedLine.d128.s9.e0" charOffset="24-29"
            type="drug_n" text="dmPGE2"/>
    </sentence>
    <sentence id="DDI-MedLine.d128.s10" text="On the other hand, the enhanced secretion of colonic fluid by dmPGE2, given intraluminally, was only half of that in control rats, whereas the colonic transit-enhancing effect of dmPGE2 in cecectomized rats was more pronounced than in control rats at 15 but not at 30 min after its administration. ">
        <entity id="DDI-MedLine.d128.s10.e0" charOffset="62-67"
            type="drug_n" text="dmPGE2"/>
        <entity id="DDI-MedLine.d128.s10.e1" charOffset="179-184"
            type="drug_n" text="dmPGE2"/>
    </sentence>
    <sentence id="DDI-MedLine.d128.s11" text="The basal colonic fluid contents and transits were the same in cecectomized and in control rats. "/>
    <sentence id="DDI-MedLine.d128.s12" text="Loperamide and morphine (0.1 and 1.0 mg/kg, s.c.) ">
        <entity id="DDI-MedLine.d128.s12.e0" charOffset="0-9"
            type="drug" text="Loperamide"/>
        <entity id="DDI-MedLine.d128.s12.e1" charOffset="15-22"
            type="drug" text="morphine"/>
    </sentence>
    <sentence id="DDI-MedLine.d128.s13" text="Loperamide and morphine (0.1 and 1.0 mg/kg, s.c.) inhibited the dmPGE2 (0.3 mg/kg, p.o.)-induced diarrhea in cecectomized rats. ">
        <entity id="DDI-MedLine.d128.s13.e0" charOffset="0-9"
            type="drug" text="Loperamide"/>
        <entity id="DDI-MedLine.d128.s13.e1" charOffset="15-22"
            type="drug" text="morphine"/>
        <entity id="DDI-MedLine.d128.s13.e2" charOffset="64-69"
            type="drug_n" text="dmPGE2"/>
        <ddi id="DDI-MedLine.d128.s13.d0" e1="DDI-MedLine.d128.s13.e0"
            e2="DDI-MedLine.d128.s13.e2" type="effect"/>
        <ddi id="DDI-MedLine.d128.s13.d1" e1="DDI-MedLine.d128.s13.e1"
            e2="DDI-MedLine.d128.s13.e2" type="effect"/>
    </sentence>
    <sentence id="DDI-MedLine.d128.s14" text="N-methyllevallorphan (5 mg/kg, s.c.) ">
        <entity id="DDI-MedLine.d128.s14.e0" charOffset="0-19"
            type="drug_n" text="N-methyllevallorphan"/>
    </sentence>
    <sentence id="DDI-MedLine.d128.s15" text="N-methyllevallorphan (5 mg/kg, s.c.) completely antagonized the inhibitory effect of loperamide and partly antagonized the effect of morphine. ">
        <entity id="DDI-MedLine.d128.s15.e0" charOffset="0-19"
            type="drug_n" text="N-methyllevallorphan"/>
        <entity id="DDI-MedLine.d128.s15.e1" charOffset="85-94"
            type="drug" text="loperamide"/>
        <entity id="DDI-MedLine.d128.s15.e2" charOffset="133-140"
            type="drug" text="morphine"/>
        <ddi id="DDI-MedLine.d128.s15.d0" e1="DDI-MedLine.d128.s15.e0"
            e2="DDI-MedLine.d128.s15.e1" type="effect"/>
        <ddi id="DDI-MedLine.d128.s15.d1" e1="DDI-MedLine.d128.s15.e0"
            e2="DDI-MedLine.d128.s15.e2" type="effect"/>
    </sentence>
    <sentence id="DDI-MedLine.d128.s16" text="These results suggest that oral administration of dmPGE2 induces a more pronounced secretory diarrhea in cecectomized than in control rats, probably due to the lack of the reservoir function of the cecum in the operated animals. ">
        <entity id="DDI-MedLine.d128.s16.e0" charOffset="50-55"
            type="drug_n" text="dmPGE2"/>
    </sentence>
    <sentence id="DDI-MedLine.d128.s17" text="This secretory diarrhea model is suitable for evaluating the antidiarrheal activity of drugs."/>
</document>
