<?xml version="1.0" encoding="UTF-8"?>
<document id="DDI-MedLine.d11">
    <sentence id="DDI-MedLine.d11.s0" text="Immunosuppressive drugs and their complications.&#xd;&#xa;">
        <entity id="DDI-MedLine.d11.s0.e0" charOffset="0-22"
            type="group" text="Immunosuppressive drugs"/>
    </sentence>
    <sentence id="DDI-MedLine.d11.s1" text="Drugs that suppress the immune system are widely used. "/>
    <sentence id="DDI-MedLine.d11.s2" text="They are part of the treatment of patients with organ transplants, malignancy, and increasingly those with conditions such as psoriasis, rheumatoid arthritis, and liver and bowel disease in which inflammation is an aetiological factor. "/>
    <sentence id="DDI-MedLine.d11.s3" text="Because of the broadening indications for immunosuppressive drugs, and the prolonged survival in conditions for which they are being used, many patients on immunosuppression are now cared for in the community or seen in non-specialist hospitals, usually in close collaboration with a specialist. ">
        <entity id="DDI-MedLine.d11.s3.e0" charOffset="42-64"
            type="group" text="immunosuppressive drugs"/>
    </sentence>
    <sentence id="DDI-MedLine.d11.s4" text="This article looks at five commonly used immunosuppressive drugs in turn (corticosteroids, cyclosporin, azathioprine, methotrexate, cyclophosphamide), discussing the main, non-infection, unwanted effects, ways to avoid them and what to do if problems arise. ">
        <entity id="DDI-MedLine.d11.s4.e0" charOffset="41-63"
            type="group" text="immunosuppressive drugs"/>
        <entity id="DDI-MedLine.d11.s4.e1" charOffset="74-88"
            type="group" text="corticosteroids"/>
        <entity id="DDI-MedLine.d11.s4.e2" charOffset="91-101"
            type="drug" text="cyclosporin"/>
        <entity id="DDI-MedLine.d11.s4.e3" charOffset="104-115"
            type="drug" text="azathioprine"/>
        <entity id="DDI-MedLine.d11.s4.e4" charOffset="118-129"
            type="drug" text="methotrexate"/>
        <entity id="DDI-MedLine.d11.s4.e5" charOffset="132-147"
            type="drug" text="cyclophosphamide"/>
    </sentence>
    <sentence id="DDI-MedLine.d11.s5" text="The management of infection is dealt with as a separate section."/>
</document>
