<?xml version="1.0" encoding="UTF-8"?>
<document id="DDI-MedLine.d103">
    <sentence id="DDI-MedLine.d103.s0" text="Magnesium and therapeutics.&#xd;&#xa;">
        <entity id="DDI-MedLine.d103.s0.e0" charOffset="0-8" type="drug" text="Magnesium"/>
    </sentence>
    <sentence id="DDI-MedLine.d103.s1" text="Two different types of therapy with magnesium are used: physiological oral magnesium supplementation which is totally atoxic since it palliates magnesium deficiencies by simply normalizing the magnesium intake and pharmacological magnesium therapy which may induce toxicity since it creates iatrogenic magnesium overload. ">
        <entity id="DDI-MedLine.d103.s1.e0" charOffset="36-44"
            type="drug" text="magnesium"/>
        <entity id="DDI-MedLine.d103.s1.e1" charOffset="75-83"
            type="drug" text="magnesium"/>
        <entity id="DDI-MedLine.d103.s1.e2" charOffset="144-152"
            type="drug" text="magnesium"/>
        <entity id="DDI-MedLine.d103.s1.e3" charOffset="193-201"
            type="drug" text="magnesium"/>
        <entity id="DDI-MedLine.d103.s1.e4" charOffset="230-238"
            type="drug" text="magnesium"/>
        <entity id="DDI-MedLine.d103.s1.e5" charOffset="302-310"
            type="drug" text="magnesium"/>
    </sentence>
    <sentence id="DDI-MedLine.d103.s2" text="Primary and secondary magnesium deficiencies constitute the sole indication of physiological oral magnesium therapy. ">
        <entity id="DDI-MedLine.d103.s2.e0" charOffset="22-30"
            type="drug" text="magnesium"/>
        <entity id="DDI-MedLine.d103.s2.e1" charOffset="98-106"
            type="drug" text="magnesium"/>
    </sentence>
    <sentence id="DDI-MedLine.d103.s3" text="It is therefore necessary to be well acquainted with the clinical and paraclinical pattern of magnesium deficit and to discriminate between magnesium deficiency due to an insufficient magnesium intake which only requires oral physiological supplementation and magnesium depletion related to a dysregulation of the control mechanisms of magnesium status which requires more or less specific regulation of its causal dysregulation. ">
        <entity id="DDI-MedLine.d103.s3.e0" charOffset="94-102"
            type="drug" text="magnesium"/>
        <entity id="DDI-MedLine.d103.s3.e1" charOffset="140-148"
            type="drug" text="magnesium"/>
        <entity id="DDI-MedLine.d103.s3.e2" charOffset="184-192"
            type="drug" text="magnesium"/>
        <entity id="DDI-MedLine.d103.s3.e3" charOffset="260-268"
            type="drug" text="magnesium"/>
        <entity id="DDI-MedLine.d103.s3.e4" charOffset="336-344"
            type="drug" text="magnesium"/>
    </sentence>
    <sentence id="DDI-MedLine.d103.s4" text="Physiological oral magnesium load constitutes the best tool for diagnosis of magnesium deficiency and the first step of its treatment. ">
        <entity id="DDI-MedLine.d103.s4.e0" charOffset="19-27"
            type="drug" text="magnesium"/>
        <entity id="DDI-MedLine.d103.s4.e1" charOffset="77-85"
            type="drug" text="magnesium"/>
    </sentence>
    <sentence id="DDI-MedLine.d103.s5" text="Physiological oral magnesium supplementation (5 mg/kg/day) is easy and can be carried out in the diet or with magnesium salts, with practically only one contra-indication: overt renal failure. ">
        <entity id="DDI-MedLine.d103.s5.e0" charOffset="19-27"
            type="drug" text="magnesium"/>
        <entity id="DDI-MedLine.d103.s5.e1" charOffset="110-123"
            type="drug" text="magnesium salt"/>
    </sentence>
    <sentence id="DDI-MedLine.d103.s6" text="Specific and aspecific treatments of magnesium depletion are tricky using for example magnesium sparing diuretics, pharmacological doses of vitamin B6, physiological doses of vitamin D and of selenium. ">
        <entity id="DDI-MedLine.d103.s6.e0" charOffset="37-45"
            type="drug" text="magnesium"/>
        <entity id="DDI-MedLine.d103.s6.e1" charOffset="86-112"
            type="group" text="magnesium sparing diuretics"/>
        <entity id="DDI-MedLine.d103.s6.e2" charOffset="140-149"
            type="drug" text="vitamin B6"/>
        <entity id="DDI-MedLine.d103.s6.e3" charOffset="175-183"
            type="group" text="vitamin D"/>
        <entity id="DDI-MedLine.d103.s6.e4" charOffset="192-199"
            type="drug" text="selenium"/>
    </sentence>
    <sentence id="DDI-MedLine.d103.s7" text="In order to use the pharmacological properties of induced therapeutic hypermagnesaemia, high oral doses of magnesium (> 10 mg/kg/day) are advisable for chronic indications and the parenteral route is suitable for acute indications. ">
        <entity id="DDI-MedLine.d103.s7.e0" charOffset="107-115"
            type="drug" text="magnesium"/>
    </sentence>
    <sentence id="DDI-MedLine.d103.s8" text="There are 3 types of indications: specific (for the treatment of some forms of magnesium deficit i.e. acute), pharmacological (i.e. without alterations of magnesium status) and mixed--pharmacological and aetiopathogenic--(for example complications of chronic alcoholism). ">
        <entity id="DDI-MedLine.d103.s8.e0" charOffset="79-87"
            type="drug" text="magnesium"/>
        <entity id="DDI-MedLine.d103.s8.e1" charOffset="155-163"
            type="drug" text="magnesium"/>
    </sentence>
    <sentence id="DDI-MedLine.d103.s9" text="Today pharmacological magnesium therapy mainly concerns the obstetrical, cardiological and anaesthesiological fields. ">
        <entity id="DDI-MedLine.d103.s9.e0" charOffset="22-30"
            type="drug" text="magnesium"/>
    </sentence>
    <sentence id="DDI-MedLine.d103.s10" text="The main indications are eclampsia, some dysrhythmias (torsades de pointe particularly) and myocardial ischaemias. "/>
    <sentence id="DDI-MedLine.d103.s11" text="But it is now difficult to situate the exact place of the pharmacological indications of magnesium. ">
        <entity id="DDI-MedLine.d103.s11.e0" charOffset="89-97"
            type="drug" text="magnesium"/>
    </sentence>
    <sentence id="DDI-MedLine.d103.s12" text="Magnesium infusions can only be envisaged in intensive care units with careful monitoring of pulse, arterial pressure, deep tendon reflexes, hourly diuresis, electrocardiogram and respiratory recordings. ">
        <entity id="DDI-MedLine.d103.s12.e0" charOffset="0-8"
            type="drug" text="Magnesium"/>
    </sentence>
    <sentence id="DDI-MedLine.d103.s13" text="High oral magnesium doses besides their laxative action may bring latent complications which may reduce lifespan. ">
        <entity id="DDI-MedLine.d103.s13.e0" charOffset="10-18"
            type="drug" text="magnesium"/>
    </sentence>
    <sentence id="DDI-MedLine.d103.s14" text="There may remain some indications of the laxative and antacid properties of non soluble magnesium, particularly during intermittent haemodialysis. ">
        <entity id="DDI-MedLine.d103.s14.e0" charOffset="88-96"
            type="drug" text="magnesium"/>
    </sentence>
    <sentence id="DDI-MedLine.d103.s15" text="Lastly local use of the mucocutaneous and cytoprotective properties of magnesium is still valid, in cardioplegic solutions and for preservation of transplants particularly.">
        <entity id="DDI-MedLine.d103.s15.e0" charOffset="71-79"
            type="drug" text="magnesium"/>
        <entity id="DDI-MedLine.d103.s15.e1" charOffset="100-121"
            type="drug" text="cardioplegic solutions"/>
    </sentence>
</document>
