<?xml version="1.0" encoding="UTF-8"?>
<document id="DDI-MedLine.d20">
    <sentence id="DDI-MedLine.d20.s0" text="Interaction between glycine and glutamate in the development of spontaneous motility in chick embryos.&#xa;">
        <entity id="DDI-MedLine.d20.s0.e0" charOffset="20-26"
            type="drug" text="glycine"/>
        <entity id="DDI-MedLine.d20.s0.e1" charOffset="32-40"
            type="drug" text="glutamate"/>
        <ddi id="DDI-MedLine.d20.s0.d0" e1="DDI-MedLine.d20.s0.e0"
            e2="DDI-MedLine.d20.s0.e1" type="effect"/>
    </sentence>
    <sentence id="DDI-MedLine.d20.s1" text="In this study we investigated whether also glycine fulfils the function as co-activator in glutamatergic activation of NMDA receptors in the neuronal apparatus of spontaneous motility in chick embryos. ">
        <entity id="DDI-MedLine.d20.s1.e0" charOffset="43-49"
            type="drug" text="glycine"/>
    </sentence>
    <sentence id="DDI-MedLine.d20.s2" text="The successive application of glycine (5 or 10 mg/kg egg weight (e.w.) ">
        <entity id="DDI-MedLine.d20.s2.e0" charOffset="30-36"
            type="drug" text="glycine"/>
    </sentence>
    <sentence id="DDI-MedLine.d20.s3" text="and glutamate (15 mg/kg e.w.) ">
        <entity id="DDI-MedLine.d20.s3.e0" charOffset="4-12" type="drug" text="glutamate"/>
    </sentence>
    <sentence id="DDI-MedLine.d20.s4" text="The successive application of glycine (5 or 10 mg/kg egg weight (e.w.) and glutamate (15 mg/kg e.w.) in a 10 min interval significantly increased the activation of spontaneous motility of 17-day-old chick embryos in comparison with the effect of glutamate alone. ">
        <entity id="DDI-MedLine.d20.s4.e0" charOffset="30-36"
            type="drug" text="glycine"/>
        <entity id="DDI-MedLine.d20.s4.e1" charOffset="75-83"
            type="drug" text="glutamate"/>
        <entity id="DDI-MedLine.d20.s4.e2" charOffset="246-254"
            type="drug" text="glutamate"/>
        <ddi id="DDI-MedLine.d20.s4.d0" e1="DDI-MedLine.d20.s4.e0"
            e2="DDI-MedLine.d20.s4.e1" type="effect"/>
    </sentence>
    <sentence id="DDI-MedLine.d20.s5" text="This effect did not depend on the order of application of the drugs. "/>
    <sentence id="DDI-MedLine.d20.s6" text="In 13-day-old embryos, glycine was ineffective in both doses. ">
        <entity id="DDI-MedLine.d20.s6.e0" charOffset="23-29"
            type="drug" text="glycine"/>
    </sentence>
    <sentence id="DDI-MedLine.d20.s7" text="It is concluded from these results that the modulatory effect of glycine is evidently a later developmental acquisition (after day 15 of incubation) in the embryogenesis of NMDA-ergic activation of spontaneous motility in chick embryos similarly as glycinergic inhibition.">
        <entity id="DDI-MedLine.d20.s7.e0" charOffset="65-71"
            type="drug" text="glycine"/>
    </sentence>
</document>
