<?xml version="1.0" encoding="UTF-8"?>
<document id="DDI-MedLine.d113">
    <sentence id="DDI-MedLine.d113.s0" text="Acid-catalyzed ethanolysis of temazepam in anhydrous and aqueous ethanol solutions.">
        <entity id="DDI-MedLine.d113.s0.e0" charOffset="30-38"
            type="drug" text="temazepam"/>
        <entity id="DDI-MedLine.d113.s0.e1" charOffset="65-71"
            type="drug" text="ethanol"/>
        <ddi id="DDI-MedLine.d113.s0.d0" e1="DDI-MedLine.d113.s0.e0"
            e2="DDI-MedLine.d113.s0.e1" type="mechanism"/>
    </sentence>
    <sentence id="DDI-MedLine.d113.s1" text="The benzodiazepines are a family of anxiolytic and hypnotic drugs. ">
        <entity id="DDI-MedLine.d113.s1.e0" charOffset="4-18"
            type="group" text="benzodiazepines"/>
        <entity id="DDI-MedLine.d113.s1.e1" charOffset="36-45"
            type="group" text="anxiolytic"/>
        <entity id="DDI-MedLine.d113.s1.e2" charOffset="51-64"
            type="group" text="hypnotic drugs"/>
    </sentence>
    <sentence id="DDI-MedLine.d113.s2" text="When taken concurrently with ethanol, a pharmacological interaction may occur, potentiating the central nervous system depression produced by either drug. ">
        <entity id="DDI-MedLine.d113.s2.e0" charOffset="29-35"
            type="drug" text="ethanol"/>
    </sentence>
    <sentence id="DDI-MedLine.d113.s3" text="In addition to this pharmacological interaction, this report describes a novel chemical reaction between temazepam (a benzodiazepine) and ethanol under acidic conditions similar to those found in vivo, resulting in a 3-ethoxylated product. ">
        <entity id="DDI-MedLine.d113.s3.e0" charOffset="105-113"
            type="drug" text="temazepam"/>
        <entity id="DDI-MedLine.d113.s3.e1" charOffset="118-131"
            type="group" text="benzodiazepine"/>
        <entity id="DDI-MedLine.d113.s3.e2" charOffset="138-144"
            type="drug" text="ethanol"/>
        <ddi id="DDI-MedLine.d113.s3.d0" e1="DDI-MedLine.d113.s3.e0"
            e2="DDI-MedLine.d113.s3.e2" type="mechanism"/>
    </sentence>
    <sentence id="DDI-MedLine.d113.s4" text="Optimal conditions, kinetics, equilibrium, and the mechanism of this acid-catalyzed ethanolysis are reported. "/>
    <sentence id="DDI-MedLine.d113.s5" text="The results raise the possibility that the ethanolysis reaction may occur in the stomach of people who consume alcohol and 3-hydroxy-1,4-benzodiazepine on a regular basis. ">
        <entity id="DDI-MedLine.d113.s5.e0" charOffset="111-117"
            type="drug" text="alcohol"/>
        <entity id="DDI-MedLine.d113.s5.e1" charOffset="123-150"
            type="group" text="3-hydroxy-1,4-benzodiazepine"/>
        <ddi id="DDI-MedLine.d113.s5.d0" e1="DDI-MedLine.d113.s5.e0"
            e2="DDI-MedLine.d113.s5.e1" type="mechanism"/>
    </sentence>
    <sentence id="DDI-MedLine.d113.s6" text="The acid-catalyzed ethanol-drug reaction is a relatively unexplored area and may alter the pharmacological action of some drugs.">
        <entity id="DDI-MedLine.d113.s6.e0" charOffset="19-25"
            type="drug" text="ethanol"/>
    </sentence>
</document>
