<?xml version="1.0" encoding="UTF-8"?>
<document id="DDI-DrugBank.d379">
    <sentence id="DDI-DrugBank.d379.s0" text="There have been no formal studies of the interaction of LEVULAN KERASTICK for Topical Solution with any other drugs, and no drug-specific interactions were noted during any of the controlled clinical trials.">
        <entity id="DDI-DrugBank.d379.s0.e0" charOffset="56-72"
            type="brand" text="LEVULAN KERASTICK"/>
    </sentence>
    <sentence id="DDI-DrugBank.d379.s1" text="It is, however, possible that concomitant use of other known photosensitizing agents such as griseofulvin, thiazide diuretics, sulfonylureas, phenothiazines, sulfonamides and tetracyclines might increase the photosensitivity reaction of actinic keratoses treated with the LEVULAN KERASTICK for Topical Solution.">
        <entity id="DDI-DrugBank.d379.s1.e0" charOffset="61-83"
            type="group" text="photosensitizing agents"/>
        <entity id="DDI-DrugBank.d379.s1.e1" charOffset="93-104"
            type="drug" text="griseofulvin"/>
        <entity id="DDI-DrugBank.d379.s1.e2" charOffset="107-124"
            type="group" text="thiazide diuretics"/>
        <entity id="DDI-DrugBank.d379.s1.e3" charOffset="127-139"
            type="group" text="sulfonylureas"/>
        <entity id="DDI-DrugBank.d379.s1.e4" charOffset="142-155"
            type="group" text="phenothiazines"/>
        <entity id="DDI-DrugBank.d379.s1.e5" charOffset="158-169"
            type="group" text="sulfonamides"/>
        <entity id="DDI-DrugBank.d379.s1.e6" charOffset="175-187"
            type="group" text="tetracyclines"/>
        <entity id="DDI-DrugBank.d379.s1.e7" charOffset="272-288"
            type="brand" text="LEVULAN KERASTICK"/>
        <ddi id="DDI-DrugBank.d379.s1.d0" e1="DDI-DrugBank.d379.s1.e0"
            e2="DDI-DrugBank.d379.s1.e7" type="effect"/>
        <ddi id="DDI-DrugBank.d379.s1.d1" e1="DDI-DrugBank.d379.s1.e1"
            e2="DDI-DrugBank.d379.s1.e7" type="effect"/>
        <ddi id="DDI-DrugBank.d379.s1.d2" e1="DDI-DrugBank.d379.s1.e2"
            e2="DDI-DrugBank.d379.s1.e7" type="effect"/>
        <ddi id="DDI-DrugBank.d379.s1.d3" e1="DDI-DrugBank.d379.s1.e3"
            e2="DDI-DrugBank.d379.s1.e7" type="effect"/>
        <ddi id="DDI-DrugBank.d379.s1.d4" e1="DDI-DrugBank.d379.s1.e4"
            e2="DDI-DrugBank.d379.s1.e7" type="effect"/>
        <ddi id="DDI-DrugBank.d379.s1.d5" e1="DDI-DrugBank.d379.s1.e5"
            e2="DDI-DrugBank.d379.s1.e7" type="effect"/>
        <ddi id="DDI-DrugBank.d379.s1.d6" e1="DDI-DrugBank.d379.s1.e6"
            e2="DDI-DrugBank.d379.s1.e7" type="effect"/>
    </sentence>
</document>
