<?xml version="1.0" encoding="UTF-8"?>
<document id="DDI-DrugBank.d443">
    <sentence id="DDI-DrugBank.d443.s0" text="Uricosuric Agents: Aspirin may decrease the effects of probenecid, sulfinpyrazone, and phenylbutazone.">
        <entity id="DDI-DrugBank.d443.s0.e0" charOffset="0-16"
            type="group" text="Uricosuric Agents"/>
        <entity id="DDI-DrugBank.d443.s0.e1" charOffset="19-25"
            type="brand" text="Aspirin"/>
        <entity id="DDI-DrugBank.d443.s0.e2" charOffset="55-64"
            type="drug" text="probenecid"/>
        <entity id="DDI-DrugBank.d443.s0.e3" charOffset="67-80"
            type="drug" text="sulfinpyrazone"/>
        <entity id="DDI-DrugBank.d443.s0.e4" charOffset="87-100"
            type="drug" text="phenylbutazone"/>
        <ddi id="DDI-DrugBank.d443.s0.d0" e1="DDI-DrugBank.d443.s0.e1"
            e2="DDI-DrugBank.d443.s0.e2" type="effect"/>
        <ddi id="DDI-DrugBank.d443.s0.d1" e1="DDI-DrugBank.d443.s0.e1"
            e2="DDI-DrugBank.d443.s0.e3" type="effect"/>
        <ddi id="DDI-DrugBank.d443.s0.d2" e1="DDI-DrugBank.d443.s0.e1"
            e2="DDI-DrugBank.d443.s0.e4" type="effect"/>
    </sentence>
    <sentence id="DDI-DrugBank.d443.s1" text="Alcohol: Has a synergistic effect with aspirin in causing gastrointestinal bleeding.">
        <entity id="DDI-DrugBank.d443.s1.e0" charOffset="0-6"
            type="drug" text="Alcohol"/>
        <entity id="DDI-DrugBank.d443.s1.e1" charOffset="39-45"
            type="brand" text="aspirin"/>
        <ddi id="DDI-DrugBank.d443.s1.d0" e1="DDI-DrugBank.d443.s1.e0"
            e2="DDI-DrugBank.d443.s1.e1" type="effect"/>
    </sentence>
    <sentence id="DDI-DrugBank.d443.s2" text="Corticosteroids: Concomitant administration with aspirin may increase the risk of gastrointestinal ulceration and may reduce serum salicylate levels.">
        <entity id="DDI-DrugBank.d443.s2.e0" charOffset="0-14"
            type="group" text="Corticosteroids"/>
        <entity id="DDI-DrugBank.d443.s2.e1" charOffset="49-55"
            type="brand" text="aspirin"/>
        <ddi id="DDI-DrugBank.d443.s2.d0" e1="DDI-DrugBank.d443.s2.e0"
            e2="DDI-DrugBank.d443.s2.e1" type="effect"/>
    </sentence>
    <sentence id="DDI-DrugBank.d443.s3" text="Pyrazolone Derivatives (phenylbutazone, oxyphenbutazone, and possibly dipyrone): Concomitant administration with aspirin may increase the risk of gastrointestinal ulceration.">
        <entity id="DDI-DrugBank.d443.s3.e0" charOffset="0-21"
            type="group" text="Pyrazolone Derivatives"/>
        <entity id="DDI-DrugBank.d443.s3.e1" charOffset="24-37"
            type="drug" text="phenylbutazone"/>
        <entity id="DDI-DrugBank.d443.s3.e2" charOffset="40-54"
            type="drug" text="oxyphenbutazone"/>
        <entity id="DDI-DrugBank.d443.s3.e3" charOffset="70-77"
            type="drug" text="dipyrone"/>
        <entity id="DDI-DrugBank.d443.s3.e4" charOffset="113-119"
            type="drug" text="aspirin"/>
        <ddi id="DDI-DrugBank.d443.s3.d0" e1="DDI-DrugBank.d443.s3.e0"
            e2="DDI-DrugBank.d443.s3.e4" type="effect"/>
        <ddi id="DDI-DrugBank.d443.s3.d1" e1="DDI-DrugBank.d443.s3.e1"
            e2="DDI-DrugBank.d443.s3.e4" type="effect"/>
        <ddi id="DDI-DrugBank.d443.s3.d2" e1="DDI-DrugBank.d443.s3.e2"
            e2="DDI-DrugBank.d443.s3.e4" type="effect"/>
        <ddi id="DDI-DrugBank.d443.s3.d3" e1="DDI-DrugBank.d443.s3.e3"
            e2="DDI-DrugBank.d443.s3.e4" type="effect"/>
    </sentence>
    <sentence id="DDI-DrugBank.d443.s4" text="Nonsteroidal Antiinflammatory Agents: Aspirin is contraindicated in patients who are hypersensitive to nonsteroidal anti-inflammatory agents.">
        <entity id="DDI-DrugBank.d443.s4.e0" charOffset="0-28"
            type="drug" text="Nonsteroidal Antiinflammatory"/>
        <entity id="DDI-DrugBank.d443.s4.e1" charOffset="38-44"
            type="drug" text="Aspirin"/>
        <entity id="DDI-DrugBank.d443.s4.e2" charOffset="103-132"
            type="drug" text="nonsteroidal anti-inflammatory"/>
        <ddi id="DDI-DrugBank.d443.s4.d0" e1="DDI-DrugBank.d443.s4.e1"
            e2="DDI-DrugBank.d443.s4.e2" type="advise"/>
    </sentence>
    <sentence id="DDI-DrugBank.d443.s5" text="Urinary Alkalinizers: Decrease aspirin effectiveness by increasing the rate of salicylate renal excretion.">
        <entity id="DDI-DrugBank.d443.s5.e0" charOffset="31-37"
            type="brand" text="aspirin"/>
        <entity id="DDI-DrugBank.d443.s5.e1" charOffset="79-88"
            type="group" text="salicylate"/>
    </sentence>
    <sentence id="DDI-DrugBank.d443.s6" text="Phenobarbital: Decreases aspirin effectiveness by enzyme induction.">
        <entity id="DDI-DrugBank.d443.s6.e0" charOffset="0-12"
            type="drug" text="Phenobarbital"/>
        <entity id="DDI-DrugBank.d443.s6.e1" charOffset="25-31"
            type="brand" text="aspirin"/>
        <ddi id="DDI-DrugBank.d443.s6.d0" e1="DDI-DrugBank.d443.s6.e0"
            e2="DDI-DrugBank.d443.s6.e1" type="mechanism"/>
    </sentence>
    <sentence id="DDI-DrugBank.d443.s7" text="Phenytoin: Serum phenytoin levels may be increased by aspirin.">
        <entity id="DDI-DrugBank.d443.s7.e0" charOffset="0-8"
            type="drug" text="Phenytoin"/>
        <entity id="DDI-DrugBank.d443.s7.e1" charOffset="17-25"
            type="drug" text="phenytoin"/>
        <entity id="DDI-DrugBank.d443.s7.e2" charOffset="54-60"
            type="brand" text="aspirin"/>
        <ddi id="DDI-DrugBank.d443.s7.d0" e1="DDI-DrugBank.d443.s7.e1"
            e2="DDI-DrugBank.d443.s7.e2" type="effect"/>
    </sentence>
    <sentence id="DDI-DrugBank.d443.s8" text="Propranolol: May decrease aspirins anti-inflammatory action by competing for the same receptors.">
        <entity id="DDI-DrugBank.d443.s8.e0" charOffset="0-10"
            type="drug" text="Propranolol"/>
        <entity id="DDI-DrugBank.d443.s8.e1" charOffset="26-33"
            type="brand" text="aspirins"/>
        <ddi id="DDI-DrugBank.d443.s8.d0" e1="DDI-DrugBank.d443.s8.e0"
            e2="DDI-DrugBank.d443.s8.e1" type="effect"/>
    </sentence>
    <sentence id="DDI-DrugBank.d443.s9" text="Antacids: Enteric Coated Aspirin should not be given concurrently with antacids, since an increase in the pH of the stomach may effect the enteric coating of the tablets.">
        <entity id="DDI-DrugBank.d443.s9.e0" charOffset="0-7"
            type="group" text="Antacids"/>
        <entity id="DDI-DrugBank.d443.s9.e1" charOffset="25-31"
            type="brand" text="Aspirin"/>
        <entity id="DDI-DrugBank.d443.s9.e2" charOffset="71-78"
            type="group" text="antacids"/>
        <ddi id="DDI-DrugBank.d443.s9.d0" e1="DDI-DrugBank.d443.s9.e1"
            e2="DDI-DrugBank.d443.s9.e2" type="advise"/>
    </sentence>
</document>
