<?xml version="1.0" encoding="UTF-8"?>
<document id="DDI-DrugBank.d73">
    <sentence id="DDI-DrugBank.d73.s0" text="Catecholamine-depleting drugs (eg, reserpine) may have an additive effect when given with beta-blocking agents.">
        <entity id="DDI-DrugBank.d73.s0.e0" charOffset="35-43"
            type="drug" text="reserpine"/>
        <entity id="DDI-DrugBank.d73.s0.e1" charOffset="90-108"
            type="group" text="beta-blocking agent"/>
        <ddi id="DDI-DrugBank.d73.s0.d0" e1="DDI-DrugBank.d73.s0.e0"
            e2="DDI-DrugBank.d73.s0.e1" type="effect"/>
    </sentence>
    <sentence id="DDI-DrugBank.d73.s1" text="Patients treated with TENORMIN plus a catecholamine depletor should therefore be closely observed for evidence of hypotension and/or marked bradycardia which may produce vertigo, syncope, or postural hypotension.">
        <entity id="DDI-DrugBank.d73.s1.e0" charOffset="22-29"
            type="brand" text="TENORMIN"/>
    </sentence>
    <sentence id="DDI-DrugBank.d73.s2" text="Calcium channel blockers may also have an additive effect when given with TENORMIN .">
        <entity id="DDI-DrugBank.d73.s2.e0" charOffset="0-23"
            type="group" text="Calcium channel blockers"/>
        <entity id="DDI-DrugBank.d73.s2.e1" charOffset="74-81"
            type="brand" text="TENORMIN"/>
        <ddi id="DDI-DrugBank.d73.s2.d0" e1="DDI-DrugBank.d73.s2.e0"
            e2="DDI-DrugBank.d73.s2.e1" type="effect"/>
    </sentence>
    <sentence id="DDI-DrugBank.d73.s3" text="Beta blockers may exacerbate the rebound hypertension which can follow the withdrawal of clonidine.">
        <entity id="DDI-DrugBank.d73.s3.e0" charOffset="0-12"
            type="group" text="Beta blockers"/>
        <entity id="DDI-DrugBank.d73.s3.e1" charOffset="89-97"
            type="drug" text="clonidine"/>
        <ddi id="DDI-DrugBank.d73.s3.d0" e1="DDI-DrugBank.d73.s3.e0"
            e2="DDI-DrugBank.d73.s3.e1" type="effect"/>
    </sentence>
    <sentence id="DDI-DrugBank.d73.s4" text="If the two drugs are coadministered, the beta blocker should be withdrawn several days before the gradual withdrawal of clonidine.">
        <entity id="DDI-DrugBank.d73.s4.e0" charOffset="41-52"
            type="group" text="beta blocker"/>
        <entity id="DDI-DrugBank.d73.s4.e1" charOffset="120-128"
            type="drug" text="clonidine"/>
        <ddi id="DDI-DrugBank.d73.s4.d0" e1="DDI-DrugBank.d73.s4.e0"
            e2="DDI-DrugBank.d73.s4.e1" type="advise"/>
    </sentence>
    <sentence id="DDI-DrugBank.d73.s5" text="If replacing clonidine by beta-blocker therapy, the introduction of beta blockers should be delayed for several days after clonidine administration has stopped.">
        <entity id="DDI-DrugBank.d73.s5.e0" charOffset="13-21"
            type="drug" text="clonidine"/>
        <entity id="DDI-DrugBank.d73.s5.e1" charOffset="26-37"
            type="group" text="beta-blocker"/>
        <entity id="DDI-DrugBank.d73.s5.e2" charOffset="68-80"
            type="group" text="beta blockers"/>
        <entity id="DDI-DrugBank.d73.s5.e3" charOffset="123-131"
            type="drug" text="clonidine"/>
        <ddi id="DDI-DrugBank.d73.s5.d0" e1="DDI-DrugBank.d73.s5.e2"
            e2="DDI-DrugBank.d73.s5.e3" type="advise"/>
    </sentence>
    <sentence id="DDI-DrugBank.d73.s6" text="Concomitant use of prostaglandin synthase inhibiting drugs, eg, indomethacin, may decrease the hypotensive effects of beta blockers.">
        <entity id="DDI-DrugBank.d73.s6.e0" charOffset="64-75"
            type="drug" text="indomethacin"/>
        <entity id="DDI-DrugBank.d73.s6.e1" charOffset="118-130"
            type="group" text="beta blockers"/>
        <ddi id="DDI-DrugBank.d73.s6.d0" e1="DDI-DrugBank.d73.s6.e0"
            e2="DDI-DrugBank.d73.s6.e1" type="effect"/>
    </sentence>
    <sentence id="DDI-DrugBank.d73.s7" text="Information on concurrent usage of atenolol and aspirin is limited.">
        <entity id="DDI-DrugBank.d73.s7.e0" charOffset="35-42"
            type="drug" text="atenolol"/>
        <entity id="DDI-DrugBank.d73.s7.e1" charOffset="48-54"
            type="brand" text="aspirin"/>
    </sentence>
    <sentence id="DDI-DrugBank.d73.s8" text="Data from several studies, ie, TIMI-II, ISIS-2, currently do not suggest any clinical interaction between aspirin and beta blockers in the acute myocardial infarction setting.">
        <entity id="DDI-DrugBank.d73.s8.e0" charOffset="106-112"
            type="brand" text="aspirin"/>
        <entity id="DDI-DrugBank.d73.s8.e1" charOffset="118-130"
            type="group" text="beta blockers"/>
    </sentence>
    <sentence id="DDI-DrugBank.d73.s9" text="While taking beta blockers, patients with a history of anaphylactic reaction to a variety of allergens may have a more severe reaction on repeated challenge, either accidental, diagnostic or therapeutic.">
        <entity id="DDI-DrugBank.d73.s9.e0" charOffset="13-25"
            type="group" text="beta blockers"/>
    </sentence>
    <sentence id="DDI-DrugBank.d73.s10" text="Such patients may be unresponsive to the usual doses of epinephrine used to treat the allergic reaction.">
        <entity id="DDI-DrugBank.d73.s10.e0" charOffset="56-66"
            type="drug" text="epinephrine"/>
    </sentence>
</document>
