<?xml version="1.0" encoding="UTF-8"?>
<document id="DDI-DrugBank.d424">
    <sentence id="DDI-DrugBank.d424.s0" text="Atovaquone is highly bound to plasma protein (99.9%).">
        <entity id="DDI-DrugBank.d424.s0.e0" charOffset="0-9"
            type="drug" text="Atovaquone"/>
    </sentence>
    <sentence id="DDI-DrugBank.d424.s1" text="Therefore, caution should be used when administering MEPRON concurrently with other highly plasma protein- bound drugs with narrow therapeutic indices, as competition for binding sites may occur.">
        <entity id="DDI-DrugBank.d424.s1.e0" charOffset="53-58"
            type="brand" text="MEPRON"/>
    </sentence>
    <sentence id="DDI-DrugBank.d424.s2" text="The extent of plasma protein binding of atovaquone in human plasma is not affected by the presence of therapeutic concentrations of phenytoin (15 mcg/ mL), nor is the binding of phenytoin affected by the presence of atovaquone.">
        <entity id="DDI-DrugBank.d424.s2.e0" charOffset="40-49"
            type="drug" text="atovaquone"/>
        <entity id="DDI-DrugBank.d424.s2.e1" charOffset="132-140"
            type="drug" text="phenytoin"/>
        <entity id="DDI-DrugBank.d424.s2.e2" charOffset="178-186"
            type="drug" text="phenytoin"/>
        <entity id="DDI-DrugBank.d424.s2.e3" charOffset="216-225"
            type="drug" text="atovaquone"/>
    </sentence>
    <sentence id="DDI-DrugBank.d424.s3" text="Rifampin: Coadministration of rifampin and MEPRON Suspension results in a significant decrease in average steady- state plasma atovaquone concentrations.">
        <entity id="DDI-DrugBank.d424.s3.e0" charOffset="0-7"
            type="drug" text="Rifampin"/>
        <entity id="DDI-DrugBank.d424.s3.e1" charOffset="30-37"
            type="drug" text="rifampin"/>
        <entity id="DDI-DrugBank.d424.s3.e2" charOffset="43-48"
            type="brand" text="MEPRON"/>
        <entity id="DDI-DrugBank.d424.s3.e3" charOffset="127-136"
            type="drug" text="atovaquone"/>
        <ddi id="DDI-DrugBank.d424.s3.d0" e1="DDI-DrugBank.d424.s3.e1"
            e2="DDI-DrugBank.d424.s3.e2" type="mechanism"/>
    </sentence>
    <sentence id="DDI-DrugBank.d424.s4" text="Alternatives to rifampin should be considered during the course of PCP treatment with MEPRON.">
        <entity id="DDI-DrugBank.d424.s4.e0" charOffset="16-23"
            type="drug" text="rifampin"/>
        <entity id="DDI-DrugBank.d424.s4.e1" charOffset="86-91"
            type="brand" text="MEPRON"/>
        <ddi id="DDI-DrugBank.d424.s4.d0" e1="DDI-DrugBank.d424.s4.e0"
            e2="DDI-DrugBank.d424.s4.e1" type="advise"/>
    </sentence>
    <sentence id="DDI-DrugBank.d424.s5" text="Rifabutin, another rifamycin, is structurally similar to rifampin and may possibly have some of the same drug interactions as rifampin.">
        <entity id="DDI-DrugBank.d424.s5.e0" charOffset="0-8"
            type="drug" text="Rifabutin"/>
        <entity id="DDI-DrugBank.d424.s5.e1" charOffset="19-27"
            type="drug" text="rifamycin"/>
        <entity id="DDI-DrugBank.d424.s5.e2" charOffset="57-64"
            type="drug" text="rifampin"/>
        <entity id="DDI-DrugBank.d424.s5.e3" charOffset="126-133"
            type="drug" text="rifampin"/>
    </sentence>
    <sentence id="DDI-DrugBank.d424.s6" text="No interaction trials have been conducted with MEPRON and rifabutin.">
        <entity id="DDI-DrugBank.d424.s6.e0" charOffset="47-52"
            type="brand" text="MEPRON"/>
        <entity id="DDI-DrugBank.d424.s6.e1" charOffset="58-66"
            type="drug" text="rifabutin"/>
    </sentence>
    <sentence id="DDI-DrugBank.d424.s7" text="Drug/ Laboratory Test Interactions: It is not known if MEPRON interferes with clinical laboratory test or assay results.">
        <entity id="DDI-DrugBank.d424.s7.e0" charOffset="55-60"
            type="brand" text="MEPRON"/>
    </sentence>
</document>
