<?xml version="1.0" encoding="UTF-8"?>
<document id="DDI-DrugBank.d544">
    <sentence id="DDI-DrugBank.d544.s0" text="No dose adjustment is necessary when Simulect is added to triple-immunosuppression regimens including cyclosporine, corticosteroids, and either azathioprine or mycophenolate mofetil.">
        <entity id="DDI-DrugBank.d544.s0.e0" charOffset="37-44"
            type="brand" text="Simulect"/>
        <entity id="DDI-DrugBank.d544.s0.e1" charOffset="102-113"
            type="drug" text="cyclosporine"/>
        <entity id="DDI-DrugBank.d544.s0.e2" charOffset="116-130"
            type="group" text="corticosteroids"/>
        <entity id="DDI-DrugBank.d544.s0.e3" charOffset="144-155"
            type="drug" text="azathioprine"/>
        <entity id="DDI-DrugBank.d544.s0.e4" charOffset="160-180"
            type="drug" text="mycophenolate mofetil"/>
    </sentence>
    <sentence id="DDI-DrugBank.d544.s1" text="Three clinical trials have investigated Simulect use in combination with triple-therapy regimens.">
        <entity id="DDI-DrugBank.d544.s1.e0" charOffset="40-47"
            type="brand" text="Simulect"/>
    </sentence>
    <sentence id="DDI-DrugBank.d544.s2" text="Pharmacokinetics were assessed in two of these trials."/>
    <sentence id="DDI-DrugBank.d544.s3" text="Total body clearance of Simulect was reduced by an average 22% and 51% when azathioprine and mycophenolate mofetil, respectively, were added to a regimen consisting of cyclosporine, USP (MODIFIED) and corticosteroids.">
        <entity id="DDI-DrugBank.d544.s3.e0" charOffset="24-31"
            type="brand" text="Simulect"/>
        <entity id="DDI-DrugBank.d544.s3.e1" charOffset="76-87"
            type="drug" text="azathioprine"/>
        <entity id="DDI-DrugBank.d544.s3.e2" charOffset="93-113"
            type="drug" text="mycophenolate mofetil"/>
        <entity id="DDI-DrugBank.d544.s3.e3" charOffset="168-179"
            type="drug" text="cyclosporine"/>
        <entity id="DDI-DrugBank.d544.s3.e4" charOffset="201-215"
            type="group" text="corticosteroids"/>
        <ddi id="DDI-DrugBank.d544.s3.d0" e1="DDI-DrugBank.d544.s3.e0"
            e2="DDI-DrugBank.d544.s3.e1" type="mechanism"/>
        <ddi id="DDI-DrugBank.d544.s3.d1" e1="DDI-DrugBank.d544.s3.e0"
            e2="DDI-DrugBank.d544.s3.e2" type="mechanism"/>
    </sentence>
    <sentence id="DDI-DrugBank.d544.s4" text="Nonetheless, the range of individual Simulect clearance values in the presence of azathioprine (12-57 mL/h) or mycophenolate mofetil (7-54 mL/h) did not extend outside the range observed with dual therapy (10-78 mL/h).">
        <entity id="DDI-DrugBank.d544.s4.e0" charOffset="37-44"
            type="brand" text="Simulect"/>
        <entity id="DDI-DrugBank.d544.s4.e1" charOffset="82-93"
            type="drug" text="azathioprine"/>
        <entity id="DDI-DrugBank.d544.s4.e2" charOffset="111-131"
            type="drug" text="mycophenolate mofetil"/>
    </sentence>
    <sentence id="DDI-DrugBank.d544.s5" text="The following medications have been administered in clinical trials with Simulect with no increase in adverse reactions: ATG/ALG, azathioprine, corticosteroids, cyclosporine, mycophenolate mofetil, and muromonab-CD3.">
        <entity id="DDI-DrugBank.d544.s5.e0" charOffset="73-80"
            type="brand" text="Simulect"/>
        <entity id="DDI-DrugBank.d544.s5.e1" charOffset="130-141"
            type="drug" text="azathioprine"/>
        <entity id="DDI-DrugBank.d544.s5.e2" charOffset="144-158"
            type="group" text="corticosteroids"/>
        <entity id="DDI-DrugBank.d544.s5.e3" charOffset="161-172"
            type="drug" text="cyclosporine"/>
        <entity id="DDI-DrugBank.d544.s5.e4" charOffset="175-195"
            type="drug" text="mycophenolate mofetil"/>
        <entity id="DDI-DrugBank.d544.s5.e5" charOffset="202-214"
            type="drug" text="muromonab-CD3"/>
    </sentence>
</document>
