<?xml version="1.0" encoding="UTF-8"?>
<document id="DDI-DrugBank.d47">
    <sentence id="DDI-DrugBank.d47.s0" text="Caution should be exercised when the following drugs are administered concomitantly with LODOSYN (Carbidopa) given with levodopa or carbidopa-levodopa combination products.">
        <entity id="DDI-DrugBank.d47.s0.e0" charOffset="89-95"
            type="brand" text="LODOSYN"/>
        <entity id="DDI-DrugBank.d47.s0.e1" charOffset="98-106"
            type="drug" text="Carbidopa"/>
        <entity id="DDI-DrugBank.d47.s0.e2" charOffset="120-127"
            type="drug" text="levodopa"/>
        <entity id="DDI-DrugBank.d47.s0.e3" charOffset="132-140"
            type="drug" text="carbidopa"/>
        <entity id="DDI-DrugBank.d47.s0.e4" charOffset="142-149"
            type="drug" text="levodopa"/>
    </sentence>
    <sentence id="DDI-DrugBank.d47.s1" text="For patients receiving monoamine oxidase inhibitors, see CONTRAINDICATIONS.">
        <entity id="DDI-DrugBank.d47.s1.e0" charOffset="23-50"
            type="group" text="monoamine oxidase inhibitors"/>
    </sentence>
    <sentence id="DDI-DrugBank.d47.s2" text="Dopamine D2 receptor antagonists (e.g., phenothiazines, butyrophenones, risperidone) and isoniazid may reduce the therapeutic effects of levodopa.">
        <entity id="DDI-DrugBank.d47.s2.e0" charOffset="0-31"
            type="group" text="Dopamine D2 receptor antagonists"/>
        <entity id="DDI-DrugBank.d47.s2.e1" charOffset="40-53"
            type="group" text="phenothiazines"/>
        <entity id="DDI-DrugBank.d47.s2.e2" charOffset="56-69"
            type="group" text="butyrophenones"/>
        <entity id="DDI-DrugBank.d47.s2.e3" charOffset="72-82"
            type="drug" text="risperidone"/>
        <entity id="DDI-DrugBank.d47.s2.e4" charOffset="89-97"
            type="drug" text="isoniazid"/>
        <entity id="DDI-DrugBank.d47.s2.e5" charOffset="137-144"
            type="drug" text="levodopa"/>
        <ddi id="DDI-DrugBank.d47.s2.d0" e1="DDI-DrugBank.d47.s2.e0"
            e2="DDI-DrugBank.d47.s2.e5" type="effect"/>
        <ddi id="DDI-DrugBank.d47.s2.d1" e1="DDI-DrugBank.d47.s2.e1"
            e2="DDI-DrugBank.d47.s2.e5" type="effect"/>
        <ddi id="DDI-DrugBank.d47.s2.d2" e1="DDI-DrugBank.d47.s2.e2"
            e2="DDI-DrugBank.d47.s2.e5" type="effect"/>
        <ddi id="DDI-DrugBank.d47.s2.d3" e1="DDI-DrugBank.d47.s2.e3"
            e2="DDI-DrugBank.d47.s2.e5" type="effect"/>
        <ddi id="DDI-DrugBank.d47.s2.d4" e1="DDI-DrugBank.d47.s2.e4"
            e2="DDI-DrugBank.d47.s2.e5" type="effect"/>
    </sentence>
    <sentence id="DDI-DrugBank.d47.s3" text="In addition, the beneficial effects of levodopa in Parkinsons disease have been reported to be reversed by phenytoin and papaverine.">
        <entity id="DDI-DrugBank.d47.s3.e0" charOffset="39-46"
            type="drug" text="levodopa"/>
        <entity id="DDI-DrugBank.d47.s3.e1" charOffset="107-115"
            type="drug" text="phenytoin"/>
        <entity id="DDI-DrugBank.d47.s3.e2" charOffset="121-130"
            type="drug" text="papaverine"/>
        <ddi id="DDI-DrugBank.d47.s3.d0" e1="DDI-DrugBank.d47.s3.e0"
            e2="DDI-DrugBank.d47.s3.e1" type="effect"/>
        <ddi id="DDI-DrugBank.d47.s3.d1" e1="DDI-DrugBank.d47.s3.e0"
            e2="DDI-DrugBank.d47.s3.e2" type="effect"/>
    </sentence>
    <sentence id="DDI-DrugBank.d47.s4" text="Patients taking these drugs with LODOSYN and levodopa or carbidopa-levodopa combination products should be carefully observed for loss of therapeutic response.">
        <entity id="DDI-DrugBank.d47.s4.e0" charOffset="33-39"
            type="brand" text="LODOSYN"/>
        <entity id="DDI-DrugBank.d47.s4.e1" charOffset="45-52"
            type="drug" text="levodopa"/>
        <entity id="DDI-DrugBank.d47.s4.e2" charOffset="57-65"
            type="drug" text="carbidopa"/>
        <entity id="DDI-DrugBank.d47.s4.e3" charOffset="67-74"
            type="drug" text="levodopa"/>
    </sentence>
    <sentence id="DDI-DrugBank.d47.s5" text="Iron salts may reduce the bioavailability of carbidopa and levodopa.">
        <entity id="DDI-DrugBank.d47.s5.e0" charOffset="0-3" type="drug" text="Iron"/>
        <entity id="DDI-DrugBank.d47.s5.e1" charOffset="45-53"
            type="drug" text="carbidopa"/>
        <entity id="DDI-DrugBank.d47.s5.e2" charOffset="59-66"
            type="drug" text="levodopa"/>
        <ddi id="DDI-DrugBank.d47.s5.d0" e1="DDI-DrugBank.d47.s5.e0"
            e2="DDI-DrugBank.d47.s5.e1" type="mechanism"/>
        <ddi id="DDI-DrugBank.d47.s5.d1" e1="DDI-DrugBank.d47.s5.e0"
            e2="DDI-DrugBank.d47.s5.e2" type="mechanism"/>
    </sentence>
    <sentence id="DDI-DrugBank.d47.s6" text="The clinical relevance is unclear."/>
    <sentence id="DDI-DrugBank.d47.s7" text="Although metoclopramide may increase the bioavailability of levodopa by increasing gastric emptying, metoclopramide may also adversely affect disease control by its dopamine receptor antagonistic properties.">
        <entity id="DDI-DrugBank.d47.s7.e0" charOffset="9-22"
            type="drug" text="metoclopramide"/>
        <entity id="DDI-DrugBank.d47.s7.e1" charOffset="60-67"
            type="drug" text="levodopa"/>
        <entity id="DDI-DrugBank.d47.s7.e2" charOffset="101-114"
            type="drug" text="metoclopramide"/>
        <ddi id="DDI-DrugBank.d47.s7.d0" e1="DDI-DrugBank.d47.s7.e0"
            e2="DDI-DrugBank.d47.s7.e1" type="mechanism"/>
    </sentence>
</document>
