<?xml version="1.0" encoding="UTF-8"?>
<document id="DDI-DrugBank.d269">
    <sentence id="DDI-DrugBank.d269.s0" text="Inhibitors of CYP2D6;"/>
    <sentence id="DDI-DrugBank.d269.s1" text="poor metabolizers of debrisoquin: Interactions of carvedilol with strong inhibitors of CYP2D6 (such as quinidine, fluoxetine, paroxetine, and propafenone) have not been studied, but these drugs would be expected to increase blood levels of the R(+) enantiomer of carvedilol .">
        <entity id="DDI-DrugBank.d269.s1.e0" charOffset="21-31"
            type="drug" text="debrisoquin"/>
        <entity id="DDI-DrugBank.d269.s1.e1" charOffset="50-59"
            type="drug" text="carvedilol"/>
        <entity id="DDI-DrugBank.d269.s1.e2" charOffset="103-111"
            type="drug" text="quinidine"/>
        <entity id="DDI-DrugBank.d269.s1.e3" charOffset="114-123"
            type="drug" text="fluoxetine"/>
        <entity id="DDI-DrugBank.d269.s1.e4" charOffset="126-135"
            type="drug" text="paroxetine"/>
        <entity id="DDI-DrugBank.d269.s1.e5" charOffset="142-152"
            type="drug" text="propafenone"/>
        <entity id="DDI-DrugBank.d269.s1.e6" charOffset="263-272"
            type="drug" text="carvedilol"/>
        <ddi id="DDI-DrugBank.d269.s1.d0" e1="DDI-DrugBank.d269.s1.e2"
            e2="DDI-DrugBank.d269.s1.e6" type="effect"/>
        <ddi id="DDI-DrugBank.d269.s1.d1" e1="DDI-DrugBank.d269.s1.e3"
            e2="DDI-DrugBank.d269.s1.e6" type="effect"/>
        <ddi id="DDI-DrugBank.d269.s1.d2" e1="DDI-DrugBank.d269.s1.e4"
            e2="DDI-DrugBank.d269.s1.e6" type="effect"/>
        <ddi id="DDI-DrugBank.d269.s1.d3" e1="DDI-DrugBank.d269.s1.e5"
            e2="DDI-DrugBank.d269.s1.e6" type="effect"/>
    </sentence>
    <sentence id="DDI-DrugBank.d269.s2" text="Retrospective analysis of side effects in clinical trials showed that poor 2D6 metabolizers had a higher rate of dizziness during up-titration, presumably resulting from vasodilating effects of the higher concentrations of the a-blocking R(+) enantiomer."/>
    <sentence id="DDI-DrugBank.d269.s3" text="Catecholamine-depleting Agents: Patients taking both agents with b-blocking properties and a drug that can deplete catecholamines (e.g., reserpine and monoamine oxidase inhibitors) should be observed closely for signs of hypotension and/or severe bradycardia.">
        <entity id="DDI-DrugBank.d269.s3.e0" charOffset="53-85"
            type="group" text="agents with b-blocking properties"/>
        <entity id="DDI-DrugBank.d269.s3.e1" charOffset="137-145"
            type="drug" text="reserpine"/>
        <entity id="DDI-DrugBank.d269.s3.e2" charOffset="151-178"
            type="group" text="monoamine oxidase inhibitors"/>
        <ddi id="DDI-DrugBank.d269.s3.d0" e1="DDI-DrugBank.d269.s3.e0"
            e2="DDI-DrugBank.d269.s3.e1" type="effect"/>
        <ddi id="DDI-DrugBank.d269.s3.d1" e1="DDI-DrugBank.d269.s3.e0"
            e2="DDI-DrugBank.d269.s3.e2" type="effect"/>
    </sentence>
    <sentence id="DDI-DrugBank.d269.s4" text="Clonidine: Concomitant administration of clonidine with agents with b-blocking properties may potentiate blood-pressure- and heart-rate-lowering effects.">
        <entity id="DDI-DrugBank.d269.s4.e0" charOffset="0-8"
            type="drug" text="Clonidine"/>
        <entity id="DDI-DrugBank.d269.s4.e1" charOffset="41-49"
            type="drug" text="clonidine"/>
        <entity id="DDI-DrugBank.d269.s4.e2" charOffset="56-88"
            type="group" text="agents with b-blocking properties"/>
        <ddi id="DDI-DrugBank.d269.s4.d0" e1="DDI-DrugBank.d269.s4.e1"
            e2="DDI-DrugBank.d269.s4.e2" type="effect"/>
    </sentence>
    <sentence id="DDI-DrugBank.d269.s5" text="When concomitant treatment with agents with b-blocking properties and clonidine is to be terminated, the b-blocking agent should be discontinued first.">
        <entity id="DDI-DrugBank.d269.s5.e0" charOffset="32-64"
            type="group" text="agents with b-blocking properties"/>
        <entity id="DDI-DrugBank.d269.s5.e1" charOffset="70-78"
            type="drug" text="clonidine"/>
        <entity id="DDI-DrugBank.d269.s5.e2" charOffset="105-120"
            type="group" text="b-blocking agent"/>
        <ddi id="DDI-DrugBank.d269.s5.d0" e1="DDI-DrugBank.d269.s5.e0"
            e2="DDI-DrugBank.d269.s5.e1" type="advise"/>
    </sentence>
    <sentence id="DDI-DrugBank.d269.s6" text="Clonidine therapy can then be discontinued several days later by gradually decreasing the dosage.">
        <entity id="DDI-DrugBank.d269.s6.e0" charOffset="0-8"
            type="drug" text="Clonidine"/>
    </sentence>
    <sentence id="DDI-DrugBank.d269.s7" text="Cyclosporine: Modest increases in mean trough cyclosporine concentrations were observed following initiation of carvedilol treatment in 21 renal transplant patients suffering from chronic vascular rejection.">
        <entity id="DDI-DrugBank.d269.s7.e0" charOffset="0-11"
            type="drug" text="Cyclosporine"/>
        <entity id="DDI-DrugBank.d269.s7.e1" charOffset="46-57"
            type="drug" text="cyclosporine"/>
        <entity id="DDI-DrugBank.d269.s7.e2" charOffset="112-121"
            type="drug" text="carvedilol"/>
        <ddi id="DDI-DrugBank.d269.s7.d0" e1="DDI-DrugBank.d269.s7.e1"
            e2="DDI-DrugBank.d269.s7.e2" type="mechanism"/>
    </sentence>
    <sentence id="DDI-DrugBank.d269.s8" text="In about 30% of patients, the dose of cyclosporine had to be reduced in order to maintain cyclosporine concentrations within the therapeutic range, while in the remainder no adjustment was needed.">
        <entity id="DDI-DrugBank.d269.s8.e0" charOffset="38-49"
            type="drug" text="cyclosporine"/>
        <entity id="DDI-DrugBank.d269.s8.e1" charOffset="90-101"
            type="drug" text="cyclosporine"/>
    </sentence>
    <sentence id="DDI-DrugBank.d269.s9" text="On the average for the group, the dose of cyclosporine was reduced about 20% in these patients.">
        <entity id="DDI-DrugBank.d269.s9.e0" charOffset="42-53"
            type="drug" text="cyclosporine"/>
    </sentence>
    <sentence id="DDI-DrugBank.d269.s10" text="Due to wide interindividual variability in the dose adjustment required, it is recommended that cyclosporine concentrations be monitored closely after initiation of carvedilol therapy and that the dose of cyclosporine be adjusted as appropriate.">
        <entity id="DDI-DrugBank.d269.s10.e0" charOffset="96-107"
            type="drug" text="cyclosporine"/>
        <entity id="DDI-DrugBank.d269.s10.e1" charOffset="165-174"
            type="drug" text="carvedilol"/>
        <entity id="DDI-DrugBank.d269.s10.e2" charOffset="205-216"
            type="drug" text="cyclosporine"/>
        <ddi id="DDI-DrugBank.d269.s10.d0" e1="DDI-DrugBank.d269.s10.e0"
            e2="DDI-DrugBank.d269.s10.e1" type="advise"/>
        <ddi id="DDI-DrugBank.d269.s10.d1" e1="DDI-DrugBank.d269.s10.e1"
            e2="DDI-DrugBank.d269.s10.e2" type="advise"/>
    </sentence>
    <sentence id="DDI-DrugBank.d269.s11" text="Digoxin: Digoxin concentrations are increased by about 15% when digoxin and carvedilol are administered concomitantly.">
        <entity id="DDI-DrugBank.d269.s11.e0" charOffset="0-6"
            type="drug" text="Digoxin"/>
        <entity id="DDI-DrugBank.d269.s11.e1" charOffset="9-15"
            type="drug" text="Digoxin"/>
        <entity id="DDI-DrugBank.d269.s11.e2" charOffset="64-70"
            type="drug" text="digoxin"/>
        <entity id="DDI-DrugBank.d269.s11.e3" charOffset="76-85"
            type="drug" text="carvedilol"/>
        <ddi id="DDI-DrugBank.d269.s11.d0" e1="DDI-DrugBank.d269.s11.e2"
            e2="DDI-DrugBank.d269.s11.e3" type="mechanism"/>
    </sentence>
    <sentence id="DDI-DrugBank.d269.s12" text="Both digoxin and COREG slow AV conduction.">
        <entity id="DDI-DrugBank.d269.s12.e0" charOffset="5-11"
            type="drug" text="digoxin"/>
        <entity id="DDI-DrugBank.d269.s12.e1" charOffset="17-21"
            type="brand" text="COREG"/>
        <ddi id="DDI-DrugBank.d269.s12.d0" e1="DDI-DrugBank.d269.s12.e0"
            e2="DDI-DrugBank.d269.s12.e1" type="effect"/>
    </sentence>
    <sentence id="DDI-DrugBank.d269.s13" text="Therefore, increased monitoring of digoxin is recommended when initiating, adjusting, or discontinuing COREG.">
        <entity id="DDI-DrugBank.d269.s13.e0" charOffset="35-41"
            type="drug" text="digoxin"/>
        <entity id="DDI-DrugBank.d269.s13.e1" charOffset="103-107"
            type="brand" text="COREG"/>
        <ddi id="DDI-DrugBank.d269.s13.d0" e1="DDI-DrugBank.d269.s13.e0"
            e2="DDI-DrugBank.d269.s13.e1" type="advise"/>
    </sentence>
    <sentence id="DDI-DrugBank.d269.s14" text="Inducers and Inhibitors of Hepatic Metabolism: Rifampin reduced plasma concentrations of carvedilol by about 70%.">
        <entity id="DDI-DrugBank.d269.s14.e0" charOffset="47-54"
            type="drug" text="Rifampin"/>
        <entity id="DDI-DrugBank.d269.s14.e1" charOffset="89-98"
            type="drug" text="carvedilol"/>
        <ddi id="DDI-DrugBank.d269.s14.d0" e1="DDI-DrugBank.d269.s14.e0"
            e2="DDI-DrugBank.d269.s14.e1" type="mechanism"/>
    </sentence>
    <sentence id="DDI-DrugBank.d269.s15" text="Cimetidine increased AUC by about 30% but caused no change in Cmax.">
        <entity id="DDI-DrugBank.d269.s15.e0" charOffset="0-9"
            type="drug" text="Cimetidine"/>
    </sentence>
    <sentence id="DDI-DrugBank.d269.s16" text="Calcium Channel Blockers: Isolated cases of conduction disturbance (rarely with hemodynamic compromise) have been observed when COREG is co-administered with diltiazem.">
        <entity id="DDI-DrugBank.d269.s16.e0" charOffset="0-23"
            type="group" text="Calcium Channel Blockers"/>
        <entity id="DDI-DrugBank.d269.s16.e1" charOffset="128-132"
            type="brand" text="COREG"/>
        <entity id="DDI-DrugBank.d269.s16.e2" charOffset="158-166"
            type="drug" text="diltiazem"/>
        <ddi id="DDI-DrugBank.d269.s16.d0" e1="DDI-DrugBank.d269.s16.e1"
            e2="DDI-DrugBank.d269.s16.e2" type="effect"/>
    </sentence>
    <sentence id="DDI-DrugBank.d269.s17" text="As with other agents with b-blocking properties, if COREG is to be administered orally with calcium channel blockers of the verapamil or diltiazem type, it is recommended that ECG and blood pressure be monitored.">
        <entity id="DDI-DrugBank.d269.s17.e0" charOffset="14-46"
            type="group" text="agents with b-blocking properties"/>
        <entity id="DDI-DrugBank.d269.s17.e1" charOffset="52-56"
            type="brand" text="COREG"/>
        <entity id="DDI-DrugBank.d269.s17.e2" charOffset="92-115"
            type="group" text="calcium channel blockers"/>
        <entity id="DDI-DrugBank.d269.s17.e3" charOffset="124-132"
            type="drug" text="verapamil"/>
        <entity id="DDI-DrugBank.d269.s17.e4" charOffset="137-145"
            type="drug" text="diltiazem"/>
        <ddi id="DDI-DrugBank.d269.s17.d0" e1="DDI-DrugBank.d269.s17.e1"
            e2="DDI-DrugBank.d269.s17.e3" type="advise"/>
        <ddi id="DDI-DrugBank.d269.s17.d1" e1="DDI-DrugBank.d269.s17.e1"
            e2="DDI-DrugBank.d269.s17.e4" type="advise"/>
    </sentence>
    <sentence id="DDI-DrugBank.d269.s18" text="Insulin or Oral Hypoglycemics: Agents with b-blocking properties may enhance the blood-sugar-reducing effect of insulin and oral hypoglycemics.">
        <entity id="DDI-DrugBank.d269.s18.e0" charOffset="0-6"
            type="drug" text="Insulin"/>
        <entity id="DDI-DrugBank.d269.s18.e1" charOffset="16-28"
            type="group" text="Hypoglycemics"/>
        <entity id="DDI-DrugBank.d269.s18.e2" charOffset="31-63"
            type="group" text="Agents with b-blocking properties"/>
        <entity id="DDI-DrugBank.d269.s18.e3" charOffset="112-118"
            type="drug" text="insulin"/>
        <entity id="DDI-DrugBank.d269.s18.e4" charOffset="129-141"
            type="group" text="hypoglycemics"/>
        <ddi id="DDI-DrugBank.d269.s18.d0" e1="DDI-DrugBank.d269.s18.e2"
            e2="DDI-DrugBank.d269.s18.e3" type="effect"/>
        <ddi id="DDI-DrugBank.d269.s18.d1" e1="DDI-DrugBank.d269.s18.e2"
            e2="DDI-DrugBank.d269.s18.e4" type="effect"/>
    </sentence>
    <sentence id="DDI-DrugBank.d269.s19" text="Therefore, in patients taking insulin or oral hypoglycemics, regular monitoring of blood glucose is recommended.">
        <entity id="DDI-DrugBank.d269.s19.e0" charOffset="30-36"
            type="drug" text="insulin"/>
        <entity id="DDI-DrugBank.d269.s19.e1" charOffset="46-58"
            type="group" text="hypoglycemics"/>
    </sentence>
</document>
