<?xml version="1.0" encoding="UTF-8"?>
<document id="DDI-DrugBank.d122">
    <sentence id="DDI-DrugBank.d122.s0" text="Nephrotoxicity has been reported following concomitant administration of cephalosporins with aminoglycoside antibiotics or potent diuretics such as furosemide.">
        <entity id="DDI-DrugBank.d122.s0.e0" charOffset="73-86"
            type="group" text="cephalosporins"/>
        <entity id="DDI-DrugBank.d122.s0.e1" charOffset="93-118"
            type="group" text="aminoglycoside antibiotics"/>
        <entity id="DDI-DrugBank.d122.s0.e2" charOffset="130-138"
            type="group" text="diuretics"/>
        <entity id="DDI-DrugBank.d122.s0.e3" charOffset="148-157"
            type="drug" text="furosemide"/>
        <ddi id="DDI-DrugBank.d122.s0.d0" e1="DDI-DrugBank.d122.s0.e0"
            e2="DDI-DrugBank.d122.s0.e1" type="effect"/>
        <ddi id="DDI-DrugBank.d122.s0.d1" e1="DDI-DrugBank.d122.s0.e0"
            e2="DDI-DrugBank.d122.s0.e2" type="effect"/>
        <ddi id="DDI-DrugBank.d122.s0.d2" e1="DDI-DrugBank.d122.s0.e0"
            e2="DDI-DrugBank.d122.s0.e3" type="effect"/>
    </sentence>
    <sentence id="DDI-DrugBank.d122.s1" text="Renal function should be carefully monitored, especially if higher dosages of the aminoglycosides are to be administered or if therapy is prolonged, because of the potential nephrotoxicity and ototoxicity of aminoglycosidic antibiotics.">
        <entity id="DDI-DrugBank.d122.s1.e0" charOffset="82-96"
            type="group" text="aminoglycosides"/>
        <entity id="DDI-DrugBank.d122.s1.e1" charOffset="208-234"
            type="group" text="aminoglycosidic antibiotics"/>
    </sentence>
    <sentence id="DDI-DrugBank.d122.s2" text="Nephrotoxicity and ototoxicity were not noted when ceftazidime was given alone in clinical trials.">
        <entity id="DDI-DrugBank.d122.s2.e0" charOffset="51-61"
            type="drug" text="ceftazidime"/>
    </sentence>
    <sentence id="DDI-DrugBank.d122.s3" text="Chloramphenicol has been shown to be antagonistic to beta-lactam antibiotics, including ceftazidime, based on in vitro studies and time kill curves with enteric gram-negative bacilli.">
        <entity id="DDI-DrugBank.d122.s3.e0" charOffset="0-14"
            type="drug" text="Chloramphenicol"/>
        <entity id="DDI-DrugBank.d122.s3.e1" charOffset="53-75"
            type="group" text="beta-lactam antibiotics"/>
        <entity id="DDI-DrugBank.d122.s3.e2" charOffset="88-98"
            type="drug" text="ceftazidime"/>
        <ddi id="DDI-DrugBank.d122.s3.d0" e1="DDI-DrugBank.d122.s3.e0"
            e2="DDI-DrugBank.d122.s3.e1" type="effect"/>
        <ddi id="DDI-DrugBank.d122.s3.d1" e1="DDI-DrugBank.d122.s3.e0"
            e2="DDI-DrugBank.d122.s3.e2" type="effect"/>
    </sentence>
    <sentence id="DDI-DrugBank.d122.s4" text="Due to the possibility of antagonism in vivo, particularly when bactericidal activity is desired, this drug combination should be avoided."/>
    <sentence id="DDI-DrugBank.d122.s5" text="Drug/Laboratory Test Interactions The administration of ceftazidime may result in a false-positive reaction for glucose in the urine when using CLINITEST  tablets, Benedicts solution, or Fehlings solution.">
        <entity id="DDI-DrugBank.d122.s5.e0" charOffset="56-66"
            type="drug" text="ceftazidime"/>
    </sentence>
    <sentence id="DDI-DrugBank.d122.s6" text="It is recommended that glucose tests based on enzymatic glucose oxidase reactions (such as CLINISTIX  or TES-TAPE ) be used."/>
</document>
