<?xml version="1.0" encoding="UTF-8"?>
<document id="DDI-DrugBank.d141">
    <sentence id="DDI-DrugBank.d141.s0" text="Immunosuppressive Drugs, Fibric Acid Derivatives, Niacin (Nicotinic Acid, Erythromycin, Azole Antifungals: Skeletal Muscle.">
        <entity id="DDI-DrugBank.d141.s0.e0" charOffset="0-22"
            type="group" text="Immunosuppressive Drugs"/>
        <entity id="DDI-DrugBank.d141.s0.e1" charOffset="25-47"
            type="group" text="Fibric Acid Derivatives"/>
        <entity id="DDI-DrugBank.d141.s0.e2" charOffset="50-55"
            type="drug" text="Niacin"/>
        <entity id="DDI-DrugBank.d141.s0.e3" charOffset="58-71"
            type="drug" text="Nicotinic Acid"/>
        <entity id="DDI-DrugBank.d141.s0.e4" charOffset="74-85"
            type="drug" text="Erythromycin"/>
        <entity id="DDI-DrugBank.d141.s0.e5" charOffset="88-104"
            type="group" text="Azole Antifungals"/>
    </sentence>
    <sentence id="DDI-DrugBank.d141.s1" text="ANTACID (Magnesium-Aluminum Hydroxide): Cerivastatin plasma concentrations were not affected by co-administration of antacid.">
        <entity id="DDI-DrugBank.d141.s1.e0" charOffset="0-6"
            type="group" text="ANTACID"/>
        <entity id="DDI-DrugBank.d141.s1.e1" charOffset="9-36"
            type="drug" text="Magnesium-Aluminum Hydroxide"/>
        <entity id="DDI-DrugBank.d141.s1.e2" charOffset="40-51"
            type="drug" text="Cerivastatin"/>
        <entity id="DDI-DrugBank.d141.s1.e3" charOffset="117-123"
            type="group" text="antacid"/>
    </sentence>
    <sentence id="DDI-DrugBank.d141.s2" text="CIMETlDINE: Cerivastatin plasma concentrations were not affected by co-administration of cimetidine.">
        <entity id="DDI-DrugBank.d141.s2.e0" charOffset="0-9"
            type="drug" text="CIMETlDINE"/>
        <entity id="DDI-DrugBank.d141.s2.e1" charOffset="12-23"
            type="drug" text="Cerivastatin"/>
        <entity id="DDI-DrugBank.d141.s2.e2" charOffset="89-98"
            type="drug" text="cimetidine"/>
    </sentence>
    <sentence id="DDI-DrugBank.d141.s3" text="CHOLESTYRAMINE: The influence of the bile-acidsequestering agent cholestyramine on the pharmacokinetits of cerivastatin sodium was evaluated in 12 healthy males in 2 separate randomized crossover studies.">
        <entity id="DDI-DrugBank.d141.s3.e0" charOffset="0-13"
            type="drug" text="CHOLESTYRAMINE"/>
        <entity id="DDI-DrugBank.d141.s3.e1" charOffset="65-78"
            type="drug" text="cholestyramine"/>
        <entity id="DDI-DrugBank.d141.s3.e2" charOffset="107-125"
            type="drug" text="cerivastatin sodium"/>
    </sentence>
    <sentence id="DDI-DrugBank.d141.s4" text="In the first study, concomitant administration of 0.2 mg cerivastatin sodium and 12 g cholestyramine resulted in decreases of more than 22% for AUC and 40% for Cmax when compared to dosing cerivastatin sodium alone.">
        <entity id="DDI-DrugBank.d141.s4.e0" charOffset="57-75"
            type="drug" text="cerivastatin sodium"/>
        <entity id="DDI-DrugBank.d141.s4.e1" charOffset="86-99"
            type="drug" text="cholestyramine"/>
        <entity id="DDI-DrugBank.d141.s4.e2" charOffset="189-207"
            type="drug" text="cerivastatin sodium"/>
        <ddi id="DDI-DrugBank.d141.s4.d0" e1="DDI-DrugBank.d141.s4.e0"
            e2="DDI-DrugBank.d141.s4.e1" type="mechanism"/>
    </sentence>
    <sentence id="DDI-DrugBank.d141.s5" text="However, in the second study, administration of 12 g cholestyramine 1 hour before the evening meal and 0.3 mg cerivastatin sodium approximately 4 hours after the same evening meal resulted in a decrease in the cerivastatin AUC of less than 8%, and a decrease in Cmax of about 30% when compared to dosing cerivastatin sodium alone.">
        <entity id="DDI-DrugBank.d141.s5.e0" charOffset="53-66"
            type="drug" text="cholestyramine"/>
        <entity id="DDI-DrugBank.d141.s5.e1" charOffset="110-128"
            type="drug" text="cerivastatin sodium"/>
        <entity id="DDI-DrugBank.d141.s5.e2" charOffset="210-221"
            type="drug" text="cerivastatin"/>
        <entity id="DDI-DrugBank.d141.s5.e3" charOffset="304-322"
            type="drug" text="cerivastatin sodium"/>
        <ddi id="DDI-DrugBank.d141.s5.d0" e1="DDI-DrugBank.d141.s5.e0"
            e2="DDI-DrugBank.d141.s5.e1" type="mechanism"/>
    </sentence>
    <sentence id="DDI-DrugBank.d141.s6" text="Therefore, it would be expected that a dosing schedule of cerivastatin sodium given at bedtime and cholestyramine given before the evening meal would not result in a significant decrease in the clinical effect of cerivastatin sodium.">
        <entity id="DDI-DrugBank.d141.s6.e0" charOffset="58-76"
            type="drug" text="cerivastatin sodium"/>
        <entity id="DDI-DrugBank.d141.s6.e1" charOffset="99-112"
            type="drug" text="cholestyramine"/>
        <entity id="DDI-DrugBank.d141.s6.e2" charOffset="213-231"
            type="drug" text="cerivastatin sodium"/>
    </sentence>
    <sentence id="DDI-DrugBank.d141.s7" text="DIGOXIN: Plasma digoxin levels and digoxin clearance at steady-state were not affected by co-administration of 0.2 mg cerivastatin sodium.">
        <entity id="DDI-DrugBank.d141.s7.e0" charOffset="0-6"
            type="drug" text="DIGOXIN"/>
        <entity id="DDI-DrugBank.d141.s7.e1" charOffset="16-22"
            type="drug" text="digoxin"/>
        <entity id="DDI-DrugBank.d141.s7.e2" charOffset="35-41"
            type="drug" text="digoxin"/>
        <entity id="DDI-DrugBank.d141.s7.e3" charOffset="118-136"
            type="drug" text="cerivastatin sodium"/>
    </sentence>
    <sentence id="DDI-DrugBank.d141.s8" text="Cerivastatin plasma concentrations were also not affected by co-administration of digoxin.">
        <entity id="DDI-DrugBank.d141.s8.e0" charOffset="0-11"
            type="drug" text="Cerivastatin"/>
        <entity id="DDI-DrugBank.d141.s8.e1" charOffset="82-88"
            type="drug" text="digoxin"/>
    </sentence>
    <sentence id="DDI-DrugBank.d141.s9" text="WARFARIN: Co- administration of warfarin and cerivastatin to healthy volunteers did not result in any changes in prothrombin time or clotting factor VII when compared to co-administration of warfarin and placebo.">
        <entity id="DDI-DrugBank.d141.s9.e0" charOffset="0-7"
            type="drug" text="WARFARIN"/>
        <entity id="DDI-DrugBank.d141.s9.e1" charOffset="32-39"
            type="drug" text="warfarin"/>
        <entity id="DDI-DrugBank.d141.s9.e2" charOffset="45-56"
            type="drug" text="cerivastatin"/>
        <entity id="DDI-DrugBank.d141.s9.e3" charOffset="191-198"
            type="drug" text="warfarin"/>
    </sentence>
    <sentence id="DDI-DrugBank.d141.s10" text="The AUC and Cmax of both the (R) and (S) isomers of warfarin were unaffected by concurrent dosing of 0.3 mg cerivastatin sodium.">
        <entity id="DDI-DrugBank.d141.s10.e0" charOffset="52-59"
            type="drug" text="warfarin"/>
        <entity id="DDI-DrugBank.d141.s10.e1" charOffset="108-126"
            type="drug" text="cerivastatin sodium"/>
    </sentence>
    <sentence id="DDI-DrugBank.d141.s11" text="Co-administration of warfarin and cerivastatin did not alter the pharmacokinetics of cerivastatin sodium.">
        <entity id="DDI-DrugBank.d141.s11.e0" charOffset="21-28"
            type="drug" text="warfarin"/>
        <entity id="DDI-DrugBank.d141.s11.e1" charOffset="34-45"
            type="drug" text="cerivastatin"/>
        <entity id="DDI-DrugBank.d141.s11.e2" charOffset="85-103"
            type="drug" text="cerivastatin sodium"/>
    </sentence>
    <sentence id="DDI-DrugBank.d141.s12" text="ERYTHROMYCIN: In hypercholesterolemic patients, steady-state cerivastatin AUC and Cmax increased approximately 50% and 24% respectively after 10 days with co-administration of erythromycin, a known inhibitor of cytochrome P450 3A4.">
        <entity id="DDI-DrugBank.d141.s12.e0" charOffset="0-11"
            type="drug" text="ERYTHROMYCIN"/>
        <entity id="DDI-DrugBank.d141.s12.e1" charOffset="61-72"
            type="drug" text="cerivastatin"/>
        <entity id="DDI-DrugBank.d141.s12.e2" charOffset="176-187"
            type="drug" text="erythromycin"/>
        <ddi id="DDI-DrugBank.d141.s12.d0" e1="DDI-DrugBank.d141.s12.e1"
            e2="DDI-DrugBank.d141.s12.e2" type="mechanism"/>
    </sentence>
    <sentence id="DDI-DrugBank.d141.s13" text="OTHER CONCOMITANT THERAPY: Although specific interaction studies were not performed, in clinical studies, cerivastatin sodium was used concomitantly with angiotensin- converting enzyme (ACE) inhibitors, betablockers, calcium-channel blockers, diuretics, and nonsteroidal anti-inflammatory drugs (NSAIDs) without evidence of clinically significant adverse interactions.">
        <entity id="DDI-DrugBank.d141.s13.e0" charOffset="106-124"
            type="drug" text="cerivastatin sodium"/>
        <entity id="DDI-DrugBank.d141.s13.e1" charOffset="154-200"
            type="group" text="angiotensin- converting enzyme (ACE) inhibitors"/>
        <entity id="DDI-DrugBank.d141.s13.e2" charOffset="203-214"
            type="group" text="betablockers"/>
        <entity id="DDI-DrugBank.d141.s13.e3" charOffset="217-240"
            type="group" text="calcium-channel blockers"/>
        <entity id="DDI-DrugBank.d141.s13.e4" charOffset="243-251"
            type="group" text="diuretics"/>
        <entity id="DDI-DrugBank.d141.s13.e5" charOffset="258-293"
            type="group" text="nonsteroidal anti-inflammatory drugs"/>
        <entity id="DDI-DrugBank.d141.s13.e6" charOffset="296-301"
            type="group" text="NSAIDs"/>
    </sentence>
</document>
