<?xml version="1.0" encoding="UTF-8"?>
<document id="DDI-DrugBank.d86">
    <sentence id="DDI-DrugBank.d86.s0" text="The concurrent use of two or more drugs with anticholinergic activity--such as an antipsychotic drug (eg, chlorpromazine), an antiparkinsonian drug (eg, trihexyphenidyl), and/or a tricyclic antidepressant (eg, amitriptyline)--commonly results in excessive anticholinergic effects, including dry mouth and associated dental complications, blurred vision, and, in patients exposed to high temperature and humidity, hyperpyrexia.">
        <entity id="DDI-DrugBank.d86.s0.e0" charOffset="82-99"
            type="group" text="antipsychotic drug"/>
        <entity id="DDI-DrugBank.d86.s0.e1" charOffset="106-119"
            type="drug" text="chlorpromazine"/>
        <entity id="DDI-DrugBank.d86.s0.e2" charOffset="126-146"
            type="group" text="antiparkinsonian drug"/>
        <entity id="DDI-DrugBank.d86.s0.e3" charOffset="153-167"
            type="drug" text="trihexyphenidyl"/>
        <entity id="DDI-DrugBank.d86.s0.e4" charOffset="180-203"
            type="group" text="tricyclic antidepressant"/>
        <entity id="DDI-DrugBank.d86.s0.e5" charOffset="210-222"
            type="drug" text="amitriptyline"/>
        <ddi id="DDI-DrugBank.d86.s0.d0" e1="DDI-DrugBank.d86.s0.e0"
            e2="DDI-DrugBank.d86.s0.e2" type="effect"/>
        <ddi id="DDI-DrugBank.d86.s0.d1" e1="DDI-DrugBank.d86.s0.e0"
            e2="DDI-DrugBank.d86.s0.e3" type="effect"/>
        <ddi id="DDI-DrugBank.d86.s0.d2" e1="DDI-DrugBank.d86.s0.e0"
            e2="DDI-DrugBank.d86.s0.e4" type="effect"/>
        <ddi id="DDI-DrugBank.d86.s0.d3" e1="DDI-DrugBank.d86.s0.e0"
            e2="DDI-DrugBank.d86.s0.e5" type="effect"/>
        <ddi id="DDI-DrugBank.d86.s0.d4" e1="DDI-DrugBank.d86.s0.e1"
            e2="DDI-DrugBank.d86.s0.e2" type="effect"/>
        <ddi id="DDI-DrugBank.d86.s0.d5" e1="DDI-DrugBank.d86.s0.e1"
            e2="DDI-DrugBank.d86.s0.e3" type="effect"/>
        <ddi id="DDI-DrugBank.d86.s0.d6" e1="DDI-DrugBank.d86.s0.e1"
            e2="DDI-DrugBank.d86.s0.e4" type="effect"/>
        <ddi id="DDI-DrugBank.d86.s0.d7" e1="DDI-DrugBank.d86.s0.e1"
            e2="DDI-DrugBank.d86.s0.e5" type="effect"/>
        <ddi id="DDI-DrugBank.d86.s0.d8" e1="DDI-DrugBank.d86.s0.e2"
            e2="DDI-DrugBank.d86.s0.e0" type="effect"/>
        <ddi id="DDI-DrugBank.d86.s0.d9" e1="DDI-DrugBank.d86.s0.e2"
            e2="DDI-DrugBank.d86.s0.e1" type="effect"/>
        <ddi id="DDI-DrugBank.d86.s0.d10" e1="DDI-DrugBank.d86.s0.e2"
            e2="DDI-DrugBank.d86.s0.e4" type="effect"/>
        <ddi id="DDI-DrugBank.d86.s0.d11" e1="DDI-DrugBank.d86.s0.e2"
            e2="DDI-DrugBank.d86.s0.e5" type="effect"/>
        <ddi id="DDI-DrugBank.d86.s0.d12" e1="DDI-DrugBank.d86.s0.e3"
            e2="DDI-DrugBank.d86.s0.e0" type="effect"/>
        <ddi id="DDI-DrugBank.d86.s0.d13" e1="DDI-DrugBank.d86.s0.e3"
            e2="DDI-DrugBank.d86.s0.e1" type="effect"/>
        <ddi id="DDI-DrugBank.d86.s0.d14" e1="DDI-DrugBank.d86.s0.e3"
            e2="DDI-DrugBank.d86.s0.e4" type="effect"/>
        <ddi id="DDI-DrugBank.d86.s0.d15" e1="DDI-DrugBank.d86.s0.e3"
            e2="DDI-DrugBank.d86.s0.e5" type="effect"/>
        <ddi id="DDI-DrugBank.d86.s0.d16" e1="DDI-DrugBank.d86.s0.e4"
            e2="DDI-DrugBank.d86.s0.e0" type="effect"/>
        <ddi id="DDI-DrugBank.d86.s0.d17" e1="DDI-DrugBank.d86.s0.e4"
            e2="DDI-DrugBank.d86.s0.e1" type="effect"/>
        <ddi id="DDI-DrugBank.d86.s0.d18" e1="DDI-DrugBank.d86.s0.e4"
            e2="DDI-DrugBank.d86.s0.e2" type="effect"/>
        <ddi id="DDI-DrugBank.d86.s0.d19" e1="DDI-DrugBank.d86.s0.e4"
            e2="DDI-DrugBank.d86.s0.e3" type="effect"/>
        <ddi id="DDI-DrugBank.d86.s0.d20" e1="DDI-DrugBank.d86.s0.e5"
            e2="DDI-DrugBank.d86.s0.e0" type="effect"/>
        <ddi id="DDI-DrugBank.d86.s0.d21" e1="DDI-DrugBank.d86.s0.e5"
            e2="DDI-DrugBank.d86.s0.e1" type="effect"/>
        <ddi id="DDI-DrugBank.d86.s0.d22" e1="DDI-DrugBank.d86.s0.e5"
            e2="DDI-DrugBank.d86.s0.e2" type="effect"/>
        <ddi id="DDI-DrugBank.d86.s0.d23" e1="DDI-DrugBank.d86.s0.e5"
            e2="DDI-DrugBank.d86.s0.e3" type="effect"/>
    </sentence>
    <sentence id="DDI-DrugBank.d86.s1" text="Interactions may also occur with the following: anti-depressants/anti-anxiety drugs, drugs used to treat an overactive thyroid, beta-blockers (e.g., propranolol), sparfloxacin, grepafloxacin, guanethidine, guanadrel, metrizamide, cabergoline, lithium, narcotic pain medication (e.g., codeine), drugs used to aid sleep, drowsiness-causing antihistamines (e.g., diphenhydramine), any other drugs that may make you drowsy.">
        <entity id="DDI-DrugBank.d86.s1.e0" charOffset="48-63"
            type="group" text="anti-depressants"/>
        <entity id="DDI-DrugBank.d86.s1.e1" charOffset="65-82"
            type="group" text="anti-anxiety drugs"/>
        <entity id="DDI-DrugBank.d86.s1.e2" charOffset="128-140"
            type="group" text="beta-blockers"/>
        <entity id="DDI-DrugBank.d86.s1.e3" charOffset="149-159"
            type="drug" text="propranolol"/>
        <entity id="DDI-DrugBank.d86.s1.e4" charOffset="163-174"
            type="drug" text="sparfloxacin"/>
        <entity id="DDI-DrugBank.d86.s1.e5" charOffset="177-189"
            type="drug" text="grepafloxacin"/>
        <entity id="DDI-DrugBank.d86.s1.e6" charOffset="192-203"
            type="drug" text="guanethidine"/>
        <entity id="DDI-DrugBank.d86.s1.e7" charOffset="206-214"
            type="drug" text="guanadrel"/>
        <entity id="DDI-DrugBank.d86.s1.e8" charOffset="217-227"
            type="drug" text="metrizamide"/>
        <entity id="DDI-DrugBank.d86.s1.e9" charOffset="230-240"
            type="drug" text="cabergoline"/>
        <entity id="DDI-DrugBank.d86.s1.e10" charOffset="243-249"
            type="drug" text="lithium"/>
        <entity id="DDI-DrugBank.d86.s1.e11" charOffset="252-259"
            type="group" text="narcotic"/>
        <entity id="DDI-DrugBank.d86.s1.e12" charOffset="284-290"
            type="drug" text="codeine"/>
        <entity id="DDI-DrugBank.d86.s1.e13" charOffset="338-351"
            type="group" text="antihistamines"/>
        <entity id="DDI-DrugBank.d86.s1.e14" charOffset="360-374"
            type="drug" text="diphenhydramine"/>
    </sentence>
</document>
