<?xml version="1.0" encoding="UTF-8"?>
<document id="DDI-DrugBank.d309">
    <sentence id="DDI-DrugBank.d309.s0" text="Additive CNS depression may occur when antihistamines are administered concomitantly with other CNS depressants including barbiturates, tranquilizers, and alcohol.">
        <entity id="DDI-DrugBank.d309.s0.e0" charOffset="39-52"
            type="group" text="antihistamines"/>
        <entity id="DDI-DrugBank.d309.s0.e1" charOffset="96-110"
            type="group" text="CNS depressants"/>
        <entity id="DDI-DrugBank.d309.s0.e2" charOffset="122-133"
            type="group" text="barbiturates"/>
        <entity id="DDI-DrugBank.d309.s0.e3" charOffset="136-148"
            type="group" text="tranquilizers"/>
        <entity id="DDI-DrugBank.d309.s0.e4" charOffset="155-161"
            type="drug" text="alcohol"/>
        <ddi id="DDI-DrugBank.d309.s0.d0" e1="DDI-DrugBank.d309.s0.e0"
            e2="DDI-DrugBank.d309.s0.e1" type="effect"/>
        <ddi id="DDI-DrugBank.d309.s0.d1" e1="DDI-DrugBank.d309.s0.e0"
            e2="DDI-DrugBank.d309.s0.e2" type="effect"/>
        <ddi id="DDI-DrugBank.d309.s0.d2" e1="DDI-DrugBank.d309.s0.e0"
            e2="DDI-DrugBank.d309.s0.e3" type="effect"/>
        <ddi id="DDI-DrugBank.d309.s0.d3" e1="DDI-DrugBank.d309.s0.e0"
            e2="DDI-DrugBank.d309.s0.e4" type="effect"/>
    </sentence>
    <sentence id="DDI-DrugBank.d309.s1" text="Patients receiving antihistamines should be advised against the concurrent use of other CNS depressant drugs.">
        <entity id="DDI-DrugBank.d309.s1.e0" charOffset="19-32"
            type="group" text="antihistamines"/>
        <entity id="DDI-DrugBank.d309.s1.e1" charOffset="88-107"
            type="group" text="CNS depressant drugs"/>
        <ddi id="DDI-DrugBank.d309.s1.d0" e1="DDI-DrugBank.d309.s1.e0"
            e2="DDI-DrugBank.d309.s1.e1" type="advise"/>
    </sentence>
    <sentence id="DDI-DrugBank.d309.s2" text="Monoamine oxidase (MAO) inhibitors prolong and intensify the anticholinergic effects of antihistamines.">
        <entity id="DDI-DrugBank.d309.s2.e0" charOffset="0-33"
            type="group" text="Monoamine oxidase (MAO) inhibitors"/>
        <entity id="DDI-DrugBank.d309.s2.e1" charOffset="88-101"
            type="group" text="antihistamines"/>
        <ddi id="DDI-DrugBank.d309.s2.d0" e1="DDI-DrugBank.d309.s2.e0"
            e2="DDI-DrugBank.d309.s2.e1" type="effect"/>
    </sentence>
</document>
