<?xml version="1.0" encoding="UTF-8"?>
<document id="DDI-DrugBank.d238">
    <sentence id="DDI-DrugBank.d238.s0" text="The risks of using Anafranil in combination with other drugs have not been systematically evaluated.">
        <entity id="DDI-DrugBank.d238.s0.e0" charOffset="19-27"
            type="brand" text="Anafranil"/>
    </sentence>
    <sentence id="DDI-DrugBank.d238.s1" text="Given the primary CNS effects of Anafranil, caution is advised in using it concomitantly with other CNS-active drugs.">
        <entity id="DDI-DrugBank.d238.s1.e0" charOffset="33-41"
            type="brand" text="Anafranil"/>
    </sentence>
    <sentence id="DDI-DrugBank.d238.s2" text="Anafranil should not be used with MAO inhibitors.">
        <entity id="DDI-DrugBank.d238.s2.e0" charOffset="0-8"
            type="brand" text="Anafranil"/>
        <entity id="DDI-DrugBank.d238.s2.e1" charOffset="34-47"
            type="group" text="MAO inhibitors"/>
        <ddi id="DDI-DrugBank.d238.s2.d0" e1="DDI-DrugBank.d238.s2.e0"
            e2="DDI-DrugBank.d238.s2.e1" type="advise"/>
    </sentence>
    <sentence id="DDI-DrugBank.d238.s3" text="Close supervision and careful adjustment of dosage are required when Anafranil is administered with anticholinergic or sympathomimetic drugs.">
        <entity id="DDI-DrugBank.d238.s3.e0" charOffset="69-77"
            type="brand" text="Anafranil"/>
        <entity id="DDI-DrugBank.d238.s3.e1" charOffset="100-114"
            type="group" text="anticholinergic"/>
        <entity id="DDI-DrugBank.d238.s3.e2" charOffset="119-139"
            type="group" text="sympathomimetic drugs"/>
        <ddi id="DDI-DrugBank.d238.s3.d0" e1="DDI-DrugBank.d238.s3.e0"
            e2="DDI-DrugBank.d238.s3.e1" type="advise"/>
        <ddi id="DDI-DrugBank.d238.s3.d1" e1="DDI-DrugBank.d238.s3.e0"
            e2="DDI-DrugBank.d238.s3.e2" type="advise"/>
    </sentence>
    <sentence id="DDI-DrugBank.d238.s4" text="Several tricyclic antidepressants have been reported to block the pharmacologic effects of guanethidine, clonidine, or similar agents, and such an effect may be anticipated with CMI because of its structural similarity to other tricyclic antidepressants.">
        <entity id="DDI-DrugBank.d238.s4.e0" charOffset="8-32"
            type="group" text="tricyclic antidepressants"/>
        <entity id="DDI-DrugBank.d238.s4.e1" charOffset="91-102"
            type="drug" text="guanethidine"/>
        <entity id="DDI-DrugBank.d238.s4.e2" charOffset="105-113"
            type="drug" text="clonidine"/>
        <entity id="DDI-DrugBank.d238.s4.e3" charOffset="178-180"
            type="drug" text="CMI"/>
        <entity id="DDI-DrugBank.d238.s4.e4" charOffset="228-252"
            type="group" text="tricyclic antidepressants"/>
        <ddi id="DDI-DrugBank.d238.s4.d0" e1="DDI-DrugBank.d238.s4.e0"
            e2="DDI-DrugBank.d238.s4.e1" type="effect"/>
        <ddi id="DDI-DrugBank.d238.s4.d1" e1="DDI-DrugBank.d238.s4.e0"
            e2="DDI-DrugBank.d238.s4.e2" type="effect"/>
        <ddi id="DDI-DrugBank.d238.s4.d2" e1="DDI-DrugBank.d238.s4.e0"
            e2="DDI-DrugBank.d238.s4.e3" type="effect"/>
        <ddi id="DDI-DrugBank.d238.s4.d3" e1="DDI-DrugBank.d238.s4.e0"
            e2="DDI-DrugBank.d238.s4.e4" type="effect"/>
    </sentence>
    <sentence id="DDI-DrugBank.d238.s5" text="The plasma concentration of CMI has been reported to be increased by the concomitant administration of haloperidol;">
        <entity id="DDI-DrugBank.d238.s5.e0" charOffset="28-30"
            type="drug" text="CMI"/>
        <entity id="DDI-DrugBank.d238.s5.e1" charOffset="103-113"
            type="drug" text="haloperidol"/>
        <ddi id="DDI-DrugBank.d238.s5.d0" e1="DDI-DrugBank.d238.s5.e0"
            e2="DDI-DrugBank.d238.s5.e1" type="mechanism"/>
    </sentence>
    <sentence id="DDI-DrugBank.d238.s6" text="plasma levels of several closely related tricyclic antidepressants have been reported to be increased by the concomitant administration of methylphenidate or hepatic enzyme inhibitors (e.g., cimetidine, fluoxetine) and decreased by the concomitant administration of hepatic enzyme inducers (e.g., barbiturates, phenytoin), and such an effect may be anticipated with CMI as well.">
        <entity id="DDI-DrugBank.d238.s6.e0" charOffset="41-65"
            type="group" text="tricyclic antidepressants"/>
        <entity id="DDI-DrugBank.d238.s6.e1" charOffset="139-153"
            type="drug" text="methylphenidate"/>
        <entity id="DDI-DrugBank.d238.s6.e2" charOffset="191-200"
            type="drug" text="cimetidine"/>
        <entity id="DDI-DrugBank.d238.s6.e3" charOffset="203-212"
            type="drug" text="fluoxetine"/>
        <entity id="DDI-DrugBank.d238.s6.e4" charOffset="297-308"
            type="group" text="barbiturates"/>
        <entity id="DDI-DrugBank.d238.s6.e5" charOffset="311-319"
            type="drug" text="phenytoin"/>
        <entity id="DDI-DrugBank.d238.s6.e6" charOffset="366-368"
            type="drug" text="CMI"/>
        <ddi id="DDI-DrugBank.d238.s6.d0" e1="DDI-DrugBank.d238.s6.e0"
            e2="DDI-DrugBank.d238.s6.e1" type="mechanism"/>
        <ddi id="DDI-DrugBank.d238.s6.d1" e1="DDI-DrugBank.d238.s6.e0"
            e2="DDI-DrugBank.d238.s6.e2" type="mechanism"/>
        <ddi id="DDI-DrugBank.d238.s6.d2" e1="DDI-DrugBank.d238.s6.e0"
            e2="DDI-DrugBank.d238.s6.e3" type="mechanism"/>
        <ddi id="DDI-DrugBank.d238.s6.d3" e1="DDI-DrugBank.d238.s6.e0"
            e2="DDI-DrugBank.d238.s6.e4" type="mechanism"/>
        <ddi id="DDI-DrugBank.d238.s6.d4" e1="DDI-DrugBank.d238.s6.e0"
            e2="DDI-DrugBank.d238.s6.e5" type="mechanism"/>
        <ddi id="DDI-DrugBank.d238.s6.d5" e1="DDI-DrugBank.d238.s6.e6"
            e2="DDI-DrugBank.d238.s6.e1" type="mechanism"/>
        <ddi id="DDI-DrugBank.d238.s6.d6" e1="DDI-DrugBank.d238.s6.e6"
            e2="DDI-DrugBank.d238.s6.e2" type="mechanism"/>
        <ddi id="DDI-DrugBank.d238.s6.d7" e1="DDI-DrugBank.d238.s6.e6"
            e2="DDI-DrugBank.d238.s6.e3" type="mechanism"/>
        <ddi id="DDI-DrugBank.d238.s6.d8" e1="DDI-DrugBank.d238.s6.e6"
            e2="DDI-DrugBank.d238.s6.e4" type="mechanism"/>
        <ddi id="DDI-DrugBank.d238.s6.d9" e1="DDI-DrugBank.d238.s6.e6"
            e2="DDI-DrugBank.d238.s6.e5" type="mechanism"/>
    </sentence>
    <sentence id="DDI-DrugBank.d238.s7" text="Administration of CMI has been reported to increase the plasma levels of phenobarbital, if given concomitantly.">
        <entity id="DDI-DrugBank.d238.s7.e0" charOffset="18-20"
            type="drug" text="CMI"/>
        <entity id="DDI-DrugBank.d238.s7.e1" charOffset="73-85"
            type="drug" text="phenobarbital"/>
        <ddi id="DDI-DrugBank.d238.s7.d0" e1="DDI-DrugBank.d238.s7.e0"
            e2="DDI-DrugBank.d238.s7.e1" type="mechanism"/>
    </sentence>
    <sentence id="DDI-DrugBank.d238.s8" text="Drugs Metabolized by P450 2D6: The biochemical activity of the drug metabolizing isozyme cytochrome P450 2D6 (debrisoquin hydroxylase) is reduced in a subset of the aucasian population (about 7%-10% of Caucasians are so-called poor metabolizers);"/>
    <sentence id="DDI-DrugBank.d238.s9" text="reliable estimates of the prevalence of reduced P450 2D6 isozyme activity among Asian, African and other populations are not yet available."/>
    <sentence id="DDI-DrugBank.d238.s10" text="Poor metabolizers have higher than expected lasma concentrations of tricyclic antidepressants (TCAs) when given usual doses.">
        <entity id="DDI-DrugBank.d238.s10.e0" charOffset="68-92"
            type="group" text="tricyclic antidepressants"/>
        <entity id="DDI-DrugBank.d238.s10.e1" charOffset="95-98"
            type="group" text="TCAs"/>
    </sentence>
    <sentence id="DDI-DrugBank.d238.s11" text="Depending on the fraction of drug metabolized by P450 2D6, the increase in plasma concentration may be small, or quite large (8 fold increase in plasma AUC of the TCA).">
        <entity id="DDI-DrugBank.d238.s11.e0" charOffset="163-165"
            type="group" text="TCA"/>
    </sentence>
    <sentence id="DDI-DrugBank.d238.s12" text="In addition, certain drugs inhibit the activity of this isozyme and make normal metabolizers resemble poor metabolizers."/>
    <sentence id="DDI-DrugBank.d238.s13" text="An individual who is stable on a given dose of TCAmay become abruptly toxic when given one of these inhibiting drugs as concomitant therapy.">
        <entity id="DDI-DrugBank.d238.s13.e0" charOffset="47-49"
            type="group" text="TCA"/>
    </sentence>
    <sentence id="DDI-DrugBank.d238.s14" text="The drugs that inhibit cytochrome P450 2D6 include some that are not metabolized by the enzyme (quinidine;">
        <entity id="DDI-DrugBank.d238.s14.e0" charOffset="96-104"
            type="drug" text="quinidine"/>
    </sentence>
    <sentence id="DDI-DrugBank.d238.s15" text="cimetidine) and many that are substrates for P450 2D6 (many other antidepressants, phenothiazines, and the Type 1C antiarrhythmics propafenone and flecainide).">
        <entity id="DDI-DrugBank.d238.s15.e0" charOffset="0-9"
            type="drug" text="cimetidine"/>
        <entity id="DDI-DrugBank.d238.s15.e1" charOffset="66-80"
            type="group" text="antidepressants"/>
        <entity id="DDI-DrugBank.d238.s15.e2" charOffset="83-96"
            type="group" text="phenothiazines"/>
        <entity id="DDI-DrugBank.d238.s15.e3" charOffset="107-129"
            type="group" text="Type 1C antiarrhythmics"/>
        <entity id="DDI-DrugBank.d238.s15.e4" charOffset="131-141"
            type="drug" text="propafenone"/>
        <entity id="DDI-DrugBank.d238.s15.e5" charOffset="147-156"
            type="drug" text="flecainide"/>
    </sentence>
    <sentence id="DDI-DrugBank.d238.s16" text="While all the selective serotonin reuptake inhibitors (SSRIs), e.g., fluoxetine, sertraline, paroxetine, and fluvoxamine, inhibit P450 2D6, they may vary in the extent of inhibition.">
        <entity id="DDI-DrugBank.d238.s16.e0" charOffset="14-52"
            type="group" text="selective serotonin reuptake inhibitors"/>
        <entity id="DDI-DrugBank.d238.s16.e1" charOffset="55-59"
            type="group" text="SSRIs"/>
        <entity id="DDI-DrugBank.d238.s16.e2" charOffset="69-78"
            type="drug" text="fluoxetine"/>
        <entity id="DDI-DrugBank.d238.s16.e3" charOffset="81-90"
            type="drug" text="sertraline"/>
        <entity id="DDI-DrugBank.d238.s16.e4" charOffset="93-102"
            type="drug" text="paroxetine"/>
        <entity id="DDI-DrugBank.d238.s16.e5" charOffset="109-119"
            type="drug" text="fluvoxamine"/>
    </sentence>
    <sentence id="DDI-DrugBank.d238.s17" text="Fluvoxamine has also been shown to inhibit P450 1A2, an isoform also involved in TCAmetabolism.">
        <entity id="DDI-DrugBank.d238.s17.e0" charOffset="0-10"
            type="drug" text="Fluvoxamine"/>
        <entity id="DDI-DrugBank.d238.s17.e1" charOffset="81-83"
            type="group" text="TCA"/>
        <ddi id="DDI-DrugBank.d238.s17.d0" e1="DDI-DrugBank.d238.s17.e0"
            e2="DDI-DrugBank.d238.s17.e1" type="mechanism"/>
    </sentence>
    <sentence id="DDI-DrugBank.d238.s18" text="The extent to which SSRI-TCAinteractions may pose clinical problems will depend on the degree of inhibition and the pharmacokinetics of the SSRI involved.">
        <entity id="DDI-DrugBank.d238.s18.e0" charOffset="20-23"
            type="group" text="SSRI"/>
        <entity id="DDI-DrugBank.d238.s18.e1" charOffset="25-27"
            type="group" text="TCA"/>
        <entity id="DDI-DrugBank.d238.s18.e2" charOffset="140-143"
            type="group" text="SSRI"/>
        <ddi id="DDI-DrugBank.d238.s18.d0" e1="DDI-DrugBank.d238.s18.e0"
            e2="DDI-DrugBank.d238.s18.e1" type="int"/>
    </sentence>
    <sentence id="DDI-DrugBank.d238.s19" text="Nevertheless, caution is indicated in the co-administration of TCAs with any of the SSRIs and also in switching from one class to the other.">
        <entity id="DDI-DrugBank.d238.s19.e0" charOffset="63-66"
            type="group" text="TCAs"/>
        <entity id="DDI-DrugBank.d238.s19.e1" charOffset="84-88"
            type="group" text="SSRIs"/>
        <ddi id="DDI-DrugBank.d238.s19.d0" e1="DDI-DrugBank.d238.s19.e0"
            e2="DDI-DrugBank.d238.s19.e1" type="advise"/>
    </sentence>
    <sentence id="DDI-DrugBank.d238.s20" text="Of particular importance, sufficient time must elapse before initiating TCAtreatment in a patient being withdrawn from fluoxetine, given the long half-life of the parent and active metabolite (at least 5 weeks may be necessary).">
        <entity id="DDI-DrugBank.d238.s20.e0" charOffset="72-74"
            type="group" text="TCA"/>
        <entity id="DDI-DrugBank.d238.s20.e1" charOffset="119-128"
            type="drug" text="fluoxetine"/>
        <ddi id="DDI-DrugBank.d238.s20.d0" e1="DDI-DrugBank.d238.s20.e0"
            e2="DDI-DrugBank.d238.s20.e1" type="advise"/>
    </sentence>
    <sentence id="DDI-DrugBank.d238.s21" text="Concomitant use of agents in the tricyclic antidepressant class (which includes Anafranil) with drugs that can inhibit cytochrome P450 2D6 may require lower doses than usually prescribed for either the tricyclic antidepressant agent or the other drug.">
        <entity id="DDI-DrugBank.d238.s21.e0" charOffset="33-62"
            type="group" text="tricyclic antidepressant class"/>
        <entity id="DDI-DrugBank.d238.s21.e1" charOffset="80-88"
            type="brand" text="Anafranil"/>
        <entity id="DDI-DrugBank.d238.s21.e2" charOffset="202-231"
            type="group" text="tricyclic antidepressant agent"/>
    </sentence>
    <sentence id="DDI-DrugBank.d238.s22" text="Furthermore, whenever one of these drugs is withdrawn from co-therapy, an increased dose of tricyclic antidepressant agent may be required.">
        <entity id="DDI-DrugBank.d238.s22.e0" charOffset="92-121"
            type="group" text="tricyclic antidepressant agent"/>
    </sentence>
    <sentence id="DDI-DrugBank.d238.s23" text="It is desirable to monitor TCAplasma levels whenever an agent of the tricyclic antidepressant class including Anafranil is going to be co-administered with another drug known to be an inhibitor of P450 2D6 (and/or P450 1A2).">
        <entity id="DDI-DrugBank.d238.s23.e0" charOffset="27-29"
            type="group" text="TCA"/>
        <entity id="DDI-DrugBank.d238.s23.e1" charOffset="69-98"
            type="group" text="tricyclic antidepressant class"/>
        <entity id="DDI-DrugBank.d238.s23.e2" charOffset="110-118"
            type="brand" text="Anafranil"/>
    </sentence>
    <sentence id="DDI-DrugBank.d238.s24" text="Because Anafranil is highly bound to serum protein, the administration of Anafranil to patients taking other drugs that are highly bound to protein (e.g., warfarin, digoxin) may cause an increase in plasma concentrations of these drugs, potentially resulting in adverse effects.">
        <entity id="DDI-DrugBank.d238.s24.e0" charOffset="8-16"
            type="brand" text="Anafranil"/>
        <entity id="DDI-DrugBank.d238.s24.e1" charOffset="74-82"
            type="brand" text="Anafranil"/>
        <entity id="DDI-DrugBank.d238.s24.e2" charOffset="155-162"
            type="drug" text="warfarin"/>
        <entity id="DDI-DrugBank.d238.s24.e3" charOffset="165-171"
            type="drug" text="digoxin"/>
        <ddi id="DDI-DrugBank.d238.s24.d0" e1="DDI-DrugBank.d238.s24.e1"
            e2="DDI-DrugBank.d238.s24.e2" type="mechanism"/>
        <ddi id="DDI-DrugBank.d238.s24.d1" e1="DDI-DrugBank.d238.s24.e1"
            e2="DDI-DrugBank.d238.s24.e3" type="mechanism"/>
    </sentence>
    <sentence id="DDI-DrugBank.d238.s25" text="Conversely, adverse effects may result from displacement of protein-bound Anafranil by other highly bound drugs.">
        <entity id="DDI-DrugBank.d238.s25.e0" charOffset="74-82"
            type="brand" text="Anafranil"/>
    </sentence>
</document>
