<?xml version="1.0" encoding="UTF-8"?>
<document id="DDI-DrugBank.d551">
    <sentence id="DDI-DrugBank.d551.s0" text="WelChol  has been studied in several human drug interaction studies in which it was administered with a meal and the test drug.">
        <entity id="DDI-DrugBank.d551.s0.e0" charOffset="0-6"
            type="brand" text="WelChol"/>
    </sentence>
    <sentence id="DDI-DrugBank.d551.s1" text="WelChol  was found to have no significant effect on the bioavailability of digoxin, lovastatin, metoprolol, quinidine, valproic acid, and warfarin.">
        <entity id="DDI-DrugBank.d551.s1.e0" charOffset="0-6"
            type="brand" text="WelChol"/>
        <entity id="DDI-DrugBank.d551.s1.e1" charOffset="75-81"
            type="drug" text="digoxin"/>
        <entity id="DDI-DrugBank.d551.s1.e2" charOffset="84-93"
            type="drug" text="lovastatin"/>
        <entity id="DDI-DrugBank.d551.s1.e3" charOffset="96-105"
            type="drug" text="metoprolol"/>
        <entity id="DDI-DrugBank.d551.s1.e4" charOffset="108-116"
            type="drug" text="quinidine"/>
        <entity id="DDI-DrugBank.d551.s1.e5" charOffset="119-131"
            type="drug" text="valproic acid"/>
        <entity id="DDI-DrugBank.d551.s1.e6" charOffset="138-145"
            type="drug" text="warfarin"/>
    </sentence>
    <sentence id="DDI-DrugBank.d551.s2" text="WelChol  decreased the Cmax and AUC of sustained-release verapamil (Calan SR ) by approximately 31% and 11%, respectively.">
        <entity id="DDI-DrugBank.d551.s2.e0" charOffset="0-6"
            type="brand" text="WelChol"/>
        <entity id="DDI-DrugBank.d551.s2.e1" charOffset="57-65"
            type="drug" text="verapamil"/>
        <entity id="DDI-DrugBank.d551.s2.e2" charOffset="68-75"
            type="brand" text="Calan SR"/>
        <ddi id="DDI-DrugBank.d551.s2.d0" e1="DDI-DrugBank.d551.s2.e0"
            e2="DDI-DrugBank.d551.s2.e1" type="mechanism"/>
        <ddi id="DDI-DrugBank.d551.s2.d1" e1="DDI-DrugBank.d551.s2.e0"
            e2="DDI-DrugBank.d551.s2.e2" type="mechanism"/>
    </sentence>
    <sentence id="DDI-DrugBank.d551.s3" text="Since there is a high degree of variability in the bioavailability of verapamil, the clinical significance of this finding is unclear.">
        <entity id="DDI-DrugBank.d551.s3.e0" charOffset="70-78"
            type="drug" text="verapamil"/>
    </sentence>
    <sentence id="DDI-DrugBank.d551.s4" text="In clinical studies, coadministration of WelChol  with atorvastatin, lovastatin, or simvastatin did not interfere with the lipid-lowering activity of the HMG-CoA reductase inhibitor.">
        <entity id="DDI-DrugBank.d551.s4.e0" charOffset="41-47"
            type="brand" text="WelChol"/>
        <entity id="DDI-DrugBank.d551.s4.e1" charOffset="55-66"
            type="drug" text="atorvastatin"/>
        <entity id="DDI-DrugBank.d551.s4.e2" charOffset="69-78"
            type="drug" text="lovastatin"/>
        <entity id="DDI-DrugBank.d551.s4.e3" charOffset="84-94"
            type="drug" text="simvastatin"/>
        <entity id="DDI-DrugBank.d551.s4.e4" charOffset="154-180"
            type="group" text="HMG-CoA reductase inhibitor"/>
    </sentence>
    <sentence id="DDI-DrugBank.d551.s5" text="Other drugs have not been studied."/>
    <sentence id="DDI-DrugBank.d551.s6" text="When administering other drugs for which alterations in blood levels could have a clinically significant effect on safety or efficacy, physicians should consider monitoring drug levels or effects."/>
</document>
