<?xml version="1.0" encoding="UTF-8"?>
<document id="DDI-DrugBank.d39">
    <sentence id="DDI-DrugBank.d39.s0" text="Persons taking most antibiotics, methotrexate and pyrimethamine invalidate folic acid and vitamin B12 diagnostic blood assays.">
        <entity id="DDI-DrugBank.d39.s0.e0" charOffset="20-30"
            type="group" text="antibiotics"/>
        <entity id="DDI-DrugBank.d39.s0.e1" charOffset="33-44"
            type="drug" text="methotrexate"/>
        <entity id="DDI-DrugBank.d39.s0.e2" charOffset="50-62"
            type="drug" text="pyrimethamine"/>
        <entity id="DDI-DrugBank.d39.s0.e3" charOffset="75-84"
            type="drug" text="folic acid"/>
        <entity id="DDI-DrugBank.d39.s0.e4" charOffset="90-100"
            type="drug" text="vitamin B12"/>
    </sentence>
    <sentence id="DDI-DrugBank.d39.s1" text="Colchicine para-aminosalicylic acid and heavy alcohol intake for longer than 2 weeks may produce malabsorption of vitamin B12.">
        <entity id="DDI-DrugBank.d39.s1.e0" charOffset="0-9" type="drug" text="Colchicine"/>
        <entity id="DDI-DrugBank.d39.s1.e1" charOffset="11-34"
            type="drug" text="para-aminosalicylic acid"/>
        <entity id="DDI-DrugBank.d39.s1.e2" charOffset="46-52"
            type="drug" text="alcohol"/>
        <entity id="DDI-DrugBank.d39.s1.e3" charOffset="114-124"
            type="drug" text="vitamin B12"/>
        <ddi id="DDI-DrugBank.d39.s1.d0" e1="DDI-DrugBank.d39.s1.e0"
            e2="DDI-DrugBank.d39.s1.e3" type="mechanism"/>
        <ddi id="DDI-DrugBank.d39.s1.d1" e1="DDI-DrugBank.d39.s1.e1"
            e2="DDI-DrugBank.d39.s1.e3" type="mechanism"/>
        <ddi id="DDI-DrugBank.d39.s1.d2" e1="DDI-DrugBank.d39.s1.e2"
            e2="DDI-DrugBank.d39.s1.e3" type="mechanism"/>
    </sentence>
</document>
