<?xml version="1.0" encoding="UTF-8"?>
<document id="DDI-DrugBank.d386">
    <sentence id="DDI-DrugBank.d386.s0" text="1."/>
    <sentence id="DDI-DrugBank.d386.s1" text="Drugs Metabolized by P450 2D6: The biochemical activity of the drug metabolizing isozyme cytochrome P450 2D6 (debrisoquin hydroxylase) is reduced in a subset of the caucasian population (about 7 to 10% of caucasians are so called poor metabolizers);"/>
    <sentence id="DDI-DrugBank.d386.s2" text="reliable estimates of the prevalence of reduced P450 2D6 isozyme activity among Asian, African and other populations are not yet available."/>
    <sentence id="DDI-DrugBank.d386.s3" text="Poor metabolizers have higher than expected plasma concentrations of tricyclic antidepressants (TCAs) when given usual doses.">
        <entity id="DDI-DrugBank.d386.s3.e0" charOffset="69-93"
            type="group" text="tricyclic antidepressants"/>
        <entity id="DDI-DrugBank.d386.s3.e1" charOffset="96-99"
            type="group" text="TCAs"/>
    </sentence>
    <sentence id="DDI-DrugBank.d386.s4" text="Depending on the traction of drug metabolized by P450 2D6, the increase in plasma concentration may be small, or quite large (8 fold increase in plasma AUC of the TCA).">
        <entity id="DDI-DrugBank.d386.s4.e0" charOffset="163-165"
            type="group" text="TCA"/>
    </sentence>
    <sentence id="DDI-DrugBank.d386.s5" text="In addition, certain drugs inhibit the activity of this isozyme and make normal metabolizers resemble p.o."/>
    <sentence id="DDI-DrugBank.d386.s6" text="metabolizers."/>
    <sentence id="DDI-DrugBank.d386.s7" text="An individual who is stable on a given dose of TCA may become abruptly toxic when given one of these inhibiting drugs as concomitant therapy.">
        <entity id="DDI-DrugBank.d386.s7.e0" charOffset="47-49"
            type="group" text="TCA"/>
    </sentence>
    <sentence id="DDI-DrugBank.d386.s8" text="The drugs that inhibit cytochrome P450 2D6 include some that are not metabolized by the enzyme (quinidine;">
        <entity id="DDI-DrugBank.d386.s8.e0" charOffset="96-104"
            type="drug" text="quinidine"/>
    </sentence>
    <sentence id="DDI-DrugBank.d386.s9" text="cimetidine) and many that are substrates for P450 2D6 (many other antidepressants, phenothiazines, and the Type 1C antiarrhythrnics propatenone and flecainide).">
        <entity id="DDI-DrugBank.d386.s9.e0" charOffset="0-9"
            type="drug" text="cimetidine"/>
        <entity id="DDI-DrugBank.d386.s9.e1" charOffset="66-80"
            type="group" text="antidepressants"/>
        <entity id="DDI-DrugBank.d386.s9.e2" charOffset="83-96"
            type="group" text="phenothiazines"/>
        <entity id="DDI-DrugBank.d386.s9.e3" charOffset="148-157"
            type="drug" text="flecainide"/>
    </sentence>
    <sentence id="DDI-DrugBank.d386.s10" text="While all the selective serotonin reuptake inhibitors (SSRIs), e.g., fluoxetine, seriraline, and paroxetine, inhibit P450 2D6, they may vary in the extent of inhibition.">
        <entity id="DDI-DrugBank.d386.s10.e0" charOffset="14-52"
            type="group" text="selective serotonin reuptake inhibitors"/>
        <entity id="DDI-DrugBank.d386.s10.e1" charOffset="55-59"
            type="group" text="SSRIs"/>
        <entity id="DDI-DrugBank.d386.s10.e2" charOffset="69-78"
            type="drug" text="fluoxetine"/>
        <entity id="DDI-DrugBank.d386.s10.e3" charOffset="97-106"
            type="drug" text="paroxetine"/>
    </sentence>
    <sentence id="DDI-DrugBank.d386.s11" text="The extent to which SSRI-TCA interactions may pose clinical problems will depend on the degree of inhibition and the pharmacokinetics of the SSRI involved.">
        <entity id="DDI-DrugBank.d386.s11.e0" charOffset="20-23"
            type="group" text="SSRI"/>
        <entity id="DDI-DrugBank.d386.s11.e1" charOffset="25-27"
            type="group" text="TCA"/>
        <entity id="DDI-DrugBank.d386.s11.e2" charOffset="141-144"
            type="group" text="SSRI"/>
        <ddi id="DDI-DrugBank.d386.s11.d0" e1="DDI-DrugBank.d386.s11.e0"
            e2="DDI-DrugBank.d386.s11.e1" type="int"/>
    </sentence>
    <sentence id="DDI-DrugBank.d386.s12" text="Nevertheless, caution is indicated in the co-administration of T.A. with any of the SSRIs and also in switching from one class to the other.">
        <entity id="DDI-DrugBank.d386.s12.e0" charOffset="63-66"
            type="group" text="T.A."/>
        <entity id="DDI-DrugBank.d386.s12.e1" charOffset="84-88"
            type="group" text="SSRIs"/>
        <ddi id="DDI-DrugBank.d386.s12.d0" e1="DDI-DrugBank.d386.s12.e0"
            e2="DDI-DrugBank.d386.s12.e1" type="advise"/>
    </sentence>
    <sentence id="DDI-DrugBank.d386.s13" text="Of particular importance, sufficient time must elapse before initiating TCA treatment in a patient being withdrawn from fluoxetine, given the long half-life of the parent and active metabolite (at least 5 weeks may be necessary).">
        <entity id="DDI-DrugBank.d386.s13.e0" charOffset="120-129"
            type="drug" text="fluoxetine"/>
    </sentence>
    <sentence id="DDI-DrugBank.d386.s14" text="Concomitant use of tricyclic antidepressants with drugs that can inhibit cytochrome P450 2D6 may require lower doses than usually prescribed for either the tricyclic antidepressant or the other drug.">
        <entity id="DDI-DrugBank.d386.s14.e0" charOffset="19-43"
            type="group" text="tricyclic antidepressants"/>
        <entity id="DDI-DrugBank.d386.s14.e1" charOffset="156-179"
            type="group" text="tricyclic antidepressant"/>
    </sentence>
    <sentence id="DDI-DrugBank.d386.s15" text="Furthermore, whenever one of these other drugs is withdrawn from co-therapy, an increased dose of tricyclic antidepressant may be required.">
        <entity id="DDI-DrugBank.d386.s15.e0" charOffset="98-121"
            type="group" text="tricyclic antidepressant"/>
    </sentence>
    <sentence id="DDI-DrugBank.d386.s16" text="It is desirable to monitor TCA plasma levels whenever a TCA is going to be co-administered with another drug known to be an inhibitor of P450 2D6.">
        <entity id="DDI-DrugBank.d386.s16.e0" charOffset="27-29"
            type="group" text="TCA"/>
        <entity id="DDI-DrugBank.d386.s16.e1" charOffset="56-58"
            type="group" text="TCA"/>
    </sentence>
    <sentence id="DDI-DrugBank.d386.s17" text="2."/>
    <sentence id="DDI-DrugBank.d386.s18" text="Close supervision and careful adjustment of dosage are required when this drug is given concomitantly with anticholinergic or sympathomimetic drugs.">
        <entity id="DDI-DrugBank.d386.s18.e0" charOffset="107-121"
            type="group" text="anticholinergic"/>
        <entity id="DDI-DrugBank.d386.s18.e1" charOffset="126-146"
            type="group" text="sympathomimetic drugs"/>
    </sentence>
    <sentence id="DDI-DrugBank.d386.s19" text="3."/>
    <sentence id="DDI-DrugBank.d386.s20" text="Clinical experience in the concurrent administration of ECT and antidepressant drugs is limited.">
        <entity id="DDI-DrugBank.d386.s20.e0" charOffset="64-83"
            type="group" text="antidepressant drugs"/>
    </sentence>
    <sentence id="DDI-DrugBank.d386.s21" text="Thus, if such treatment is essential, the possibility of increased risk relative to benefits should be considered."/>
    <sentence id="DDI-DrugBank.d386.s22" text="4."/>
    <sentence id="DDI-DrugBank.d386.s23" text="If desipramine hydrochloride is to be combined with other psychotropic agents such as tranquilizers or sedative/hypnotics, careful consideration should be given to the pharmacology of the agents employed since the sedative effects of desipramine and benzodiazepines (e.g., chlordiazepoxide or diazepam) are additive.">
        <entity id="DDI-DrugBank.d386.s23.e0" charOffset="3-27"
            type="drug" text="desipramine hydrochloride"/>
        <entity id="DDI-DrugBank.d386.s23.e1" charOffset="58-76"
            type="group" text="psychotropic agents"/>
        <entity id="DDI-DrugBank.d386.s23.e2" charOffset="86-98"
            type="group" text="tranquilizers"/>
        <entity id="DDI-DrugBank.d386.s23.e3" charOffset="103-110"
            type="group" text="sedative"/>
        <entity id="DDI-DrugBank.d386.s23.e4" charOffset="112-120"
            type="group" text="hypnotics"/>
        <entity id="DDI-DrugBank.d386.s23.e5" charOffset="234-244"
            type="drug" text="desipramine"/>
        <entity id="DDI-DrugBank.d386.s23.e6" charOffset="250-264"
            type="group" text="benzodiazepines"/>
        <entity id="DDI-DrugBank.d386.s23.e7" charOffset="273-288"
            type="drug" text="chlordiazepoxide"/>
        <entity id="DDI-DrugBank.d386.s23.e8" charOffset="293-300"
            type="drug" text="diazepam"/>
        <ddi id="DDI-DrugBank.d386.s23.d0" e1="DDI-DrugBank.d386.s23.e0"
            e2="DDI-DrugBank.d386.s23.e1" type="effect"/>
        <ddi id="DDI-DrugBank.d386.s23.d1" e1="DDI-DrugBank.d386.s23.e0"
            e2="DDI-DrugBank.d386.s23.e2" type="effect"/>
        <ddi id="DDI-DrugBank.d386.s23.d2" e1="DDI-DrugBank.d386.s23.e0"
            e2="DDI-DrugBank.d386.s23.e3" type="effect"/>
        <ddi id="DDI-DrugBank.d386.s23.d3" e1="DDI-DrugBank.d386.s23.e0"
            e2="DDI-DrugBank.d386.s23.e4" type="effect"/>
        <ddi id="DDI-DrugBank.d386.s23.d4" e1="DDI-DrugBank.d386.s23.e5"
            e2="DDI-DrugBank.d386.s23.e6" type="effect"/>
        <ddi id="DDI-DrugBank.d386.s23.d5" e1="DDI-DrugBank.d386.s23.e5"
            e2="DDI-DrugBank.d386.s23.e7" type="effect"/>
        <ddi id="DDI-DrugBank.d386.s23.d6" e1="DDI-DrugBank.d386.s23.e5"
            e2="DDI-DrugBank.d386.s23.e8" type="effect"/>
    </sentence>
    <sentence id="DDI-DrugBank.d386.s24" text="Both the sedative and anticholinergic effects of the major tranquilizers are also additive to those of desipramine.">
        <entity id="DDI-DrugBank.d386.s24.e0" charOffset="53-71"
            type="group" text="major tranquilizers"/>
        <entity id="DDI-DrugBank.d386.s24.e1" charOffset="103-113"
            type="drug" text="desipramine"/>
        <ddi id="DDI-DrugBank.d386.s24.d0" e1="DDI-DrugBank.d386.s24.e0"
            e2="DDI-DrugBank.d386.s24.e1" type="effect"/>
    </sentence>
    <sentence id="DDI-DrugBank.d386.s25" text="5."/>
    <sentence id="DDI-DrugBank.d386.s26" text="Concurrent administration of cimetidine and tricyclic antidepressants can produce clinically significant increases in the plasma levels of the tricyclic antidepressants.">
        <entity id="DDI-DrugBank.d386.s26.e0" charOffset="29-38"
            type="drug" text="cimetidine"/>
        <entity id="DDI-DrugBank.d386.s26.e1" charOffset="44-68"
            type="group" text="tricyclic antidepressants"/>
        <entity id="DDI-DrugBank.d386.s26.e2" charOffset="143-167"
            type="group" text="tricyclic antidepressants"/>
        <ddi id="DDI-DrugBank.d386.s26.d0" e1="DDI-DrugBank.d386.s26.e0"
            e2="DDI-DrugBank.d386.s26.e1" type="mechanism"/>
    </sentence>
    <sentence id="DDI-DrugBank.d386.s27" text="Conversely, decreases in plasma levels of the tricyclic antidepressants have been reported upon discontinuation of cimetidine which may result in the loss of the therapeutic efficacy of the tricyclic antidepressant 6.">
        <entity id="DDI-DrugBank.d386.s27.e0" charOffset="46-70"
            type="group" text="tricyclic antidepressants"/>
        <entity id="DDI-DrugBank.d386.s27.e1" charOffset="115-124"
            type="drug" text="cimetidine"/>
        <entity id="DDI-DrugBank.d386.s27.e2" charOffset="190-213"
            type="group" text="tricyclic antidepressant"/>
        <ddi id="DDI-DrugBank.d386.s27.d0" e1="DDI-DrugBank.d386.s27.e0"
            e2="DDI-DrugBank.d386.s27.e1" type="mechanism"/>
    </sentence>
    <sentence id="DDI-DrugBank.d386.s28" text="There have been greater than two-fold increases of previously stable plasma levels of tricyclic antidepressants when fluoxetine has been administered in combination with these agents.">
        <entity id="DDI-DrugBank.d386.s28.e0" charOffset="86-110"
            type="group" text="tricyclic antidepressants"/>
        <entity id="DDI-DrugBank.d386.s28.e1" charOffset="117-126"
            type="drug" text="fluoxetine"/>
        <ddi id="DDI-DrugBank.d386.s28.d0" e1="DDI-DrugBank.d386.s28.e0"
            e2="DDI-DrugBank.d386.s28.e1" type="mechanism"/>
    </sentence>
</document>
