<?xml version="1.0" encoding="UTF-8"?>
<document id="DDI-DrugBank.d500">
    <sentence id="DDI-DrugBank.d500.s0" text="Because tetracyclines have been shown to depress plasma prothrombin activity, patients who are on anticoagulant therapy may require downward adjustment of their anticoagulant dosage.">
        <entity id="DDI-DrugBank.d500.s0.e0" charOffset="8-20"
            type="group" text="tetracyclines"/>
        <entity id="DDI-DrugBank.d500.s0.e1" charOffset="98-110"
            type="group" text="anticoagulant"/>
        <entity id="DDI-DrugBank.d500.s0.e2" charOffset="161-173"
            type="group" text="anticoagulant"/>
        <ddi id="DDI-DrugBank.d500.s0.d0" e1="DDI-DrugBank.d500.s0.e0"
            e2="DDI-DrugBank.d500.s0.e1" type="advise"/>
    </sentence>
    <sentence id="DDI-DrugBank.d500.s1" text="Since bacteriostatic drugs may interfere with the bactericidal action of penicillin, it is advisable to avoid giving tetracyclines in conjunction with penicillin.">
        <entity id="DDI-DrugBank.d500.s1.e0" charOffset="73-82"
            type="drug" text="penicillin"/>
        <entity id="DDI-DrugBank.d500.s1.e1" charOffset="117-129"
            type="group" text="tetracyclines"/>
        <entity id="DDI-DrugBank.d500.s1.e2" charOffset="151-160"
            type="group" text="penicillin"/>
        <ddi id="DDI-DrugBank.d500.s1.d0" e1="DDI-DrugBank.d500.s1.e1"
            e2="DDI-DrugBank.d500.s1.e2" type="advise"/>
    </sentence>
    <sentence id="DDI-DrugBank.d500.s2" text="Absorption of tetracyclines is impaired by antacids containing aluminum, calcium, or magnesium, and iron-containing preparations.">
        <entity id="DDI-DrugBank.d500.s2.e0" charOffset="14-26"
            type="group" text="tetracyclines"/>
        <entity id="DDI-DrugBank.d500.s2.e1" charOffset="43-50"
            type="group" text="antacids"/>
        <entity id="DDI-DrugBank.d500.s2.e2" charOffset="63-70"
            type="drug" text="aluminum"/>
        <entity id="DDI-DrugBank.d500.s2.e3" charOffset="73-79"
            type="drug" text="calcium"/>
        <entity id="DDI-DrugBank.d500.s2.e4" charOffset="85-93"
            type="drug" text="magnesium"/>
        <entity id="DDI-DrugBank.d500.s2.e5" charOffset="100-103"
            type="drug" text="iron"/>
        <ddi id="DDI-DrugBank.d500.s2.d0" e1="DDI-DrugBank.d500.s2.e0"
            e2="DDI-DrugBank.d500.s2.e2" type="mechanism"/>
        <ddi id="DDI-DrugBank.d500.s2.d1" e1="DDI-DrugBank.d500.s2.e0"
            e2="DDI-DrugBank.d500.s2.e3" type="mechanism"/>
        <ddi id="DDI-DrugBank.d500.s2.d2" e1="DDI-DrugBank.d500.s2.e0"
            e2="DDI-DrugBank.d500.s2.e4" type="mechanism"/>
        <ddi id="DDI-DrugBank.d500.s2.d3" e1="DDI-DrugBank.d500.s2.e0"
            e2="DDI-DrugBank.d500.s2.e5" type="mechanism"/>
    </sentence>
    <sentence id="DDI-DrugBank.d500.s3" text="Absorption of tetracycline is impaired by bismuth subsalicylate.">
        <entity id="DDI-DrugBank.d500.s3.e0" charOffset="14-25"
            type="drug" text="tetracycline"/>
        <entity id="DDI-DrugBank.d500.s3.e1" charOffset="42-62"
            type="drug" text="bismuth subsalicylate"/>
        <ddi id="DDI-DrugBank.d500.s3.d0" e1="DDI-DrugBank.d500.s3.e0"
            e2="DDI-DrugBank.d500.s3.e1" type="mechanism"/>
    </sentence>
    <sentence id="DDI-DrugBank.d500.s4" text="Barbiturates, carbamazepine, and phenytoin decrease the half-life of doxycycline.">
        <entity id="DDI-DrugBank.d500.s4.e0" charOffset="0-11"
            type="group" text="Barbiturates"/>
        <entity id="DDI-DrugBank.d500.s4.e1" charOffset="14-26"
            type="drug" text="carbamazepine"/>
        <entity id="DDI-DrugBank.d500.s4.e2" charOffset="33-41"
            type="drug" text="phenytoin"/>
        <entity id="DDI-DrugBank.d500.s4.e3" charOffset="69-79"
            type="drug" text="doxycycline"/>
        <ddi id="DDI-DrugBank.d500.s4.d0" e1="DDI-DrugBank.d500.s4.e0"
            e2="DDI-DrugBank.d500.s4.e3" type="mechanism"/>
        <ddi id="DDI-DrugBank.d500.s4.d1" e1="DDI-DrugBank.d500.s4.e1"
            e2="DDI-DrugBank.d500.s4.e3" type="mechanism"/>
        <ddi id="DDI-DrugBank.d500.s4.d2" e1="DDI-DrugBank.d500.s4.e2"
            e2="DDI-DrugBank.d500.s4.e3" type="mechanism"/>
    </sentence>
    <sentence id="DDI-DrugBank.d500.s5" text="The concurrent use of tetracycline and Penthrane (methoxyflurane) has been reported to result in fatal renal toxicity.">
        <entity id="DDI-DrugBank.d500.s5.e0" charOffset="22-33"
            type="drug" text="tetracycline"/>
        <entity id="DDI-DrugBank.d500.s5.e1" charOffset="39-47"
            type="brand" text="Penthrane"/>
        <entity id="DDI-DrugBank.d500.s5.e2" charOffset="50-63"
            type="drug" text="methoxyflurane"/>
        <ddi id="DDI-DrugBank.d500.s5.d0" e1="DDI-DrugBank.d500.s5.e0"
            e2="DDI-DrugBank.d500.s5.e1" type="effect"/>
        <ddi id="DDI-DrugBank.d500.s5.d1" e1="DDI-DrugBank.d500.s5.e0"
            e2="DDI-DrugBank.d500.s5.e2" type="effect"/>
    </sentence>
    <sentence id="DDI-DrugBank.d500.s6" text="Concurrent use of tetracycline may render oral contraceptives less effective.">
        <entity id="DDI-DrugBank.d500.s6.e0" charOffset="18-29"
            type="drug" text="tetracycline"/>
        <entity id="DDI-DrugBank.d500.s6.e1" charOffset="47-60"
            type="group" text="contraceptives"/>
        <ddi id="DDI-DrugBank.d500.s6.d0" e1="DDI-DrugBank.d500.s6.e0"
            e2="DDI-DrugBank.d500.s6.e1" type="effect"/>
    </sentence>
    <sentence id="DDI-DrugBank.d500.s7" text="Drug/Laboratory Test Interactions False elevations of urinary catecholamine levels may occur due to interference with the fluorescence test."/>
</document>
