<?xml version="1.0" encoding="UTF-8"?>
<document id="DDI-DrugBank.d377">
    <sentence id="DDI-DrugBank.d377.s0" text="Phospholine Iodide potentiates other cholinesterase inhibitors such as succinylcholine or organophosphate and carbamate insecticides.">
        <entity id="DDI-DrugBank.d377.s0.e0" charOffset="0-17"
            type="drug" text="Phospholine Iodide"/>
        <entity id="DDI-DrugBank.d377.s0.e1" charOffset="37-61"
            type="group" text="cholinesterase inhibitors"/>
        <entity id="DDI-DrugBank.d377.s0.e2" charOffset="71-85"
            type="drug" text="succinylcholine"/>
        <entity id="DDI-DrugBank.d377.s0.e3" charOffset="90-104;120-130"
            type="drug_n" text="organophosphate insecticide"/>
        <entity id="DDI-DrugBank.d377.s0.e4" charOffset="110-130"
            type="drug_n" text="carbamate insecticide"/>
        <ddi id="DDI-DrugBank.d377.s0.d0" e1="DDI-DrugBank.d377.s0.e0"
            e2="DDI-DrugBank.d377.s0.e1" type="effect"/>
        <ddi id="DDI-DrugBank.d377.s0.d1" e1="DDI-DrugBank.d377.s0.e0"
            e2="DDI-DrugBank.d377.s0.e2" type="effect"/>
        <ddi id="DDI-DrugBank.d377.s0.d2" e1="DDI-DrugBank.d377.s0.e0"
            e2="DDI-DrugBank.d377.s0.e3" type="effect"/>
        <ddi id="DDI-DrugBank.d377.s0.d3" e1="DDI-DrugBank.d377.s0.e0"
            e2="DDI-DrugBank.d377.s0.e4" type="effect"/>
    </sentence>
    <sentence id="DDI-DrugBank.d377.s1" text="Patients undergoing systemic anticholinesterase treatment should be warned of the possible additive effects of Phospholine Iodide.">
        <entity id="DDI-DrugBank.d377.s1.e0" charOffset="111-128"
            type="drug" text="Phospholine Iodide"/>
    </sentence>
</document>
