<?xml version="1.0" encoding="UTF-8"?>
<document id="DDI-DrugBank.d375">
    <sentence id="DDI-DrugBank.d375.s0" text="The potential for drug interactions with EMTRIVA has been studied in combination with indinavir, stavudine, famciclovir, and tenofovir disoproxil fumarate.">
        <entity id="DDI-DrugBank.d375.s0.e0" charOffset="41-47"
            type="brand" text="EMTRIVA"/>
        <entity id="DDI-DrugBank.d375.s0.e1" charOffset="86-94"
            type="drug" text="indinavir"/>
        <entity id="DDI-DrugBank.d375.s0.e2" charOffset="97-105"
            type="drug" text="stavudine"/>
        <entity id="DDI-DrugBank.d375.s0.e3" charOffset="108-118"
            type="drug" text="famciclovir"/>
        <entity id="DDI-DrugBank.d375.s0.e4" charOffset="125-153"
            type="drug" text="tenofovir disoproxil fumarate"/>
    </sentence>
    <sentence id="DDI-DrugBank.d375.s1" text="There were no clinically significant drug interactions for any of these drugs"/>
    <sentence id="DDI-DrugBank.d375.s2" text="."/>
    <sentence id="DDI-DrugBank.d375.s3" text=""/>
</document>
