<?xml version="1.0" encoding="UTF-8"?>
<document id="DDI-DrugBank.d29">
    <sentence id="DDI-DrugBank.d29.s0" text="Esomeprazole is extensively metabolized in the liver by CYP2C19 and CYP3A4.">
        <entity id="DDI-DrugBank.d29.s0.e0" charOffset="0-11"
            type="drug" text="Esomeprazole"/>
    </sentence>
    <sentence id="DDI-DrugBank.d29.s1" text="In vitro and in vivo studies have shown that esomeprazole is not likely to inhibit CYPs 1A2, 2A6, 2C9, 2D6, 2E1 and 3A4.">
        <entity id="DDI-DrugBank.d29.s1.e0" charOffset="45-56"
            type="drug" text="esomeprazole"/>
    </sentence>
    <sentence id="DDI-DrugBank.d29.s2" text="No clinically relevant interactions with drugs metabolized by these CYP enzymes would be expected."/>
    <sentence id="DDI-DrugBank.d29.s3" text="Drug interaction studies have shown that esomeprazole does not have any clinically significant interactions with phenytoin, warfarin, quinidine, clarithromycin or amoxicillin.">
        <entity id="DDI-DrugBank.d29.s3.e0" charOffset="41-52"
            type="drug" text="esomeprazole"/>
        <entity id="DDI-DrugBank.d29.s3.e1" charOffset="113-121"
            type="drug" text="phenytoin"/>
        <entity id="DDI-DrugBank.d29.s3.e2" charOffset="124-131"
            type="drug" text="warfarin"/>
        <entity id="DDI-DrugBank.d29.s3.e3" charOffset="134-142"
            type="drug" text="quinidine"/>
        <entity id="DDI-DrugBank.d29.s3.e4" charOffset="145-158"
            type="drug" text="clarithromycin"/>
        <entity id="DDI-DrugBank.d29.s3.e5" charOffset="163-173"
            type="drug" text="amoxicillin"/>
    </sentence>
    <sentence id="DDI-DrugBank.d29.s4" text="Post-marketing reports of changes in prothrombin measures have been received among patients on concomitant warfarin and esomeprazole therapy.">
        <entity id="DDI-DrugBank.d29.s4.e0" charOffset="107-114"
            type="drug" text="warfarin"/>
        <entity id="DDI-DrugBank.d29.s4.e1" charOffset="120-131"
            type="drug" text="esomeprazole"/>
        <ddi id="DDI-DrugBank.d29.s4.d0" e1="DDI-DrugBank.d29.s4.e1"
            e2="DDI-DrugBank.d29.s4.e1" type="effect"/>
    </sentence>
    <sentence id="DDI-DrugBank.d29.s5" text="Increases in INR and prothrombin time may lead to abnormal bleeding and even death."/>
    <sentence id="DDI-DrugBank.d29.s6" text="Patients treated with proton pump inhibitors and warfarin concomitantly may need to be monitored for increases in INR and prothrombin time.">
        <entity id="DDI-DrugBank.d29.s6.e0" charOffset="22-43"
            type="group" text="proton pump inhibitors"/>
        <entity id="DDI-DrugBank.d29.s6.e1" charOffset="49-56"
            type="drug" text="warfarin"/>
        <ddi id="DDI-DrugBank.d29.s6.d0" e1="DDI-DrugBank.d29.s6.e0"
            e2="DDI-DrugBank.d29.s6.e1" type="effect"/>
    </sentence>
    <sentence id="DDI-DrugBank.d29.s7" text="Esomeprazole may potentially interfere with CYP2C19, the major esomeprazole metabolizing enzyme.">
        <entity id="DDI-DrugBank.d29.s7.e0" charOffset="0-11"
            type="drug" text="Esomeprazole"/>
        <entity id="DDI-DrugBank.d29.s7.e1" charOffset="63-74"
            type="drug" text="esomeprazole"/>
    </sentence>
    <sentence id="DDI-DrugBank.d29.s8" text="Coadministration of esomeprazole 30 mg and diazepam, a CYP2C19 substrate, resulted in a 45% decrease in clearance of diazepam.">
        <entity id="DDI-DrugBank.d29.s8.e0" charOffset="20-31"
            type="drug" text="esomeprazole"/>
        <entity id="DDI-DrugBank.d29.s8.e1" charOffset="43-50"
            type="drug" text="diazepam"/>
        <entity id="DDI-DrugBank.d29.s8.e2" charOffset="117-124"
            type="drug" text="diazepam"/>
        <ddi id="DDI-DrugBank.d29.s8.d0" e1="DDI-DrugBank.d29.s8.e0"
            e2="DDI-DrugBank.d29.s8.e1" type="mechanism"/>
    </sentence>
    <sentence id="DDI-DrugBank.d29.s9" text="Increased plasma levels of diazepam were observed 12 hours after dosing and onwards.">
        <entity id="DDI-DrugBank.d29.s9.e0" charOffset="27-34"
            type="drug" text="diazepam"/>
    </sentence>
    <sentence id="DDI-DrugBank.d29.s10" text="However, at that time, the plasma levels of diazepam were below the therapeutic interval, and thus this interaction is unlikely to be of clinical relevance.">
        <entity id="DDI-DrugBank.d29.s10.e0" charOffset="44-51"
            type="drug" text="diazepam"/>
    </sentence>
    <sentence id="DDI-DrugBank.d29.s11" text="Esomeprazole inhibits gastric acid secretion.">
        <entity id="DDI-DrugBank.d29.s11.e0" charOffset="0-11"
            type="drug" text="Esomeprazole"/>
    </sentence>
    <sentence id="DDI-DrugBank.d29.s12" text="Therefore, esomeprazole may interfere with the absorption of drugs where gastric pH is an important determinant of bioavailability (eg, ketoconazole, iron salts and digoxin).">
        <entity id="DDI-DrugBank.d29.s12.e0" charOffset="11-22"
            type="drug" text="esomeprazole"/>
        <entity id="DDI-DrugBank.d29.s12.e1" charOffset="136-147"
            type="drug" text="ketoconazole"/>
        <entity id="DDI-DrugBank.d29.s12.e2" charOffset="150-153"
            type="drug" text="iron"/>
        <entity id="DDI-DrugBank.d29.s12.e3" charOffset="165-171"
            type="drug" text="digoxin"/>
        <ddi id="DDI-DrugBank.d29.s12.d0" e1="DDI-DrugBank.d29.s12.e0"
            e2="DDI-DrugBank.d29.s12.e1" type="mechanism"/>
        <ddi id="DDI-DrugBank.d29.s12.d1" e1="DDI-DrugBank.d29.s12.e0"
            e2="DDI-DrugBank.d29.s12.e2" type="mechanism"/>
        <ddi id="DDI-DrugBank.d29.s12.d2" e1="DDI-DrugBank.d29.s12.e0"
            e2="DDI-DrugBank.d29.s12.e3" type="mechanism"/>
    </sentence>
    <sentence id="DDI-DrugBank.d29.s13" text="Coadministration of oral contraceptives, diazepam, phenytoin, or quinidine did not seem to change the pharmacokinetic profile of esomeprazole.">
        <entity id="DDI-DrugBank.d29.s13.e0" charOffset="25-38"
            type="group" text="contraceptives"/>
        <entity id="DDI-DrugBank.d29.s13.e1" charOffset="41-48"
            type="drug" text="diazepam"/>
        <entity id="DDI-DrugBank.d29.s13.e2" charOffset="51-59"
            type="drug" text="phenytoin"/>
        <entity id="DDI-DrugBank.d29.s13.e3" charOffset="65-73"
            type="drug" text="quinidine"/>
        <entity id="DDI-DrugBank.d29.s13.e4" charOffset="129-140"
            type="drug" text="esomeprazole"/>
    </sentence>
    <sentence id="DDI-DrugBank.d29.s14" text="Concomitant administration of clarithromycin with pimozide is contraindicated.">
        <entity id="DDI-DrugBank.d29.s14.e0" charOffset="30-43"
            type="drug" text="clarithromycin"/>
        <entity id="DDI-DrugBank.d29.s14.e1" charOffset="50-57"
            type="drug" text="pimozide"/>
        <ddi id="DDI-DrugBank.d29.s14.d0" e1="DDI-DrugBank.d29.s14.e0"
            e2="DDI-DrugBank.d29.s14.e1" type="advise"/>
    </sentence>
</document>
