<?xml version="1.0" encoding="UTF-8"?>
<document id="DDI-DrugBank.d166">
    <sentence id="DDI-DrugBank.d166.s0" text="Trecator has been found to temporarily raise serum concentrations of isoniazid.">
        <entity id="DDI-DrugBank.d166.s0.e0" charOffset="0-7"
            type="brand" text="Trecator"/>
        <entity id="DDI-DrugBank.d166.s0.e1" charOffset="69-77"
            type="drug" text="isoniazid"/>
        <ddi id="DDI-DrugBank.d166.s0.d0" e1="DDI-DrugBank.d166.s0.e0"
            e2="DDI-DrugBank.d166.s0.e1" type="mechanism"/>
    </sentence>
    <sentence id="DDI-DrugBank.d166.s1" text="Trecator may potentiate the adverse effects of other antituberculous drugs administered concomitantly.">
        <entity id="DDI-DrugBank.d166.s1.e0" charOffset="0-7"
            type="brand" text="Trecator"/>
        <entity id="DDI-DrugBank.d166.s1.e1" charOffset="53-73"
            type="group" text="antituberculous drugs"/>
        <ddi id="DDI-DrugBank.d166.s1.d0" e1="DDI-DrugBank.d166.s1.e0"
            e2="DDI-DrugBank.d166.s1.e1" type="effect"/>
    </sentence>
    <sentence id="DDI-DrugBank.d166.s2" text="In particular, convulsions have been reported when ethionamide is administered with cycloserine and special care should be taken when the treatment regimen includes both of these drugs.">
        <entity id="DDI-DrugBank.d166.s2.e0" charOffset="51-61"
            type="drug" text="ethionamide"/>
        <entity id="DDI-DrugBank.d166.s2.e1" charOffset="84-94"
            type="drug" text="cycloserine"/>
        <ddi id="DDI-DrugBank.d166.s2.d0" e1="DDI-DrugBank.d166.s2.e0"
            e2="DDI-DrugBank.d166.s2.e1" type="effect"/>
    </sentence>
    <sentence id="DDI-DrugBank.d166.s3" text="Excessive ethanol ingestion should be avoided because a psychotic reaction has been reported.">
        <entity id="DDI-DrugBank.d166.s3.e0" charOffset="10-16"
            type="drug" text="ethanol"/>
    </sentence>
</document>
