<?xml version="1.0" encoding="UTF-8"?>
<document id="DDI-DrugBank.d152">
    <sentence id="DDI-DrugBank.d152.s0" text="Certain endocrine and liver function tests may be affected by estrogen-containing oral contraceptives.">
        <entity id="DDI-DrugBank.d152.s0.e0" charOffset="62-69"
            type="group" text="estrogen"/>
        <entity id="DDI-DrugBank.d152.s0.e1" charOffset="87-100"
            type="group" text="contraceptives"/>
    </sentence>
    <sentence id="DDI-DrugBank.d152.s1" text="The following similar changes may be expected with larger doses of estrogen: Increased sulfobromophthalein retention;">
        <entity id="DDI-DrugBank.d152.s1.e0" charOffset="67-74"
            type="group" text="estrogen"/>
    </sentence>
    <sentence id="DDI-DrugBank.d152.s2" text="increased prothrombin and factors VII, VIII, IX, and X;"/>
    <sentence id="DDI-DrugBank.d152.s3" text="decreased antithrombin 3;"/>
    <sentence id="DDI-DrugBank.d152.s4" text="increased norepinephrine-induced platel et aggregation;"/>
    <sentence id="DDI-DrugBank.d152.s5" text="increased thyroid binding globulin (TBG) leading to increased circulating total thyroid hormone, as measured by PBI, T4 by column, or T4 by radioimmunoassay."/>
    <sentence id="DDI-DrugBank.d152.s6" text="Free T3 resin uptake is decreased, reflecting the elevated TBG;"/>
    <sentence id="DDI-DrugBank.d152.s7" text="free T4 concentration is unaltered: impaired glucose tolerance;"/>
    <sentence id="DDI-DrugBank.d152.s8" text="decreased pregnanediol excretion;"/>
    <sentence id="DDI-DrugBank.d152.s9" text="reduced response to metyrapone test;"/>
    <sentence id="DDI-DrugBank.d152.s10" text="reduced serum folate concentration;"/>
    <sentence id="DDI-DrugBank.d152.s11" text="increased serum triglyceride and phospholipid concentration."/>
</document>
