<?xml version="1.0" encoding="UTF-8"?>
<document id="DDI-DrugBank.d240">
    <sentence id="DDI-DrugBank.d240.s0" text="Ethopropazine may interact with alcohol or other CNS depressants, causing increased sedative effects.">
        <entity id="DDI-DrugBank.d240.s0.e0" charOffset="0-12"
            type="drug" text="Ethopropazine"/>
        <entity id="DDI-DrugBank.d240.s0.e1" charOffset="32-38"
            type="drug" text="alcohol"/>
        <entity id="DDI-DrugBank.d240.s0.e2" charOffset="49-63"
            type="group" text="CNS depressants"/>
        <ddi id="DDI-DrugBank.d240.s0.d0" e1="DDI-DrugBank.d240.s0.e0"
            e2="DDI-DrugBank.d240.s0.e1" type="effect"/>
        <ddi id="DDI-DrugBank.d240.s0.d1" e1="DDI-DrugBank.d240.s0.e0"
            e2="DDI-DrugBank.d240.s0.e2" type="effect"/>
    </sentence>
    <sentence id="DDI-DrugBank.d240.s1" text="It may also interact with amantadine or other anticholinergic drugs or MAOIs, which may intensify the anticholinergic action.">
        <entity id="DDI-DrugBank.d240.s1.e0" charOffset="26-35"
            type="drug" text="amantadine"/>
        <entity id="DDI-DrugBank.d240.s1.e1" charOffset="46-66"
            type="group" text="anticholinergic drugs"/>
        <entity id="DDI-DrugBank.d240.s1.e2" charOffset="71-75"
            type="group" text="MAOIs"/>
    </sentence>
    <sentence id="DDI-DrugBank.d240.s2" text="Ethopropazine can interact with chlorpromazine, increasing the metabolism of chlorpromazine.">
        <entity id="DDI-DrugBank.d240.s2.e0" charOffset="0-12"
            type="drug" text="Ethopropazine"/>
        <entity id="DDI-DrugBank.d240.s2.e1" charOffset="32-45"
            type="drug" text="chlorpromazine"/>
        <entity id="DDI-DrugBank.d240.s2.e2" charOffset="77-90"
            type="drug" text="chlorpromazine"/>
        <ddi id="DDI-DrugBank.d240.s2.d0" e1="DDI-DrugBank.d240.s2.e0"
            e2="DDI-DrugBank.d240.s2.e1" type="mechanism"/>
    </sentence>
</document>
