<?xml version="1.0" encoding="UTF-8"?>
<document id="DDI-DrugBank.d485">
    <sentence id="DDI-DrugBank.d485.s0" text="Ethinyl estradiol: Substrate of CYP3A4 (major), 3A5-7 (minor);">
        <entity id="DDI-DrugBank.d485.s0.e0" charOffset="0-16"
            type="drug" text="Ethinyl estradiol"/>
    </sentence>
    <sentence id="DDI-DrugBank.d485.s1" text="Inhibits CYP1A2 (weak), 2B6 (weak), 2C19 (weak), 3A4 (weak)."/>
    <sentence id="DDI-DrugBank.d485.s2" text="Acetaminophen: May increase plasma concentration of synthetic estrogens, possibly by inhibiting conjugation.">
        <entity id="DDI-DrugBank.d485.s2.e0" charOffset="0-12"
            type="drug" text="Acetaminophen"/>
        <entity id="DDI-DrugBank.d485.s2.e1" charOffset="52-70"
            type="group" text="synthetic estrogens"/>
        <ddi id="DDI-DrugBank.d485.s2.d0" e1="DDI-DrugBank.d485.s2.e0"
            e2="DDI-DrugBank.d485.s2.e1" type="mechanism"/>
    </sentence>
    <sentence id="DDI-DrugBank.d485.s3" text="Combination hormonal contraceptives may also decrease the plasma concentration of acetaminophen.">
        <entity id="DDI-DrugBank.d485.s3.e0" charOffset="12-34"
            type="group" text="hormonal contraceptives"/>
        <entity id="DDI-DrugBank.d485.s3.e1" charOffset="82-94"
            type="drug" text="acetaminophen"/>
        <ddi id="DDI-DrugBank.d485.s3.d0" e1="DDI-DrugBank.d485.s3.e0"
            e2="DDI-DrugBank.d485.s3.e1" type="mechanism"/>
    </sentence>
    <sentence id="DDI-DrugBank.d485.s4" text="Acitretin: Interferes with the contraceptive effect of microdosed progestin-containing minipill preparations.">
        <entity id="DDI-DrugBank.d485.s4.e0" charOffset="0-8"
            type="drug" text="Acitretin"/>
        <entity id="DDI-DrugBank.d485.s4.e1" charOffset="66-74"
            type="group" text="progestin"/>
        <ddi id="DDI-DrugBank.d485.s4.d0" e1="DDI-DrugBank.d485.s4.e0"
            e2="DDI-DrugBank.d485.s4.e1" type="effect"/>
    </sentence>
    <sentence id="DDI-DrugBank.d485.s5" text="The effect on other progestational contraceptives (eg, implants, injectables) is unknown.">
        <entity id="DDI-DrugBank.d485.s5.e0" charOffset="20-48"
            type="group" text="progestational contraceptives"/>
    </sentence>
    <sentence id="DDI-DrugBank.d485.s6" text="Aminoglutethimide: May increase CYP metabolism of progestins leading to possible decrease in contraceptive effectiveness.">
        <entity id="DDI-DrugBank.d485.s6.e0" charOffset="0-16"
            type="drug" text="Aminoglutethimide"/>
        <entity id="DDI-DrugBank.d485.s6.e1" charOffset="50-59"
            type="group" text="progestins"/>
        <ddi id="DDI-DrugBank.d485.s6.d0" e1="DDI-DrugBank.d485.s6.e0"
            e2="DDI-DrugBank.d485.s6.e1" type="mechanism"/>
    </sentence>
    <sentence id="DDI-DrugBank.d485.s7" text="Use of a nonhormonal contraceptive product is recommended.">
        <entity id="DDI-DrugBank.d485.s7.e0" charOffset="9-41"
            type="group" text="nonhormonal contraceptive product"/>
    </sentence>
    <sentence id="DDI-DrugBank.d485.s8" text="Antibiotics (ampicillin, tetracycline): Pregnancy has been reported following concomitant use, however, pharmacokinetic studies have not shown consistent effects with these antibiotics on plasma concentrations of synthetic steroids.">
        <entity id="DDI-DrugBank.d485.s8.e0" charOffset="0-10"
            type="group" text="Antibiotics"/>
        <entity id="DDI-DrugBank.d485.s8.e1" charOffset="13-22"
            type="drug" text="ampicillin"/>
        <entity id="DDI-DrugBank.d485.s8.e2" charOffset="25-36"
            type="drug" text="tetracycline"/>
        <entity id="DDI-DrugBank.d485.s8.e3" charOffset="173-183"
            type="group" text="antibiotics"/>
        <entity id="DDI-DrugBank.d485.s8.e4" charOffset="213-230"
            type="group" text="synthetic steroids"/>
    </sentence>
    <sentence id="DDI-DrugBank.d485.s9" text="Use of a nonhormonal contraceptive product is recommended.">
        <entity id="DDI-DrugBank.d485.s9.e0" charOffset="9-41"
            type="group" text="nonhormonal contraceptive product"/>
    </sentence>
    <sentence id="DDI-DrugBank.d485.s10" text="Anticoagulants: Combination hormonal contraceptives may increase or decrease the effects of coumarin derivatives.">
        <entity id="DDI-DrugBank.d485.s10.e0" charOffset="0-13"
            type="group" text="Anticoagulants"/>
        <entity id="DDI-DrugBank.d485.s10.e1" charOffset="28-50"
            type="group" text="hormonal contraceptives"/>
        <entity id="DDI-DrugBank.d485.s10.e2" charOffset="92-111"
            type="group" text="coumarin derivatives"/>
        <ddi id="DDI-DrugBank.d485.s10.d0" e1="DDI-DrugBank.d485.s10.e1"
            e2="DDI-DrugBank.d485.s10.e2" type="effect"/>
    </sentence>
    <sentence id="DDI-DrugBank.d485.s11" text="Combination hormonal contraceptives may also increase risk of thromboembolic disorders.">
        <entity id="DDI-DrugBank.d485.s11.e0" charOffset="12-34"
            type="group" text="hormonal contraceptives"/>
    </sentence>
    <sentence id="DDI-DrugBank.d485.s12" text="Anticonvulsants (carbamazepine, felbamate, phenobarbital, phenytoin, topiramate): Increase the metabolism of ethinyl estradiol and/or some progestins, leading to possible decrease in contraceptive effectiveness.">
        <entity id="DDI-DrugBank.d485.s12.e0" charOffset="0-14"
            type="group" text="Anticonvulsants"/>
        <entity id="DDI-DrugBank.d485.s12.e1" charOffset="17-29"
            type="drug" text="carbamazepine"/>
        <entity id="DDI-DrugBank.d485.s12.e2" charOffset="32-40"
            type="drug" text="felbamate"/>
        <entity id="DDI-DrugBank.d485.s12.e3" charOffset="43-55"
            type="drug" text="phenobarbital"/>
        <entity id="DDI-DrugBank.d485.s12.e4" charOffset="58-66"
            type="drug" text="phenytoin"/>
        <entity id="DDI-DrugBank.d485.s12.e5" charOffset="69-78"
            type="drug" text="topiramate"/>
        <entity id="DDI-DrugBank.d485.s12.e6" charOffset="109-125"
            type="drug" text="ethinyl estradiol"/>
        <entity id="DDI-DrugBank.d485.s12.e7" charOffset="139-148"
            type="group" text="progestins"/>
        <ddi id="DDI-DrugBank.d485.s12.d0" e1="DDI-DrugBank.d485.s12.e0"
            e2="DDI-DrugBank.d485.s12.e6" type="mechanism"/>
        <ddi id="DDI-DrugBank.d485.s12.d1" e1="DDI-DrugBank.d485.s12.e1"
            e2="DDI-DrugBank.d485.s12.e6" type="mechanism"/>
        <ddi id="DDI-DrugBank.d485.s12.d2" e1="DDI-DrugBank.d485.s12.e2"
            e2="DDI-DrugBank.d485.s12.e6" type="mechanism"/>
        <ddi id="DDI-DrugBank.d485.s12.d3" e1="DDI-DrugBank.d485.s12.e3"
            e2="DDI-DrugBank.d485.s12.e6" type="mechanism"/>
        <ddi id="DDI-DrugBank.d485.s12.d4" e1="DDI-DrugBank.d485.s12.e4"
            e2="DDI-DrugBank.d485.s12.e6" type="mechanism"/>
        <ddi id="DDI-DrugBank.d485.s12.d5" e1="DDI-DrugBank.d485.s12.e5"
            e2="DDI-DrugBank.d485.s12.e6" type="mechanism"/>
        <ddi id="DDI-DrugBank.d485.s12.d6" e1="DDI-DrugBank.d485.s12.e0"
            e2="DDI-DrugBank.d485.s12.e7" type="mechanism"/>
        <ddi id="DDI-DrugBank.d485.s12.d7" e1="DDI-DrugBank.d485.s12.e1"
            e2="DDI-DrugBank.d485.s12.e7" type="mechanism"/>
        <ddi id="DDI-DrugBank.d485.s12.d8" e1="DDI-DrugBank.d485.s12.e2"
            e2="DDI-DrugBank.d485.s12.e7" type="mechanism"/>
        <ddi id="DDI-DrugBank.d485.s12.d9" e1="DDI-DrugBank.d485.s12.e3"
            e2="DDI-DrugBank.d485.s12.e7" type="mechanism"/>
        <ddi id="DDI-DrugBank.d485.s12.d10"
            e1="DDI-DrugBank.d485.s12.e4" e2="DDI-DrugBank.d485.s12.e7" type="mechanism"/>
        <ddi id="DDI-DrugBank.d485.s12.d11"
            e1="DDI-DrugBank.d485.s12.e5" e2="DDI-DrugBank.d485.s12.e7" type="mechanism"/>
    </sentence>
    <sentence id="DDI-DrugBank.d485.s13" text="Use of a nonhormonal contraceptive product is recommended.">
        <entity id="DDI-DrugBank.d485.s13.e0" charOffset="9-41"
            type="group" text="nonhormonal contraceptive product"/>
    </sentence>
    <sentence id="DDI-DrugBank.d485.s14" text="Ascorbic acid: Doses of ascorbic acid (vitamin C) 1 g/day have been reported to increase plasma concentration of synthetic estrogens by ~47%, possibly by inhibiting conjugation;">
        <entity id="DDI-DrugBank.d485.s14.e0" charOffset="0-12"
            type="drug" text="Ascorbic acid"/>
        <entity id="DDI-DrugBank.d485.s14.e1" charOffset="24-36"
            type="drug" text="ascorbic acid"/>
        <entity id="DDI-DrugBank.d485.s14.e2" charOffset="39-47"
            type="drug" text="vitamin C"/>
        <entity id="DDI-DrugBank.d485.s14.e3" charOffset="113-131"
            type="group" text="synthetic estrogens"/>
        <ddi id="DDI-DrugBank.d485.s14.d0" e1="DDI-DrugBank.d485.s14.e1"
            e2="DDI-DrugBank.d485.s14.e3" type="mechanism"/>
        <ddi id="DDI-DrugBank.d485.s14.d1" e1="DDI-DrugBank.d485.s14.e2"
            e2="DDI-DrugBank.d485.s14.e3" type="mechanism"/>
    </sentence>
    <sentence id="DDI-DrugBank.d485.s15" text="clinical implications are unclear."/>
    <sentence id="DDI-DrugBank.d485.s16" text="Atorvastatin: Atorvastatin increases the AUC for norethindrone and ethinyl estradiol.">
        <entity id="DDI-DrugBank.d485.s16.e0" charOffset="0-11"
            type="drug" text="Atorvastatin"/>
        <entity id="DDI-DrugBank.d485.s16.e1" charOffset="14-25"
            type="drug" text="Atorvastatin"/>
        <entity id="DDI-DrugBank.d485.s16.e2" charOffset="49-61"
            type="drug" text="norethindrone"/>
        <entity id="DDI-DrugBank.d485.s16.e3" charOffset="67-83"
            type="drug" text="ethinyl estradiol"/>
        <ddi id="DDI-DrugBank.d485.s16.d0" e1="DDI-DrugBank.d485.s16.e1"
            e2="DDI-DrugBank.d485.s16.e2" type="mechanism"/>
        <ddi id="DDI-DrugBank.d485.s16.d1" e1="DDI-DrugBank.d485.s16.e1"
            e2="DDI-DrugBank.d485.s16.e3" type="mechanism"/>
    </sentence>
    <sentence id="DDI-DrugBank.d485.s17" text="Benzodiazepines: Combination hormonal contraceptives may decrease the clearance of some benzodiazepines (alprazolam, chlordiazepoxide, diazepam) and increase the clearance of others (lorazepam, oxazepam, temazepam).">
        <entity id="DDI-DrugBank.d485.s17.e0" charOffset="0-14"
            type="group" text="Benzodiazepines"/>
        <entity id="DDI-DrugBank.d485.s17.e1" charOffset="29-51"
            type="group" text="hormonal contraceptives"/>
        <entity id="DDI-DrugBank.d485.s17.e2" charOffset="88-102"
            type="group" text="benzodiazepines"/>
        <entity id="DDI-DrugBank.d485.s17.e3" charOffset="105-114"
            type="drug" text="alprazolam"/>
        <entity id="DDI-DrugBank.d485.s17.e4" charOffset="117-132"
            type="drug" text="chlordiazepoxide"/>
        <entity id="DDI-DrugBank.d485.s17.e5" charOffset="135-142"
            type="drug" text="diazepam"/>
        <entity id="DDI-DrugBank.d485.s17.e6" charOffset="183-191"
            type="drug" text="lorazepam"/>
        <entity id="DDI-DrugBank.d485.s17.e7" charOffset="194-201"
            type="drug" text="oxazepam"/>
        <entity id="DDI-DrugBank.d485.s17.e8" charOffset="204-212"
            type="drug" text="temazepam"/>
        <ddi id="DDI-DrugBank.d485.s17.d0" e1="DDI-DrugBank.d485.s17.e1"
            e2="DDI-DrugBank.d485.s17.e2" type="mechanism"/>
        <ddi id="DDI-DrugBank.d485.s17.d1" e1="DDI-DrugBank.d485.s17.e1"
            e2="DDI-DrugBank.d485.s17.e3" type="mechanism"/>
        <ddi id="DDI-DrugBank.d485.s17.d2" e1="DDI-DrugBank.d485.s17.e1"
            e2="DDI-DrugBank.d485.s17.e4" type="mechanism"/>
        <ddi id="DDI-DrugBank.d485.s17.d3" e1="DDI-DrugBank.d485.s17.e1"
            e2="DDI-DrugBank.d485.s17.e5" type="mechanism"/>
        <ddi id="DDI-DrugBank.d485.s17.d4" e1="DDI-DrugBank.d485.s17.e1"
            e2="DDI-DrugBank.d485.s17.e6" type="mechanism"/>
        <ddi id="DDI-DrugBank.d485.s17.d5" e1="DDI-DrugBank.d485.s17.e1"
            e2="DDI-DrugBank.d485.s17.e7" type="mechanism"/>
        <ddi id="DDI-DrugBank.d485.s17.d6" e1="DDI-DrugBank.d485.s17.e1"
            e2="DDI-DrugBank.d485.s17.e8" type="mechanism"/>
    </sentence>
    <sentence id="DDI-DrugBank.d485.s18" text="Clofibric acid: Combination hormonal contraceptives may increase the clearance of clofibric acid.">
        <entity id="DDI-DrugBank.d485.s18.e0" charOffset="0-13"
            type="drug_n" text="Clofibric acid"/>
        <entity id="DDI-DrugBank.d485.s18.e1" charOffset="28-50"
            type="group" text="hormonal contraceptives"/>
        <entity id="DDI-DrugBank.d485.s18.e2" charOffset="82-95"
            type="drug_n" text="clofibric acid"/>
        <ddi id="DDI-DrugBank.d485.s18.d0" e1="DDI-DrugBank.d485.s18.e1"
            e2="DDI-DrugBank.d485.s18.e2" type="mechanism"/>
    </sentence>
    <sentence id="DDI-DrugBank.d485.s19" text="Cyclosporine: Combination hormonal contraceptives may inhibit the metabolism of cyclosporine, leading to increased plasma concentrations;">
        <entity id="DDI-DrugBank.d485.s19.e0" charOffset="0-11"
            type="drug" text="Cyclosporine"/>
        <entity id="DDI-DrugBank.d485.s19.e1" charOffset="26-48"
            type="group" text="hormonal contraceptives"/>
        <entity id="DDI-DrugBank.d485.s19.e2" charOffset="80-91"
            type="drug" text="cyclosporine"/>
        <ddi id="DDI-DrugBank.d485.s19.d0" e1="DDI-DrugBank.d485.s19.e1"
            e2="DDI-DrugBank.d485.s19.e2" type="mechanism"/>
    </sentence>
    <sentence id="DDI-DrugBank.d485.s20" text="monitor cyclosporine levels.">
        <entity id="DDI-DrugBank.d485.s20.e0" charOffset="8-19"
            type="drug" text="cyclosporine"/>
    </sentence>
    <sentence id="DDI-DrugBank.d485.s21" text="CYP3A4 inducers: CYP3A4 inducers may decrease the levels/effects of ethinyl estradiol.">
        <entity id="DDI-DrugBank.d485.s21.e0" charOffset="68-84"
            type="drug" text="ethinyl estradiol"/>
    </sentence>
    <sentence id="DDI-DrugBank.d485.s22" text="Example inducers include aminoglutethimide, carbamazepine, nafcillin, nevirapine, phenobarbital, phenytoin, and rifamycins.">
        <entity id="DDI-DrugBank.d485.s22.e0" charOffset="25-41"
            type="drug" text="aminoglutethimide"/>
        <entity id="DDI-DrugBank.d485.s22.e1" charOffset="44-56"
            type="drug" text="carbamazepine"/>
        <entity id="DDI-DrugBank.d485.s22.e2" charOffset="59-67"
            type="drug" text="nafcillin"/>
        <entity id="DDI-DrugBank.d485.s22.e3" charOffset="70-79"
            type="drug" text="nevirapine"/>
        <entity id="DDI-DrugBank.d485.s22.e4" charOffset="82-94"
            type="drug" text="phenobarbital"/>
        <entity id="DDI-DrugBank.d485.s22.e5" charOffset="97-105"
            type="drug" text="phenytoin"/>
        <entity id="DDI-DrugBank.d485.s22.e6" charOffset="112-121"
            type="group" text="rifamycins"/>
    </sentence>
    <sentence id="DDI-DrugBank.d485.s23" text="Griseofulvin: Griseofulvin may induce the metabolism of combination hormonal contraceptives causing menstrual changes;">
        <entity id="DDI-DrugBank.d485.s23.e0" charOffset="0-11"
            type="drug" text="Griseofulvin"/>
        <entity id="DDI-DrugBank.d485.s23.e1" charOffset="14-25"
            type="drug" text="Griseofulvin"/>
        <entity id="DDI-DrugBank.d485.s23.e2" charOffset="56-90"
            type="group" text="combination hormonal contraceptives"/>
        <ddi id="DDI-DrugBank.d485.s23.d0" e1="DDI-DrugBank.d485.s23.e1"
            e2="DDI-DrugBank.d485.s23.e2" type="mechanism"/>
    </sentence>
    <sentence id="DDI-DrugBank.d485.s24" text="pregnancies have been reported."/>
    <sentence id="DDI-DrugBank.d485.s25" text="Use of barrier form of contraception is suggested while on griseofulvin therapy.">
        <entity id="DDI-DrugBank.d485.s25.e0" charOffset="59-70"
            type="drug" text="griseofulvin"/>
    </sentence>
    <sentence id="DDI-DrugBank.d485.s26" text="Morphine: Combination hormonal contraceptives may increase the clearance of morphine.">
        <entity id="DDI-DrugBank.d485.s26.e0" charOffset="0-7"
            type="drug" text="Morphine"/>
        <entity id="DDI-DrugBank.d485.s26.e1" charOffset="22-44"
            type="group" text="hormonal contraceptives"/>
        <entity id="DDI-DrugBank.d485.s26.e2" charOffset="76-83"
            type="drug" text="morphine"/>
        <ddi id="DDI-DrugBank.d485.s26.d0" e1="DDI-DrugBank.d485.s26.e1"
            e2="DDI-DrugBank.d485.s26.e2" type="mechanism"/>
    </sentence>
    <sentence id="DDI-DrugBank.d485.s27" text="Non-nucleoside reverse transcriptase inhibitors (NNRTIs): Nevirapine may decrease plasma levels of combination hormonal contraceptives;">
        <entity id="DDI-DrugBank.d485.s27.e0" charOffset="0-46"
            type="group" text="Non-nucleoside reverse transcriptase inhibitors"/>
        <entity id="DDI-DrugBank.d485.s27.e1" charOffset="49-54"
            type="group" text="NNRTIs"/>
        <entity id="DDI-DrugBank.d485.s27.e2" charOffset="58-67"
            type="drug" text="Nevirapine"/>
        <entity id="DDI-DrugBank.d485.s27.e3" charOffset="99-133"
            type="group" text="combination hormonal contraceptives"/>
        <ddi id="DDI-DrugBank.d485.s27.d0" e1="DDI-DrugBank.d485.s27.e2"
            e2="DDI-DrugBank.d485.s27.e3" type="mechanism"/>
    </sentence>
    <sentence id="DDI-DrugBank.d485.s28" text="use of a nonhormonal contraceptive product is recommended.">
        <entity id="DDI-DrugBank.d485.s28.e0" charOffset="9-41"
            type="group" text="nonhormonal contraceptive product"/>
    </sentence>
    <sentence id="DDI-DrugBank.d485.s29" text="No data for delavirdine;">
        <entity id="DDI-DrugBank.d485.s29.e0" charOffset="12-22"
            type="drug" text="delavirdine"/>
    </sentence>
    <sentence id="DDI-DrugBank.d485.s30" text="incomplete data for efavirenz.">
        <entity id="DDI-DrugBank.d485.s30.e0" charOffset="20-28"
            type="drug" text="efavirenz"/>
    </sentence>
    <sentence id="DDI-DrugBank.d485.s31" text="Prednisolone: Ethinyl estradiol may inhibit the metabolism of prednisolone, leading to increased plasma concentrations.">
        <entity id="DDI-DrugBank.d485.s31.e0" charOffset="0-11"
            type="drug" text="Prednisolone"/>
        <entity id="DDI-DrugBank.d485.s31.e1" charOffset="14-30"
            type="drug" text="Ethinyl estradiol"/>
        <entity id="DDI-DrugBank.d485.s31.e2" charOffset="62-73"
            type="drug" text="prednisolone"/>
        <ddi id="DDI-DrugBank.d485.s31.d0" e1="DDI-DrugBank.d485.s31.e1"
            e2="DDI-DrugBank.d485.s31.e2" type="mechanism"/>
    </sentence>
    <sentence id="DDI-DrugBank.d485.s32" text="Protease inhibitors: Amprenavir, lopinavir, nelfinavir, and ritonavir have been shown to decrease plasma levels of combination hormonal contraceptives;">
        <entity id="DDI-DrugBank.d485.s32.e0" charOffset="0-18"
            type="group" text="Protease inhibitors"/>
        <entity id="DDI-DrugBank.d485.s32.e1" charOffset="21-30"
            type="drug" text="Amprenavir"/>
        <entity id="DDI-DrugBank.d485.s32.e2" charOffset="33-41"
            type="drug" text="lopinavir"/>
        <entity id="DDI-DrugBank.d485.s32.e3" charOffset="44-53"
            type="drug" text="nelfinavir"/>
        <entity id="DDI-DrugBank.d485.s32.e4" charOffset="60-68"
            type="drug" text="ritonavir"/>
        <entity id="DDI-DrugBank.d485.s32.e5" charOffset="115-149"
            type="group" text="combination hormonal contraceptives"/>
        <ddi id="DDI-DrugBank.d485.s32.d0" e1="DDI-DrugBank.d485.s32.e1"
            e2="DDI-DrugBank.d485.s32.e5" type="mechanism"/>
        <ddi id="DDI-DrugBank.d485.s32.d1" e1="DDI-DrugBank.d485.s32.e2"
            e2="DDI-DrugBank.d485.s32.e5" type="mechanism"/>
        <ddi id="DDI-DrugBank.d485.s32.d2" e1="DDI-DrugBank.d485.s32.e3"
            e2="DDI-DrugBank.d485.s32.e5" type="mechanism"/>
        <ddi id="DDI-DrugBank.d485.s32.d3" e1="DDI-DrugBank.d485.s32.e4"
            e2="DDI-DrugBank.d485.s32.e5" type="mechanism"/>
    </sentence>
    <sentence id="DDI-DrugBank.d485.s33" text="use of a nonhormonal contraceptive product is recommended.">
        <entity id="DDI-DrugBank.d485.s33.e0" charOffset="9-41"
            type="group" text="nonhormonal contraceptive product"/>
    </sentence>
    <sentence id="DDI-DrugBank.d485.s34" text="Indinavir has been shown to increase plasma levels of combination hormonal contraceptives.">
        <entity id="DDI-DrugBank.d485.s34.e0" charOffset="0-8"
            type="drug" text="Indinavir"/>
        <entity id="DDI-DrugBank.d485.s34.e1" charOffset="54-88"
            type="group" text="combination hormonal contraceptives"/>
        <ddi id="DDI-DrugBank.d485.s34.d0" e1="DDI-DrugBank.d485.s34.e0"
            e2="DDI-DrugBank.d485.s34.e1" type="mechanism"/>
    </sentence>
    <sentence id="DDI-DrugBank.d485.s35" text="No data for saquinavir.">
        <entity id="DDI-DrugBank.d485.s35.e0" charOffset="12-21"
            type="drug" text="saquinavir"/>
    </sentence>
    <sentence id="DDI-DrugBank.d485.s36" text="Rifampin: Rifampin increases the metabolism of ethinyl estradiol and some progestins (norethindrone) resulting in decreased contraceptive effectiveness and increased menstrual irregularities.">
        <entity id="DDI-DrugBank.d485.s36.e0" charOffset="0-7"
            type="drug" text="Rifampin"/>
        <entity id="DDI-DrugBank.d485.s36.e1" charOffset="10-17"
            type="drug" text="Rifampin"/>
        <entity id="DDI-DrugBank.d485.s36.e2" charOffset="47-63"
            type="drug" text="ethinyl estradiol"/>
        <entity id="DDI-DrugBank.d485.s36.e3" charOffset="74-83"
            type="group" text="progestins"/>
        <entity id="DDI-DrugBank.d485.s36.e4" charOffset="86-98"
            type="drug" text="norethindrone"/>
        <ddi id="DDI-DrugBank.d485.s36.d0" e1="DDI-DrugBank.d485.s36.e1"
            e2="DDI-DrugBank.d485.s36.e2" type="mechanism"/>
        <ddi id="DDI-DrugBank.d485.s36.d1" e1="DDI-DrugBank.d485.s36.e1"
            e2="DDI-DrugBank.d485.s36.e3" type="mechanism"/>
        <ddi id="DDI-DrugBank.d485.s36.d2" e1="DDI-DrugBank.d485.s36.e1"
            e2="DDI-DrugBank.d485.s36.e4" type="mechanism"/>
    </sentence>
    <sentence id="DDI-DrugBank.d485.s37" text="Use of a nonhormonal contraceptive product is recommended.">
        <entity id="DDI-DrugBank.d485.s37.e0" charOffset="9-41"
            type="group" text="nonhormonal contraceptive product"/>
    </sentence>
    <sentence id="DDI-DrugBank.d485.s38" text="Salicylic acid: Combination hormonal contraceptives may increase the clearance of salicylic acid.">
        <entity id="DDI-DrugBank.d485.s38.e0" charOffset="0-13"
            type="drug" text="Salicylic acid"/>
        <entity id="DDI-DrugBank.d485.s38.e1" charOffset="28-50"
            type="group" text="hormonal contraceptives"/>
        <entity id="DDI-DrugBank.d485.s38.e2" charOffset="82-95"
            type="drug" text="salicylic acid"/>
        <ddi id="DDI-DrugBank.d485.s38.d0" e1="DDI-DrugBank.d485.s38.e1"
            e2="DDI-DrugBank.d485.s38.e2" type="mechanism"/>
    </sentence>
    <sentence id="DDI-DrugBank.d485.s39" text="Selegiline: Combination hormonal contraceptives may increase the serum concentration of selegiline.">
        <entity id="DDI-DrugBank.d485.s39.e0" charOffset="0-9"
            type="drug" text="Selegiline"/>
        <entity id="DDI-DrugBank.d485.s39.e1" charOffset="12-46"
            type="group" text="Combination hormonal contraceptives"/>
        <entity id="DDI-DrugBank.d485.s39.e2" charOffset="88-97"
            type="drug" text="selegiline"/>
        <ddi id="DDI-DrugBank.d485.s39.d0" e1="DDI-DrugBank.d485.s39.e1"
            e2="DDI-DrugBank.d485.s39.e2" type="mechanism"/>
    </sentence>
    <sentence id="DDI-DrugBank.d485.s40" text="Theophylline: Ethinyl estradiol may inhibit the metabolism of theophylline, leading to increased plasma concentrations.">
        <entity id="DDI-DrugBank.d485.s40.e0" charOffset="0-11"
            type="drug" text="Theophylline"/>
        <entity id="DDI-DrugBank.d485.s40.e1" charOffset="14-30"
            type="drug" text="Ethinyl estradiol"/>
        <entity id="DDI-DrugBank.d485.s40.e2" charOffset="62-73"
            type="drug" text="theophylline"/>
        <ddi id="DDI-DrugBank.d485.s40.d0" e1="DDI-DrugBank.d485.s40.e1"
            e2="DDI-DrugBank.d485.s40.e2" type="mechanism"/>
    </sentence>
    <sentence id="DDI-DrugBank.d485.s41" text="Tricyclic antidepressants (amitriptyline, imipramine, nortriptyline): Metabolism may be inhibited by combination hormonal contraceptives, increasing plasma levels of antidepressant;">
        <entity id="DDI-DrugBank.d485.s41.e0" charOffset="0-24"
            type="group" text="Tricyclic antidepressants"/>
        <entity id="DDI-DrugBank.d485.s41.e1" charOffset="27-39"
            type="drug" text="amitriptyline"/>
        <entity id="DDI-DrugBank.d485.s41.e2" charOffset="42-51"
            type="drug" text="imipramine"/>
        <entity id="DDI-DrugBank.d485.s41.e3" charOffset="54-66"
            type="drug" text="nortriptyline"/>
        <entity id="DDI-DrugBank.d485.s41.e4" charOffset="101-135"
            type="group" text="combination hormonal contraceptives"/>
        <entity id="DDI-DrugBank.d485.s41.e5" charOffset="166-179"
            type="group" text="antidepressant"/>
        <ddi id="DDI-DrugBank.d485.s41.d0" e1="DDI-DrugBank.d485.s41.e0"
            e2="DDI-DrugBank.d485.s41.e4" type="mechanism"/>
        <ddi id="DDI-DrugBank.d485.s41.d1" e1="DDI-DrugBank.d485.s41.e1"
            e2="DDI-DrugBank.d485.s41.e4" type="mechanism"/>
        <ddi id="DDI-DrugBank.d485.s41.d2" e1="DDI-DrugBank.d485.s41.e2"
            e2="DDI-DrugBank.d485.s41.e4" type="mechanism"/>
        <ddi id="DDI-DrugBank.d485.s41.d3" e1="DDI-DrugBank.d485.s41.e3"
            e2="DDI-DrugBank.d485.s41.e4" type="mechanism"/>
    </sentence>
    <sentence id="DDI-DrugBank.d485.s42" text="use caution."/>
    <sentence id="DDI-DrugBank.d485.s43" text="ETHANOL / NUTRITION / HERB INTERACTIONS: Food: CNS effects of caffeine may be enhanced if combination hormonal contraceptives are used concurrently with caffeine.">
        <entity id="DDI-DrugBank.d485.s43.e0" charOffset="0-6"
            type="drug" text="ETHANOL"/>
        <entity id="DDI-DrugBank.d485.s43.e1" charOffset="62-69"
            type="drug" text="caffeine"/>
        <entity id="DDI-DrugBank.d485.s43.e2" charOffset="90-124"
            type="group" text="combination hormonal contraceptives"/>
        <entity id="DDI-DrugBank.d485.s43.e3" charOffset="153-160"
            type="drug" text="caffeine"/>
        <ddi id="DDI-DrugBank.d485.s43.d0" e1="DDI-DrugBank.d485.s43.e2"
            e2="DDI-DrugBank.d485.s43.e3" type="effect"/>
    </sentence>
    <sentence id="DDI-DrugBank.d485.s44" text="Grapefruit juice increases ethinyl estradiol concentrations and would be expected to increase progesterone serum levels as well;">
        <entity id="DDI-DrugBank.d485.s44.e0" charOffset="27-43"
            type="drug" text="ethinyl estradiol"/>
        <entity id="DDI-DrugBank.d485.s44.e1" charOffset="94-105"
            type="drug" text="progesterone"/>
    </sentence>
    <sentence id="DDI-DrugBank.d485.s45" text="clinical implications are unclear."/>
    <sentence id="DDI-DrugBank.d485.s46" text="Herb/Nutraceutical: St Johns wort may decrease the effectiveness of combination hormonal contraceptives by inducing hepatic enzymes.">
        <entity id="DDI-DrugBank.d485.s46.e0" charOffset="68-102"
            type="group" text="combination hormonal contraceptives"/>
    </sentence>
    <sentence id="DDI-DrugBank.d485.s47" text="Avoid dong quai and black cohosh (have estrogen activity)."/>
    <sentence id="DDI-DrugBank.d485.s48" text="Avoid saw palmetto, red clover, ginseng."/>
</document>
