<?xml version="1.0" encoding="UTF-8"?>
<document id="DDI-DrugBank.d219">
    <sentence id="DDI-DrugBank.d219.s0" text="ACE-inhibitors Reports suggest that NSAIDs may diminish the antihypertensive effect of ACE-inhibitors.">
        <entity id="DDI-DrugBank.d219.s0.e0" charOffset="0-13"
            type="group" text="ACE-inhibitors"/>
        <entity id="DDI-DrugBank.d219.s0.e1" charOffset="36-41"
            type="group" text="NSAIDs"/>
        <entity id="DDI-DrugBank.d219.s0.e2" charOffset="87-100"
            type="group" text="ACE-inhibitors"/>
        <ddi id="DDI-DrugBank.d219.s0.d0" e1="DDI-DrugBank.d219.s0.e1"
            e2="DDI-DrugBank.d219.s0.e2" type="effect"/>
    </sentence>
    <sentence id="DDI-DrugBank.d219.s1" text="This interaction should be given consideration in patients taking NSAIDs concomitantly with ACE-inhibitors.">
        <entity id="DDI-DrugBank.d219.s1.e0" charOffset="66-71"
            type="group" text="NSAIDs"/>
        <entity id="DDI-DrugBank.d219.s1.e1" charOffset="92-105"
            type="group" text="ACE-inhibitors"/>
        <ddi id="DDI-DrugBank.d219.s1.d0" e1="DDI-DrugBank.d219.s1.e0"
            e2="DDI-DrugBank.d219.s1.e1" type="advise"/>
    </sentence>
    <sentence id="DDI-DrugBank.d219.s2" text="Antacids: The concomitant administration of antacids has no apparent effect on the extent of absorption of Lodine.">
        <entity id="DDI-DrugBank.d219.s2.e0" charOffset="0-7"
            type="group" text="Antacids"/>
        <entity id="DDI-DrugBank.d219.s2.e1" charOffset="44-51"
            type="group" text="antacids"/>
        <entity id="DDI-DrugBank.d219.s2.e2" charOffset="107-112"
            type="brand" text="Lodine"/>
    </sentence>
    <sentence id="DDI-DrugBank.d219.s3" text="However, antacids can decrease the peak concentration reached by 15% to 20% but have no detectable effect on the time-to-peak.">
        <entity id="DDI-DrugBank.d219.s3.e0" charOffset="9-16"
            type="group" text="antacids"/>
    </sentence>
    <sentence id="DDI-DrugBank.d219.s4" text="Aspirin: When Lodine is administered with aspirin, its protein binding is reduced, although the clearance of free etodolac is not altered.">
        <entity id="DDI-DrugBank.d219.s4.e0" charOffset="0-6"
            type="brand" text="Aspirin"/>
        <entity id="DDI-DrugBank.d219.s4.e1" charOffset="14-19"
            type="brand" text="Lodine"/>
        <entity id="DDI-DrugBank.d219.s4.e2" charOffset="42-48"
            type="brand" text="aspirin"/>
        <entity id="DDI-DrugBank.d219.s4.e3" charOffset="114-121"
            type="drug" text="etodolac"/>
        <ddi id="DDI-DrugBank.d219.s4.d0" e1="DDI-DrugBank.d219.s4.e1"
            e2="DDI-DrugBank.d219.s4.e2" type="mechanism"/>
    </sentence>
    <sentence id="DDI-DrugBank.d219.s5" text="The clinical significance of this interaction is not known;"/>
    <sentence id="DDI-DrugBank.d219.s6" text="however, as with other NSAIDs, concomitant administration of Lodine and aspirin is not generally recommended because of the potential of increased adverse effects.">
        <entity id="DDI-DrugBank.d219.s6.e0" charOffset="23-28"
            type="group" text="NSAIDs"/>
        <entity id="DDI-DrugBank.d219.s6.e1" charOffset="61-66"
            type="brand" text="Lodine"/>
        <entity id="DDI-DrugBank.d219.s6.e2" charOffset="72-78"
            type="brand" text="aspirin"/>
        <ddi id="DDI-DrugBank.d219.s6.d0" e1="DDI-DrugBank.d219.s6.e1"
            e2="DDI-DrugBank.d219.s6.e2" type="advise"/>
    </sentence>
    <sentence id="DDI-DrugBank.d219.s7" text="Cyclosporine, Digoxin, Methotrexate Lodine, like other NSAIDs, through effects on renal prostaglandins, may cause changes in the elimination of these drugs leading to elevated serum levels of cyclosporine, digoxin, methotrexate, and increased toxicity.">
        <entity id="DDI-DrugBank.d219.s7.e0" charOffset="36-41"
            type="brand" text="Lodine"/>
        <entity id="DDI-DrugBank.d219.s7.e1" charOffset="55-60"
            type="group" text="NSAIDs"/>
        <entity id="DDI-DrugBank.d219.s7.e2" charOffset="192-203"
            type="drug" text="cyclosporine"/>
        <entity id="DDI-DrugBank.d219.s7.e3" charOffset="206-212"
            type="drug" text="digoxin"/>
        <entity id="DDI-DrugBank.d219.s7.e4" charOffset="215-226"
            type="drug" text="methotrexate"/>
        <ddi id="DDI-DrugBank.d219.s7.d0" e1="DDI-DrugBank.d219.s7.e0"
            e2="DDI-DrugBank.d219.s7.e2" type="mechanism"/>
        <ddi id="DDI-DrugBank.d219.s7.d1" e1="DDI-DrugBank.d219.s7.e0"
            e2="DDI-DrugBank.d219.s7.e3" type="mechanism"/>
        <ddi id="DDI-DrugBank.d219.s7.d2" e1="DDI-DrugBank.d219.s7.e0"
            e2="DDI-DrugBank.d219.s7.e4" type="mechanism"/>
        <ddi id="DDI-DrugBank.d219.s7.d3" e1="DDI-DrugBank.d219.s7.e1"
            e2="DDI-DrugBank.d219.s7.e2" type="mechanism"/>
        <ddi id="DDI-DrugBank.d219.s7.d4" e1="DDI-DrugBank.d219.s7.e1"
            e2="DDI-DrugBank.d219.s7.e3" type="mechanism"/>
        <ddi id="DDI-DrugBank.d219.s7.d5" e1="DDI-DrugBank.d219.s7.e1"
            e2="DDI-DrugBank.d219.s7.e4" type="mechanism"/>
    </sentence>
    <sentence id="DDI-DrugBank.d219.s8" text="Nephrotoxicity associated with cyclosporine may also be enhanced.">
        <entity id="DDI-DrugBank.d219.s8.e0" charOffset="31-42"
            type="drug" text="cyclosporine"/>
    </sentence>
    <sentence id="DDI-DrugBank.d219.s9" text="Patients receiving these drugs who are given Lodine, or any other NSAID, and particularly those patients with altered renal function, should be observed for the development of the specific toxicities of these drugs.">
        <entity id="DDI-DrugBank.d219.s9.e0" charOffset="45-50"
            type="brand" text="Lodine"/>
        <entity id="DDI-DrugBank.d219.s9.e1" charOffset="66-70"
            type="group" text="NSAID"/>
    </sentence>
    <sentence id="DDI-DrugBank.d219.s10" text="Diuretics: Etodolac has no apparent pharmacokinetic interaction when administered with furosemide or hydrochlorothiazide.">
        <entity id="DDI-DrugBank.d219.s10.e0" charOffset="0-8"
            type="group" text="Diuretics"/>
        <entity id="DDI-DrugBank.d219.s10.e1" charOffset="87-96"
            type="drug" text="furosemide"/>
        <entity id="DDI-DrugBank.d219.s10.e2" charOffset="101-119"
            type="drug" text="hydrochlorothiazide"/>
    </sentence>
    <sentence id="DDI-DrugBank.d219.s11" text="Nevertheless, clinical studies, as well as postmarketing observations have shown that Lodine can reduce the natriuretic effect of furosemide and thiazides in some patients.">
        <entity id="DDI-DrugBank.d219.s11.e0" charOffset="86-91"
            type="brand" text="Lodine"/>
        <entity id="DDI-DrugBank.d219.s11.e1" charOffset="130-139"
            type="drug" text="furosemide"/>
        <entity id="DDI-DrugBank.d219.s11.e2" charOffset="145-153"
            type="group" text="thiazides"/>
        <ddi id="DDI-DrugBank.d219.s11.d0" e1="DDI-DrugBank.d219.s11.e0"
            e2="DDI-DrugBank.d219.s11.e1" type="effect"/>
        <ddi id="DDI-DrugBank.d219.s11.d1" e1="DDI-DrugBank.d219.s11.e0"
            e2="DDI-DrugBank.d219.s11.e2" type="effect"/>
    </sentence>
    <sentence id="DDI-DrugBank.d219.s12" text="This response has been attributed to inhibition of renal prostaglandin synthesis."/>
    <sentence id="DDI-DrugBank.d219.s13" text="During concomitant therapy with NSAIDs, the patient should be observed closely for signs of renal failure, as well as to assure diuretic efficacy.">
        <entity id="DDI-DrugBank.d219.s13.e0" charOffset="32-37"
            type="group" text="NSAIDs"/>
    </sentence>
    <sentence id="DDI-DrugBank.d219.s14" text="Glyburide: Etodolac has no apparent pharmacokinetic interaction when administered with glyburide.">
        <entity id="DDI-DrugBank.d219.s14.e0" charOffset="0-8"
            type="drug" text="Glyburide"/>
        <entity id="DDI-DrugBank.d219.s14.e1" charOffset="11-18"
            type="drug" text="Etodolac"/>
        <entity id="DDI-DrugBank.d219.s14.e2" charOffset="87-95"
            type="drug" text="glyburide"/>
    </sentence>
    <sentence id="DDI-DrugBank.d219.s15" text="Lithium: NSAIDs have produced an elevation of plasma lithium levels and a reduction in renal lithium clearance.">
        <entity id="DDI-DrugBank.d219.s15.e0" charOffset="0-6"
            type="drug" text="Lithium"/>
        <entity id="DDI-DrugBank.d219.s15.e1" charOffset="9-14"
            type="group" text="NSAIDs"/>
        <entity id="DDI-DrugBank.d219.s15.e2" charOffset="53-59"
            type="drug" text="lithium"/>
        <entity id="DDI-DrugBank.d219.s15.e3" charOffset="93-99"
            type="drug" text="lithium"/>
        <ddi id="DDI-DrugBank.d219.s15.d0" e1="DDI-DrugBank.d219.s15.e1"
            e2="DDI-DrugBank.d219.s15.e2" type="mechanism"/>
    </sentence>
    <sentence id="DDI-DrugBank.d219.s16" text="The mean minimum lithium concentration increased 15% and the renal clearance was decreased by approximately 20%.">
        <entity id="DDI-DrugBank.d219.s16.e0" charOffset="17-23"
            type="drug" text="lithium"/>
    </sentence>
    <sentence id="DDI-DrugBank.d219.s17" text="These effects have been attributed to inhibition of renal prostaglandin synthesis by the NSAID.">
        <entity id="DDI-DrugBank.d219.s17.e0" charOffset="89-93"
            type="group" text="NSAID"/>
    </sentence>
    <sentence id="DDI-DrugBank.d219.s18" text="Thus, when NSAIDs and lithium are administered concurrently, subjects should be observed carefully for signs of lithium toxicity.">
        <entity id="DDI-DrugBank.d219.s18.e0" charOffset="11-16"
            type="group" text="NSAIDs"/>
        <entity id="DDI-DrugBank.d219.s18.e1" charOffset="22-28"
            type="drug" text="lithium"/>
        <entity id="DDI-DrugBank.d219.s18.e2" charOffset="112-118"
            type="drug" text="lithium"/>
        <ddi id="DDI-DrugBank.d219.s18.d0" e1="DDI-DrugBank.d219.s18.e0"
            e2="DDI-DrugBank.d219.s18.e1" type="effect"/>
    </sentence>
    <sentence id="DDI-DrugBank.d219.s19" text="Phenylbutazone: Phenylbutazone causes increase (by about 80%) in the free fraction of etodolac.">
        <entity id="DDI-DrugBank.d219.s19.e0" charOffset="0-13"
            type="drug" text="Phenylbutazone"/>
        <entity id="DDI-DrugBank.d219.s19.e1" charOffset="16-29"
            type="drug" text="Phenylbutazone"/>
        <entity id="DDI-DrugBank.d219.s19.e2" charOffset="86-93"
            type="drug" text="etodolac"/>
        <ddi id="DDI-DrugBank.d219.s19.d0" e1="DDI-DrugBank.d219.s19.e1"
            e2="DDI-DrugBank.d219.s19.e2" type="mechanism"/>
    </sentence>
    <sentence id="DDI-DrugBank.d219.s20" text="Although in vivo studies have not been done to see if etodolac clearance is changed by coadministration of phenylbutazone, it is not recommended that they be coadministered.">
        <entity id="DDI-DrugBank.d219.s20.e0" charOffset="54-61"
            type="drug" text="etodolac"/>
        <entity id="DDI-DrugBank.d219.s20.e1" charOffset="107-120"
            type="drug" text="phenylbutazone"/>
        <ddi id="DDI-DrugBank.d219.s20.d0" e1="DDI-DrugBank.d219.s20.e0"
            e2="DDI-DrugBank.d219.s20.e1" type="advise"/>
    </sentence>
    <sentence id="DDI-DrugBank.d219.s21" text="Phenytoin: Etodolac has no apparent pharmacokinetic interaction when administered with phenytoin.">
        <entity id="DDI-DrugBank.d219.s21.e0" charOffset="0-8"
            type="drug" text="Phenytoin"/>
        <entity id="DDI-DrugBank.d219.s21.e1" charOffset="11-18"
            type="drug" text="Etodolac"/>
        <entity id="DDI-DrugBank.d219.s21.e2" charOffset="87-95"
            type="drug" text="phenytoin"/>
    </sentence>
    <sentence id="DDI-DrugBank.d219.s22" text="Warfarin: The effects of warfarin and NSAIDs on GI bleeding are synergistic, such that users of both drugs together have a risk of serious GI bleeding higher than that of users of either drug alone.">
        <entity id="DDI-DrugBank.d219.s22.e0" charOffset="0-7"
            type="drug" text="Warfarin"/>
        <entity id="DDI-DrugBank.d219.s22.e1" charOffset="25-32"
            type="drug" text="warfarin"/>
        <entity id="DDI-DrugBank.d219.s22.e2" charOffset="38-43"
            type="group" text="NSAIDs"/>
        <ddi id="DDI-DrugBank.d219.s22.d0" e1="DDI-DrugBank.d219.s22.e1"
            e2="DDI-DrugBank.d219.s22.e2" type="effect"/>
    </sentence>
    <sentence id="DDI-DrugBank.d219.s23" text="Short-term pharmacokinetic studies have demonstrated that concomitant administration of warfarin and Lodine  (etodolac capsules and tablets) results in reduced protein binding of warfarin, but there was no change in the clearance of free warfarin.">
        <entity id="DDI-DrugBank.d219.s23.e0" charOffset="88-95"
            type="drug" text="warfarin"/>
        <entity id="DDI-DrugBank.d219.s23.e1" charOffset="101-106"
            type="brand" text="Lodine"/>
        <entity id="DDI-DrugBank.d219.s23.e2" charOffset="110-117"
            type="drug" text="etodolac"/>
        <entity id="DDI-DrugBank.d219.s23.e3" charOffset="179-186"
            type="drug" text="warfarin"/>
        <entity id="DDI-DrugBank.d219.s23.e4" charOffset="238-245"
            type="drug" text="warfarin"/>
        <ddi id="DDI-DrugBank.d219.s23.d0" e1="DDI-DrugBank.d219.s23.e0"
            e2="DDI-DrugBank.d219.s23.e1" type="mechanism"/>
        <ddi id="DDI-DrugBank.d219.s23.d1" e1="DDI-DrugBank.d219.s23.e0"
            e2="DDI-DrugBank.d219.s23.e2" type="mechanism"/>
    </sentence>
    <sentence id="DDI-DrugBank.d219.s24" text="There was no significant difference in the pharmacodynamic effect of warfarin administered alone and warfarin administered with Lodine as measured by prothrombin time.">
        <entity id="DDI-DrugBank.d219.s24.e0" charOffset="69-76"
            type="drug" text="warfarin"/>
        <entity id="DDI-DrugBank.d219.s24.e1" charOffset="101-108"
            type="drug" text="warfarin"/>
        <entity id="DDI-DrugBank.d219.s24.e2" charOffset="128-133"
            type="brand" text="Lodine"/>
    </sentence>
    <sentence id="DDI-DrugBank.d219.s25" text="Thus, concomitant therapy with warfarin and Lodine should not require dosage adjustment of either drug.">
        <entity id="DDI-DrugBank.d219.s25.e0" charOffset="31-38"
            type="drug" text="warfarin"/>
        <entity id="DDI-DrugBank.d219.s25.e1" charOffset="44-49"
            type="brand" text="Lodine"/>
    </sentence>
    <sentence id="DDI-DrugBank.d219.s26" text="However, caution should be exercised because there have been a few spontaneous reports of prolonged prothrombin times, with or without bleeding, in etodolac-treated patients receiving concomitant warfarin therapy.">
        <entity id="DDI-DrugBank.d219.s26.e0" charOffset="148-155"
            type="drug" text="etodolac"/>
        <entity id="DDI-DrugBank.d219.s26.e1" charOffset="196-203"
            type="drug" text="warfarin"/>
        <ddi id="DDI-DrugBank.d219.s26.d0" e1="DDI-DrugBank.d219.s26.e0"
            e2="DDI-DrugBank.d219.s26.e1" type="effect"/>
    </sentence>
    <sentence id="DDI-DrugBank.d219.s27" text="Drug/Laboratory Test Interactions The urine of patients who take Lodine can give a false-positive reaction for urinary bilirubin (urobilin) due to the presence of phenolic metabolites of etodolac.">
        <entity id="DDI-DrugBank.d219.s27.e0" charOffset="65-70"
            type="brand" text="Lodine"/>
        <entity id="DDI-DrugBank.d219.s27.e1" charOffset="187-194"
            type="drug" text="etodolac"/>
    </sentence>
    <sentence id="DDI-DrugBank.d219.s28" text="Diagnostic dip-stick methodology, used to detect ketone bodies in urine, has resulted in false-positive findings in some patients treated with Lodine.">
        <entity id="DDI-DrugBank.d219.s28.e0" charOffset="143-148"
            type="brand" text="Lodine"/>
    </sentence>
    <sentence id="DDI-DrugBank.d219.s29" text="Generally, this phenomenon has not been associated with other clinically significant events."/>
    <sentence id="DDI-DrugBank.d219.s30" text="No dose relationship has been observed."/>
    <sentence id="DDI-DrugBank.d219.s31" text="Lodine treatment is associated with a small decrease in serum uric acid levels.">
        <entity id="DDI-DrugBank.d219.s31.e0" charOffset="0-5"
            type="brand" text="Lodine"/>
    </sentence>
    <sentence id="DDI-DrugBank.d219.s32" text="In clinical trials, mean decreases of 1 to 2 mg/dL were observed in arthritic patients receiving etodolac (600 mg to 1000 mg/day) after 4 weeks of therapy.">
        <entity id="DDI-DrugBank.d219.s32.e0" charOffset="97-104"
            type="drug" text="etodolac"/>
    </sentence>
    <sentence id="DDI-DrugBank.d219.s33" text="These levels then remained stable for up to 1 year of therapy."/>
    <sentence id="DDI-DrugBank.d219.s34" text=""/>
</document>
