<?xml version="1.0" encoding="UTF-8"?>
<document id="DDI-DrugBank.d119">
    <sentence id="DDI-DrugBank.d119.s0" text="The following drug interactions have been reported with etomidate.">
        <entity id="DDI-DrugBank.d119.s0.e0" charOffset="56-64"
            type="drug" text="etomidate"/>
    </sentence>
    <sentence id="DDI-DrugBank.d119.s1" text="Drug Effect"/>
    <sentence id="DDI-DrugBank.d119.s2" text="Probenecid    Prolonged action of etomidate">
        <entity id="DDI-DrugBank.d119.s2.e0" charOffset="0-9"
            type="drug" text="Probenecid"/>
        <entity id="DDI-DrugBank.d119.s2.e1" charOffset="34-42"
            type="drug" text="etomidate"/>
    </sentence>
    <sentence id="DDI-DrugBank.d119.s3" text="Diazoxide    Hypotension">
        <entity id="DDI-DrugBank.d119.s3.e0" charOffset="0-8"
            type="drug" text="Diazoxide"/>
    </sentence>
    <sentence id="DDI-DrugBank.d119.s4" text="Zimelidine    etomidate antagonism">
        <entity id="DDI-DrugBank.d119.s4.e0" charOffset="0-9"
            type="drug_n" text="Zimelidine"/>
        <entity id="DDI-DrugBank.d119.s4.e1" charOffset="14-22"
            type="drug" text="etomidate"/>
    </sentence>
    <sentence id="DDI-DrugBank.d119.s5" text="Opioid analgesics    Decreased antinociceptive action">
        <entity id="DDI-DrugBank.d119.s5.e0" charOffset="0-16"
            type="group" text="Opioid analgesics"/>
    </sentence>
    <sentence id="DDI-DrugBank.d119.s6" text="Aminophylline     Etomidate antagonism">
        <entity id="DDI-DrugBank.d119.s6.e0" charOffset="0-12"
            type="drug" text="Aminophylline"/>
        <entity id="DDI-DrugBank.d119.s6.e1" charOffset="18-26"
            type="drug" text="Etomidate"/>
    </sentence>
    <sentence id="DDI-DrugBank.d119.s7" text="Midazolam    Synergism">
        <entity id="DDI-DrugBank.d119.s7.e0" charOffset="0-8"
            type="drug" text="Midazolam"/>
    </sentence>
</document>
