<?xml version="1.0" encoding="UTF-8"?>
<document id="DDI-DrugBank.d209">
    <sentence id="DDI-DrugBank.d209.s0" text="No drug interactions of clinical importance have been identified."/>
    <sentence id="DDI-DrugBank.d209.s1" text="Finasteride does not appear to affect the cytochrome P450-linked drug-metabolizing enzyme system.">
        <entity id="DDI-DrugBank.d209.s1.e0" charOffset="0-10"
            type="drug" text="Finasteride"/>
    </sentence>
    <sentence id="DDI-DrugBank.d209.s2" text="Compounds that have been tested in man include antipyrine, digoxin, propranolol, theophylline, and warfarin and no clinically meaningful interactions were found.">
        <entity id="DDI-DrugBank.d209.s2.e0" charOffset="47-56"
            type="drug" text="antipyrine"/>
        <entity id="DDI-DrugBank.d209.s2.e1" charOffset="59-65"
            type="drug" text="digoxin"/>
        <entity id="DDI-DrugBank.d209.s2.e2" charOffset="68-78"
            type="drug" text="propranolol"/>
        <entity id="DDI-DrugBank.d209.s2.e3" charOffset="81-92"
            type="drug" text="theophylline"/>
        <entity id="DDI-DrugBank.d209.s2.e4" charOffset="99-106"
            type="drug" text="warfarin"/>
    </sentence>
    <sentence id="DDI-DrugBank.d209.s3" text="Other concomitant therapy Although specific interaction studies were not performed, finasteride doses of 1 mg or more were concomitantly used in clinical studies with acetaminophen, acetylsalicylic acid, a-blockers, analgesics, angiotensin-converting enzyme (ACE) inhibitors, anticonvulsants, benzodiazepines, beta blockers, calcium-channel blockers, cardiac nitrates, diuretics, H2 antagonists, HMG-CoA reductase inhibitors, prostaglandin synthetase inhibitors (also referred to as NSAIDs), and quinolone anti-infectives without evidence of clinically significant adverse interactions.">
        <entity id="DDI-DrugBank.d209.s3.e0" charOffset="84-94"
            type="drug" text="finasteride"/>
        <entity id="DDI-DrugBank.d209.s3.e1" charOffset="167-179"
            type="drug" text="acetaminophen"/>
        <entity id="DDI-DrugBank.d209.s3.e2" charOffset="182-201"
            type="drug" text="acetylsalicylic acid"/>
        <entity id="DDI-DrugBank.d209.s3.e3" charOffset="216-225"
            type="group" text="analgesics"/>
        <entity id="DDI-DrugBank.d209.s3.e4" charOffset="228-273"
            type="group" text="angiotensin-converting enzyme (ACE) inhibitors"/>
        <entity id="DDI-DrugBank.d209.s3.e5" charOffset="276-290"
            type="group" text="anticonvulsants"/>
        <entity id="DDI-DrugBank.d209.s3.e6" charOffset="293-307"
            type="group" text="benzodiazepines"/>
        <entity id="DDI-DrugBank.d209.s3.e7" charOffset="310-322"
            type="group" text="beta blockers"/>
        <entity id="DDI-DrugBank.d209.s3.e8" charOffset="325-348"
            type="group" text="calcium-channel blockers"/>
        <entity id="DDI-DrugBank.d209.s3.e9" charOffset="359-366"
            type="group" text="nitrates"/>
        <entity id="DDI-DrugBank.d209.s3.e10" charOffset="369-377"
            type="group" text="diuretics"/>
        <entity id="DDI-DrugBank.d209.s3.e11" charOffset="380-393"
            type="group" text="H2 antagonists"/>
        <entity id="DDI-DrugBank.d209.s3.e12" charOffset="396-423"
            type="group" text="HMG-CoA reductase inhibitors"/>
        <entity id="DDI-DrugBank.d209.s3.e13" charOffset="426-460"
            type="group" text="prostaglandin synthetase inhibitors"/>
        <entity id="DDI-DrugBank.d209.s3.e14" charOffset="483-488"
            type="group" text="NSAIDs"/>
        <entity id="DDI-DrugBank.d209.s3.e15" charOffset="496-520"
            type="group" text="quinolone anti-infectives"/>
    </sentence>
    <sentence id="DDI-DrugBank.d209.s4" text="Drug/Laboratory Test Interactions Finasteride had no effect on circulating levels of cortisol, thyroid-stimulating hormone, or thyroxine, nor did it affect the plasma lipid profile (e.g., total cholesterol, low-density lipoproteins, high-density lipoproteins and triglycerides) or bone mineral density.">
        <entity id="DDI-DrugBank.d209.s4.e0" charOffset="34-44"
            type="drug" text="Finasteride"/>
    </sentence>
    <sentence id="DDI-DrugBank.d209.s5" text="In studies with finasteride, no clinically meaningful changes in luteinizing hormone (LH), follicle-stimulating hormone (FSH) or prolactin were detected.">
        <entity id="DDI-DrugBank.d209.s5.e0" charOffset="16-26"
            type="drug" text="finasteride"/>
    </sentence>
    <sentence id="DDI-DrugBank.d209.s6" text="In healthy volunteers, treatment with finasteride did not alter the response of LH and FSH to gonadotropin-releasing hormone indicating that the hypothalamic-pituitary-testicular axis was not affected.">
        <entity id="DDI-DrugBank.d209.s6.e0" charOffset="38-48"
            type="drug" text="finasteride"/>
    </sentence>
    <sentence id="DDI-DrugBank.d209.s7" text="In clinical studies with PROPECIA (finasteride, 1 mg) in men 18-41 years of age, the mean value of serum prostate-specific antigen (PSA) decreased from 0.7 ng/mL at baseline to 0.5 ng/mL at Month 12.">
        <entity id="DDI-DrugBank.d209.s7.e0" charOffset="25-32"
            type="brand" text="PROPECIA"/>
        <entity id="DDI-DrugBank.d209.s7.e1" charOffset="35-45"
            type="drug" text="finasteride"/>
    </sentence>
    <sentence id="DDI-DrugBank.d209.s8" text="Further, in clinical studies with PROSCAR (finasteride, 5 mg) when used in older men who have benign prostatic hyperplasia (BPH), PSA levels are decreased by approximately 50%.">
        <entity id="DDI-DrugBank.d209.s8.e0" charOffset="34-40"
            type="brand" text="PROSCAR"/>
        <entity id="DDI-DrugBank.d209.s8.e1" charOffset="43-53"
            type="drug" text="finasteride"/>
    </sentence>
    <sentence id="DDI-DrugBank.d209.s9" text="These findings should be taken into account for proper interpretation of serum PSA when evaluating men treated with finasteride.">
        <entity id="DDI-DrugBank.d209.s9.e0" charOffset="116-126"
            type="drug" text="finasteride"/>
    </sentence>
</document>
