<?xml version="1.0" encoding="UTF-8"?>
<document id="DDI-DrugBank.d355">
    <sentence id="DDI-DrugBank.d355.s0" text="Androgens may increase sensitivity to oral anticoagulahts.">
        <entity id="DDI-DrugBank.d355.s0.e0" charOffset="0-8"
            type="group" text="Androgens"/>
    </sentence>
    <sentence id="DDI-DrugBank.d355.s1" text="Dosage of the anticoagulant may require reduction in order to maintain satisfactory therapeutic hypoprothrombinemia.">
        <entity id="DDI-DrugBank.d355.s1.e0" charOffset="14-26"
            type="group" text="anticoagulant"/>
    </sentence>
    <sentence id="DDI-DrugBank.d355.s2" text="Concurrent administration of oxyphenbutazone and androgens may result in elevated serum levels of oxyphenbutazone.">
        <entity id="DDI-DrugBank.d355.s2.e0" charOffset="29-43"
            type="drug" text="oxyphenbutazone"/>
        <entity id="DDI-DrugBank.d355.s2.e1" charOffset="49-57"
            type="group" text="androgens"/>
        <entity id="DDI-DrugBank.d355.s2.e2" charOffset="98-112"
            type="drug" text="oxyphenbutazone"/>
        <ddi id="DDI-DrugBank.d355.s2.d0" e1="DDI-DrugBank.d355.s2.e0"
            e2="DDI-DrugBank.d355.s2.e1" type="mechanism"/>
    </sentence>
    <sentence id="DDI-DrugBank.d355.s3" text="In diabetic patients, the metabolic effects of androgens may decrease blood glucose and therefore, insulin requirements.">
        <entity id="DDI-DrugBank.d355.s3.e0" charOffset="47-55"
            type="group" text="androgens"/>
        <entity id="DDI-DrugBank.d355.s3.e1" charOffset="99-105"
            type="drug" text="insulin"/>
        <ddi id="DDI-DrugBank.d355.s3.d0" e1="DDI-DrugBank.d355.s3.e0"
            e2="DDI-DrugBank.d355.s3.e1" type="effect"/>
    </sentence>
</document>
