<?xml version="1.0" encoding="UTF-8"?>
<document id="DDI-DrugBank.d227">
    <sentence id="DDI-DrugBank.d227.s0" text="Isoflurane potentiates the muscle relaxant effect of all muscle relaxants, most notably nondepolarizing muscle relaxants, and MAC (minimum alveolar concentration) is reduced by concomitant administration of N 2O.">
        <entity id="DDI-DrugBank.d227.s0.e0" charOffset="0-9"
            type="drug" text="Isoflurane"/>
        <entity id="DDI-DrugBank.d227.s0.e1" charOffset="57-72"
            type="group" text="muscle relaxants"/>
        <entity id="DDI-DrugBank.d227.s0.e2" charOffset="88-119"
            type="group" text="nondepolarizing muscle relaxants"/>
        <ddi id="DDI-DrugBank.d227.s0.d0" e1="DDI-DrugBank.d227.s0.e0"
            e2="DDI-DrugBank.d227.s0.e1" type="effect"/>
        <ddi id="DDI-DrugBank.d227.s0.d1" e1="DDI-DrugBank.d227.s0.e0"
            e2="DDI-DrugBank.d227.s0.e2" type="effect"/>
    </sentence>
    <sentence id="DDI-DrugBank.d227.s1" text="See CLINICAL PHARMACOLOGY."/>
</document>
