<?xml version="1.0" encoding="UTF-8"?>
<document id="DDI-DrugBank.d479">
    <sentence id="DDI-DrugBank.d479.s0" text="The vasodilating effects of isosorbide mononitrate may be additive with those of other vasodilators.">
        <entity id="DDI-DrugBank.d479.s0.e0" charOffset="28-49"
            type="drug" text="isosorbide mononitrate"/>
        <entity id="DDI-DrugBank.d479.s0.e1" charOffset="87-98"
            type="group" text="vasodilators"/>
        <ddi id="DDI-DrugBank.d479.s0.d0" e1="DDI-DrugBank.d479.s0.e0"
            e2="DDI-DrugBank.d479.s0.e1" type="effect"/>
    </sentence>
    <sentence id="DDI-DrugBank.d479.s1" text="Alcohol, in particular, has been found to exhibit additive effects of this variety.">
        <entity id="DDI-DrugBank.d479.s1.e0" charOffset="0-6"
            type="drug" text="Alcohol"/>
    </sentence>
    <sentence id="DDI-DrugBank.d479.s2" text="Marked symptomatic orthostatic hypotension has been reported when calcium channel blockers and organic nitrates were used in combination.">
        <entity id="DDI-DrugBank.d479.s2.e0" charOffset="66-89"
            type="group" text="calcium channel blockers"/>
        <entity id="DDI-DrugBank.d479.s2.e1" charOffset="95-110"
            type="group" text="organic nitrates"/>
        <ddi id="DDI-DrugBank.d479.s2.d0" e1="DDI-DrugBank.d479.s2.e0"
            e2="DDI-DrugBank.d479.s2.e1" type="effect"/>
    </sentence>
    <sentence id="DDI-DrugBank.d479.s3" text="Dose adjustments of either class of agents may be necessary."/>
</document>
