<?xml version="1.0" encoding="UTF-8"?>
<document id="DDI-DrugBank.d151">
    <sentence id="DDI-DrugBank.d151.s0" text="Folic acid in large amounts may counteract the antiepileptic effect of phenobarbital, phenytoin and primidone, and increase the frequency of seizures in susceptible pediatric patients.">
        <entity id="DDI-DrugBank.d151.s0.e0" charOffset="0-9"
            type="drug" text="Folic acid"/>
        <entity id="DDI-DrugBank.d151.s0.e1" charOffset="71-83"
            type="drug" text="phenobarbital"/>
        <entity id="DDI-DrugBank.d151.s0.e2" charOffset="86-94"
            type="drug" text="phenytoin"/>
        <entity id="DDI-DrugBank.d151.s0.e3" charOffset="100-108"
            type="drug" text="primidone"/>
        <ddi id="DDI-DrugBank.d151.s0.d0" e1="DDI-DrugBank.d151.s0.e0"
            e2="DDI-DrugBank.d151.s0.e1" type="effect"/>
        <ddi id="DDI-DrugBank.d151.s0.d1" e1="DDI-DrugBank.d151.s0.e0"
            e2="DDI-DrugBank.d151.s0.e2" type="effect"/>
        <ddi id="DDI-DrugBank.d151.s0.d2" e1="DDI-DrugBank.d151.s0.e0"
            e2="DDI-DrugBank.d151.s0.e3" type="effect"/>
    </sentence>
    <sentence id="DDI-DrugBank.d151.s1" text="Preliminary animal and human studies have shown that small quantities of systemically administered leucovorin enter the CSF primarily as 5-methyltetrahydro-folate and, in humans, remain 1 to 3 orders of magnitude lower than the usual methotrexate concentrations following intrathecal administration.">
        <entity id="DDI-DrugBank.d151.s1.e0" charOffset="99-108"
            type="drug" text="leucovorin"/>
        <entity id="DDI-DrugBank.d151.s1.e1" charOffset="234-245"
            type="drug" text="methotrexate"/>
    </sentence>
    <sentence id="DDI-DrugBank.d151.s2" text="However, high doses of leucovorin may reduce the efficacy of intrathecally administered methotrexate.">
        <entity id="DDI-DrugBank.d151.s2.e0" charOffset="23-32"
            type="drug" text="leucovorin"/>
        <entity id="DDI-DrugBank.d151.s2.e1" charOffset="88-99"
            type="drug" text="methotrexate"/>
        <ddi id="DDI-DrugBank.d151.s2.d0" e1="DDI-DrugBank.d151.s2.e0"
            e2="DDI-DrugBank.d151.s2.e1" type="effect"/>
    </sentence>
    <sentence id="DDI-DrugBank.d151.s3" text="Leucovorin may enhance the toxicity of 5-fluorouracil.">
        <entity id="DDI-DrugBank.d151.s3.e0" charOffset="0-9"
            type="drug" text="Leucovorin"/>
        <entity id="DDI-DrugBank.d151.s3.e1" charOffset="39-52"
            type="drug" text="5-fluorouracil"/>
        <ddi id="DDI-DrugBank.d151.s3.d0" e1="DDI-DrugBank.d151.s3.e0"
            e2="DDI-DrugBank.d151.s3.e1" type="effect"/>
    </sentence>
</document>
