<?xml version="1.0" encoding="UTF-8"?>
<document id="DDI-DrugBank.d542">
    <sentence id="DDI-DrugBank.d542.s0" text="Interactions for Vitamin B3 (Niacin): Antihypertensive Therapy: Nicotinic acid may potentiate the effects of ganglionic blocking agents and vasoactive drugs resulting in postural hypotension.">
        <entity id="DDI-DrugBank.d542.s0.e0" charOffset="17-26"
            type="drug" text="Vitamin B3"/>
        <entity id="DDI-DrugBank.d542.s0.e1" charOffset="29-34"
            type="drug" text="Niacin"/>
        <entity id="DDI-DrugBank.d542.s0.e2" charOffset="38-53"
            type="group" text="Antihypertensive"/>
        <entity id="DDI-DrugBank.d542.s0.e3" charOffset="64-77"
            type="drug" text="Nicotinic acid"/>
        <entity id="DDI-DrugBank.d542.s0.e4" charOffset="109-134"
            type="group" text="ganglionic blocking agents"/>
        <ddi id="DDI-DrugBank.d542.s0.d0" e1="DDI-DrugBank.d542.s0.e3"
            e2="DDI-DrugBank.d542.s0.e4" type="effect"/>
    </sentence>
    <sentence id="DDI-DrugBank.d542.s1" text="Aspirin: Concomitant aspirin may decrease the metabolic clearance of nicotinic acid.">
        <entity id="DDI-DrugBank.d542.s1.e0" charOffset="0-6"
            type="brand" text="Aspirin"/>
        <entity id="DDI-DrugBank.d542.s1.e1" charOffset="21-27"
            type="brand" text="aspirin"/>
        <entity id="DDI-DrugBank.d542.s1.e2" charOffset="69-82"
            type="drug" text="nicotinic acid"/>
        <ddi id="DDI-DrugBank.d542.s1.d0" e1="DDI-DrugBank.d542.s1.e1"
            e2="DDI-DrugBank.d542.s1.e2" type="mechanism"/>
    </sentence>
    <sentence id="DDI-DrugBank.d542.s2" text="The clinical relevance of this finding is unclear."/>
    <sentence id="DDI-DrugBank.d542.s3" text="Other: Concomitant alcohol or hot drinks may increase the side effects of flushing and pruritus and should be avoided at the time of drug ingestion.">
        <entity id="DDI-DrugBank.d542.s3.e0" charOffset="19-25"
            type="drug" text="alcohol"/>
    </sentence>
</document>
